Namespace(model_name='COR_G', dataset='yelp', data_path='../data/', log_name='yelp_corg', lr=0.001, wd=0.05, batch_size=1024, mlp_dims='[600,400]', mlp_p1_1_dims='[200,300]', mlp_p1_2_dims='[1]', mlp_p2_dims='[]', mlp_p3_dims='[20]', Z1_hidden_size=8, E2_hidden_size=20, Z2_hidden_size=20, total_anneal_steps=0, anneal_cap=0.5, sample_freq=3, CI=1, bn=1, dropout=0.5, regs=0.0, epochs=1000, topN='[10, 20, 50, 100]', cuda=False, gpu='0', ood_test=True, save_path='./models/', act_function='tanh', ood_finetune=False, ckpt=None, X=10)
using device cpu
n_users: 7975
n_items: 74722
n_users: 7975
n_items: 74722
------------------------------------------------------
Runing Epoch 001 valid loss 341.2849 costs 00: 00: 13
[Valid]: Precision: 0.0015-0.0014-0.0011-0.0009 Recall: 0.007-0.0124-0.0235-0.0358 NDCG: 0.0052-0.0067-0.0094-0.0118 MRR: 0.0073-0.0081-0.0089-0.0093
[Test]: Precision: 0.0016-0.0013-0.0011-0.0009 Recall: 0.0079-0.0126-0.0248-0.0385 NDCG: 0.0053-0.0066-0.0095-0.0121 MRR: 0.0065-0.0071-0.008-0.0084
------------------------------------------------------
ood testing
[Valid]: Precision: 0.001-0.0008-0.0007-0.0005 Recall: 0.0087-0.0131-0.0309-0.0469 NDCG: 0.0059-0.0071-0.0108-0.0135 MRR: 0.0054-0.0058-0.0065-0.0067
[Test]: Precision: 0.0011-0.001-0.0007-0.0005 Recall: 0.0094-0.0166-0.0329-0.0482 NDCG: 0.0062-0.008-0.0113-0.0139 MRR: 0.0056-0.0061-0.0067-0.0069
------------------------------------------------------
------------------------------------------------------
Runing Epoch 002 valid loss 338.7958 costs 00: 00: 13
[Valid]: Precision: 0.0027-0.0019-0.0013-0.0012 Recall: 0.0131-0.0185-0.0286-0.051 NDCG: 0.0083-0.0097-0.0121-0.0164 MRR: 0.0104-0.0112-0.0119-0.0125
[Test]: Precision: 0.0025-0.0019-0.0013-0.0012 Recall: 0.014-0.0188-0.0303-0.0531 NDCG: 0.0079-0.0094-0.0121-0.0166 MRR: 0.0087-0.0095-0.0103-0.0109
------------------------------------------------------
ood testing
[Valid]: Precision: 0.002-0.0013-0.0009-0.0007 Recall: 0.0169-0.0226-0.0392-0.0639 NDCG: 0.0092-0.0107-0.0141-0.0182 MRR: 0.0074-0.0079-0.0084-0.0088
[Test]: Precision: 0.002-0.0014-0.0009-0.0008 Recall: 0.0178-0.0248-0.0409-0.0693 NDCG: 0.0096-0.0114-0.0146-0.0193 MRR: 0.0076-0.0081-0.0087-0.0091
------------------------------------------------------
------------------------------------------------------
Runing Epoch 003 valid loss 336.8118 costs 00: 00: 13
[Valid]: Precision: 0.0026-0.0021-0.0016-0.0013 Recall: 0.0131-0.02-0.0365-0.0591 NDCG: 0.0083-0.0103-0.0141-0.0184 MRR: 0.0105-0.0116-0.0126-0.0132
[Test]: Precision: 0.0024-0.002-0.0017-0.0014 Recall: 0.0131-0.0199-0.0395-0.0612 NDCG: 0.0078-0.0098-0.0143-0.0186 MRR: 0.0087-0.0098-0.0109-0.0115
------------------------------------------------------
ood testing
[Valid]: Precision: 0.002-0.0015-0.0011-0.0009 Recall: 0.0172-0.0251-0.0485-0.0746 NDCG: 0.0095-0.0116-0.0162-0.0206 MRR: 0.0076-0.0083-0.0091-0.0095
[Test]: Precision: 0.0019-0.0015-0.0012-0.0009 Recall: 0.0172-0.0275-0.0526-0.0779 NDCG: 0.0095-0.0122-0.0172-0.0214 MRR: 0.0077-0.0085-0.0093-0.0097
------------------------------------------------------
------------------------------------------------------
Runing Epoch 004 valid loss 335.3552 costs 00: 00: 13
[Valid]: Precision: 0.0029-0.0022-0.0017-0.0014 Recall: 0.0143-0.021-0.0402-0.0626 NDCG: 0.0088-0.0107-0.0151-0.0194 MRR: 0.0108-0.0118-0.013-0.0136
[Test]: Precision: 0.0025-0.0021-0.0018-0.0014 Recall: 0.0137-0.0211-0.0428-0.0655 NDCG: 0.008-0.0102-0.0152-0.0196 MRR: 0.0089-0.0099-0.0113-0.0119
------------------------------------------------------
ood testing
[Valid]: Precision: 0.0021-0.0015-0.0012-0.001 Recall: 0.018-0.0268-0.0526-0.0821 NDCG: 0.0097-0.012-0.0172-0.0221 MRR: 0.0077-0.0084-0.0093-0.0098
[Test]: Precision: 0.0021-0.0016-0.0013-0.001 Recall: 0.0192-0.0291-0.0587-0.0837 NDCG: 0.0102-0.0127-0.0186-0.0228 MRR: 0.008-0.0087-0.0097-0.0101
------------------------------------------------------
------------------------------------------------------
Runing Epoch 005 valid loss 334.2189 costs 00: 00: 14
[Valid]: Precision: 0.003-0.0023-0.0018-0.0014 Recall: 0.0149-0.0213-0.0425-0.0642 NDCG: 0.0091-0.0109-0.0158-0.02 MRR: 0.011-0.012-0.0133-0.0139
[Test]: Precision: 0.0025-0.0021-0.0019-0.0015 Recall: 0.0135-0.0212-0.0446-0.0689 NDCG: 0.008-0.0103-0.0158-0.0204 MRR: 0.0089-0.0101-0.0115-0.0122
------------------------------------------------------
ood testing
[Valid]: Precision: 0.0022-0.0015-0.0013-0.001 Recall: 0.0187-0.0269-0.0542-0.0842 NDCG: 0.0101-0.0122-0.0178-0.0228 MRR: 0.008-0.0086-0.0096-0.0101
[Test]: Precision: 0.0022-0.0016-0.0013-0.001 Recall: 0.0196-0.0282-0.0599-0.087 NDCG: 0.0104-0.0127-0.0191-0.0236 MRR: 0.0082-0.0088-0.0099-0.0104
------------------------------------------------------
------------------------------------------------------
Runing Epoch 006 valid loss 333.2928 costs 00: 00: 13
[Valid]: Precision: 0.0031-0.0025-0.0019-0.0014 Recall: 0.0152-0.0238-0.0437-0.0648 NDCG: 0.0092-0.0116-0.0162-0.0203 MRR: 0.0111-0.0123-0.0135-0.0141
[Test]: Precision: 0.0026-0.0024-0.0019-0.0015 Recall: 0.0139-0.0242-0.0457-0.0693 NDCG: 0.0082-0.0111-0.0161-0.0207 MRR: 0.0091-0.0104-0.0117-0.0124
------------------------------------------------------
ood testing
[Valid]: Precision: 0.0022-0.0016-0.0013-0.001 Recall: 0.0194-0.0287-0.0566-0.086 NDCG: 0.0103-0.0127-0.0183-0.0232 MRR: 0.0081-0.0088-0.0097-0.0102
[Test]: Precision: 0.0023-0.0018-0.0014-0.001 Recall: 0.0203-0.0321-0.0607-0.0879 NDCG: 0.0107-0.0136-0.0194-0.0239 MRR: 0.0083-0.0091-0.0101-0.0105
------------------------------------------------------
------------------------------------------------------
Runing Epoch 007 valid loss 332.4842 costs 00: 00: 13
[Valid]: Precision: 0.003-0.0026-0.0019-0.0014 Recall: 0.0152-0.024-0.0446-0.0649 NDCG: 0.0094-0.012-0.0167-0.0207 MRR: 0.0114-0.0127-0.0139-0.0145
[Test]: Precision: 0.0026-0.0025-0.0019-0.0015 Recall: 0.0139-0.0248-0.0463-0.0703 NDCG: 0.0084-0.0116-0.0166-0.0212 MRR: 0.0095-0.0111-0.0123-0.013
------------------------------------------------------
ood testing
[Valid]: Precision: 0.0022-0.0017-0.0013-0.001 Recall: 0.0193-0.0304-0.0579-0.0883 NDCG: 0.0105-0.0134-0.019-0.024 MRR: 0.0084-0.0092-0.0102-0.0107
[Test]: Precision: 0.0022-0.0019-0.0014-0.001 Recall: 0.0202-0.0334-0.0618-0.0883 NDCG: 0.0109-0.0143-0.02-0.0245 MRR: 0.0086-0.0096-0.0106-0.011
------------------------------------------------------
------------------------------------------------------
Runing Epoch 008 valid loss 331.8152 costs 00: 00: 13
[Valid]: Precision: 0.0031-0.0027-0.0019-0.0015 Recall: 0.0151-0.026-0.0444-0.0665 NDCG: 0.0094-0.0125-0.0168-0.0211 MRR: 0.0115-0.013-0.0142-0.0148
[Test]: Precision: 0.0026-0.0026-0.0019-0.0015 Recall: 0.0136-0.026-0.0465-0.0721 NDCG: 0.0088-0.0124-0.0172-0.0221 MRR: 0.0104-0.0121-0.0133-0.014
------------------------------------------------------
ood testing
[Valid]: Precision: 0.0023-0.0018-0.0014-0.001 Recall: 0.0196-0.0315-0.0581-0.0884 NDCG: 0.0103-0.0134-0.0188-0.0239 MRR: 0.0082-0.0092-0.0101-0.0106
[Test]: Precision: 0.0023-0.0019-0.0014-0.001 Recall: 0.0203-0.0336-0.0606-0.0894 NDCG: 0.0107-0.0142-0.0197-0.0245 MRR: 0.0085-0.0095-0.0105-0.0109
------------------------------------------------------
------------------------------------------------------
Runing Epoch 009 valid loss 331.2278 costs 00: 00: 12
[Valid]: Precision: 0.0031-0.0028-0.0019-0.0015 Recall: 0.0155-0.0267-0.045-0.0663 NDCG: 0.0095-0.0127-0.017-0.0211 MRR: 0.0115-0.0131-0.0142-0.0148
[Test]: Precision: 0.0027-0.0026-0.0019-0.0015 Recall: 0.014-0.0269-0.0473-0.0731 NDCG: 0.009-0.0127-0.0174-0.0223 MRR: 0.0104-0.0122-0.0134-0.0141
------------------------------------------------------
ood testing
[Valid]: Precision: 0.0023-0.0018-0.0014-0.001 Recall: 0.0199-0.0316-0.0595-0.089 NDCG: 0.0104-0.0134-0.0191-0.0241 MRR: 0.0082-0.0092-0.0102-0.0106
[Test]: Precision: 0.0023-0.0019-0.0014-0.001 Recall: 0.0206-0.0342-0.0621-0.0899 NDCG: 0.0108-0.0143-0.02-0.0246 MRR: 0.0085-0.0095-0.0105-0.0109
------------------------------------------------------
------------------------------------------------------
Runing Epoch 010 valid loss 330.7442 costs 00: 00: 13
[Valid]: Precision: 0.0033-0.0029-0.0019-0.0015 Recall: 0.0159-0.0277-0.0453-0.0671 NDCG: 0.0097-0.0129-0.017-0.0213 MRR: 0.0117-0.0132-0.0142-0.0148
[Test]: Precision: 0.0028-0.0027-0.0019-0.0015 Recall: 0.015-0.0269-0.0483-0.0725 NDCG: 0.0093-0.0128-0.0176-0.0223 MRR: 0.0105-0.0122-0.0134-0.0141
------------------------------------------------------
ood testing
[Valid]: Precision: 0.0023-0.0019-0.0014-0.001 Recall: 0.0205-0.0325-0.0598-0.0898 NDCG: 0.0106-0.0137-0.0193-0.0243 MRR: 0.0083-0.0092-0.0102-0.0107
[Test]: Precision: 0.0023-0.0019-0.0014-0.001 Recall: 0.0209-0.0345-0.0627-0.0901 NDCG: 0.0109-0.0144-0.0201-0.0247 MRR: 0.0086-0.0096-0.0105-0.011
------------------------------------------------------
------------------------------------------------------
Runing Epoch 011 valid loss 330.3656 costs 00: 00: 13
[Valid]: Precision: 0.0032-0.0028-0.0019-0.0015 Recall: 0.016-0.0267-0.0453-0.0676 NDCG: 0.0097-0.0128-0.0171-0.0214 MRR: 0.0117-0.0132-0.0143-0.0149
[Test]: Precision: 0.0028-0.0027-0.0019-0.0015 Recall: 0.0148-0.0268-0.0482-0.0729 NDCG: 0.0092-0.0127-0.0176-0.0223 MRR: 0.0106-0.0122-0.0134-0.0141
------------------------------------------------------
ood testing
[Valid]: Precision: 0.0024-0.0019-0.0014-0.0011 Recall: 0.0207-0.0333-0.06-0.091 NDCG: 0.0107-0.0139-0.0194-0.0245 MRR: 0.0083-0.0093-0.0103-0.0107
[Test]: Precision: 0.0024-0.002-0.0014-0.001 Recall: 0.021-0.0347-0.0629-0.0904 NDCG: 0.0109-0.0145-0.0202-0.0248 MRR: 0.0086-0.0096-0.0106-0.011
------------------------------------------------------
------------------------------------------------------
Runing Epoch 012 valid loss 330.0319 costs 00: 00: 14
[Valid]: Precision: 0.0033-0.0028-0.0019-0.0015 Recall: 0.0161-0.0273-0.0458-0.067 NDCG: 0.0098-0.0129-0.0172-0.0213 MRR: 0.0117-0.0132-0.0143-0.0149
[Test]: Precision: 0.003-0.0026-0.0019-0.0015 Recall: 0.0153-0.0261-0.0485-0.0728 NDCG: 0.0095-0.0126-0.0177-0.0223 MRR: 0.0108-0.0122-0.0135-0.0142
------------------------------------------------------
ood testing
[Valid]: Precision: 0.0023-0.0019-0.0014-0.0011 Recall: 0.0203-0.0338-0.0603-0.0905 NDCG: 0.0105-0.014-0.0194-0.0244 MRR: 0.0083-0.0093-0.0103-0.0107
[Test]: Precision: 0.0023-0.002-0.0014-0.001 Recall: 0.0207-0.035-0.063-0.0906 NDCG: 0.0109-0.0146-0.0202-0.0248 MRR: 0.0086-0.0097-0.0106-0.011
------------------------------------------------------
------------------------------------------------------
Runing Epoch 013 valid loss 329.7369 costs 00: 00: 14
[Valid]: Precision: 0.0034-0.0029-0.002-0.0015 Recall: 0.017-0.0279-0.0461-0.0673 NDCG: 0.0102-0.0131-0.0174-0.0214 MRR: 0.012-0.0133-0.0145-0.015
[Test]: Precision: 0.003-0.0026-0.002-0.0015 Recall: 0.0155-0.0262-0.0486-0.0722 NDCG: 0.0096-0.0127-0.0178-0.0223 MRR: 0.011-0.0124-0.0137-0.0144
------------------------------------------------------
ood testing
[Valid]: Precision: 0.0024-0.002-0.0014-0.0011 Recall: 0.0208-0.0345-0.0608-0.091 NDCG: 0.0108-0.0143-0.0196-0.0246 MRR: 0.0084-0.0095-0.0104-0.0108
[Test]: Precision: 0.0024-0.002-0.0014-0.001 Recall: 0.0214-0.0347-0.0632-0.091 NDCG: 0.0111-0.0146-0.0203-0.0249 MRR: 0.0087-0.0097-0.0107-0.0111
------------------------------------------------------
------------------------------------------------------
Runing Epoch 014 valid loss 329.5034 costs 00: 00: 15
[Valid]: Precision: 0.0034-0.0029-0.0019-0.0015 Recall: 0.017-0.0279-0.0457-0.0669 NDCG: 0.0102-0.0132-0.0173-0.0214 MRR: 0.0121-0.0134-0.0145-0.0151
[Test]: Precision: 0.003-0.0026-0.002-0.0015 Recall: 0.0155-0.0263-0.049-0.0727 NDCG: 0.0096-0.0127-0.0179-0.0224 MRR: 0.0111-0.0125-0.0138-0.0144
------------------------------------------------------
ood testing
[Valid]: Precision: 0.0024-0.002-0.0014-0.0011 Recall: 0.0208-0.0344-0.0606-0.0907 NDCG: 0.0107-0.0142-0.0196-0.0246 MRR: 0.0084-0.0094-0.0104-0.0108
[Test]: Precision: 0.0024-0.002-0.0014-0.001 Recall: 0.0214-0.0348-0.0626-0.091 NDCG: 0.0111-0.0146-0.0202-0.025 MRR: 0.0087-0.0097-0.0107-0.0112
------------------------------------------------------
------------------------------------------------------
Runing Epoch 015 valid loss 329.2839 costs 00: 00: 13
[Valid]: Precision: 0.0033-0.0028-0.0019-0.0015 Recall: 0.0164-0.028-0.0456-0.0671 NDCG: 0.01-0.0132-0.0173-0.0214 MRR: 0.012-0.0134-0.0145-0.0151
[Test]: Precision: 0.0031-0.0026-0.002-0.0015 Recall: 0.0158-0.0264-0.0493-0.0728 NDCG: 0.0098-0.0128-0.018-0.0225 MRR: 0.0112-0.0125-0.0139-0.0145
------------------------------------------------------
ood testing
[Valid]: Precision: 0.0023-0.002-0.0014-0.0011 Recall: 0.0205-0.0342-0.0606-0.091 NDCG: 0.0106-0.0142-0.0196-0.0246 MRR: 0.0083-0.0094-0.0104-0.0108
[Test]: Precision: 0.0025-0.002-0.0014-0.001 Recall: 0.0218-0.0349-0.0628-0.0914 NDCG: 0.0113-0.0146-0.0203-0.0251 MRR: 0.0088-0.0098-0.0107-0.0112
------------------------------------------------------
------------------------------------------------------
Runing Epoch 016 valid loss 329.1031 costs 00: 00: 12
[Valid]: Precision: 0.0033-0.0028-0.002-0.0015 Recall: 0.0164-0.028-0.0457-0.0672 NDCG: 0.01-0.0132-0.0173-0.0214 MRR: 0.012-0.0134-0.0145-0.0151
[Test]: Precision: 0.0031-0.0026-0.002-0.0015 Recall: 0.0158-0.0264-0.0495-0.0725 NDCG: 0.0098-0.0128-0.018-0.0225 MRR: 0.0112-0.0125-0.0139-0.0145
------------------------------------------------------
ood testing
[Valid]: Precision: 0.0023-0.002-0.0014-0.0011 Recall: 0.0205-0.0342-0.0606-0.0906 NDCG: 0.0106-0.0142-0.0196-0.0246 MRR: 0.0083-0.0094-0.0104-0.0108
[Test]: Precision: 0.0025-0.002-0.0014-0.001 Recall: 0.0218-0.0349-0.0628-0.0904 NDCG: 0.0113-0.0146-0.0203-0.0249 MRR: 0.0088-0.0098-0.0108-0.0112
------------------------------------------------------
------------------------------------------------------
Runing Epoch 017 valid loss 328.9429 costs 00: 00: 12
[Valid]: Precision: 0.0033-0.0028-0.002-0.0015 Recall: 0.0163-0.028-0.0458-0.0674 NDCG: 0.01-0.0132-0.0173-0.0215 MRR: 0.0119-0.0134-0.0145-0.0151
[Test]: Precision: 0.0031-0.0026-0.002-0.0015 Recall: 0.0163-0.0264-0.0498-0.0725 NDCG: 0.0099-0.0128-0.0181-0.0225 MRR: 0.0112-0.0125-0.0139-0.0145
------------------------------------------------------
ood testing
[Valid]: Precision: 0.0024-0.002-0.0014-0.0011 Recall: 0.0208-0.0342-0.0607-0.0911 NDCG: 0.0107-0.0142-0.0196-0.0247 MRR: 0.0084-0.0094-0.0104-0.0109
[Test]: Precision: 0.0025-0.002-0.0014-0.001 Recall: 0.0223-0.0349-0.0634-0.0906 NDCG: 0.0114-0.0146-0.0204-0.0249 MRR: 0.0088-0.0098-0.0108-0.0112
------------------------------------------------------
------------------------------------------------------
Runing Epoch 018 valid loss 328.7977 costs 00: 00: 12
[Valid]: Precision: 0.0033-0.0029-0.002-0.0015 Recall: 0.0159-0.0283-0.0466-0.0671 NDCG: 0.0098-0.0132-0.0175-0.0214 MRR: 0.0119-0.0134-0.0145-0.0151
[Test]: Precision: 0.0031-0.0026-0.002-0.0015 Recall: 0.016-0.0264-0.0496-0.0725 NDCG: 0.0099-0.0128-0.0181-0.0225 MRR: 0.0112-0.0126-0.0139-0.0145
------------------------------------------------------
ood testing
[Valid]: Precision: 0.0024-0.002-0.0014-0.0011 Recall: 0.0209-0.0342-0.0611-0.0917 NDCG: 0.0108-0.0142-0.0197-0.0248 MRR: 0.0084-0.0095-0.0104-0.0109
[Test]: Precision: 0.0025-0.002-0.0014-0.001 Recall: 0.0215-0.0349-0.0637-0.0906 NDCG: 0.0112-0.0146-0.0205-0.0249 MRR: 0.0088-0.0098-0.0108-0.0112
------------------------------------------------------
------------------------------------------------------
Runing Epoch 019 valid loss 328.6802 costs 00: 00: 12
[Valid]: Precision: 0.0033-0.0029-0.002-0.0015 Recall: 0.0159-0.0285-0.0461-0.0672 NDCG: 0.0098-0.0132-0.0173-0.0214 MRR: 0.0118-0.0133-0.0144-0.0149
[Test]: Precision: 0.0031-0.0026-0.002-0.0015 Recall: 0.0159-0.0264-0.0491-0.0725 NDCG: 0.0097-0.0127-0.0178-0.0224 MRR: 0.011-0.0124-0.0137-0.0143
------------------------------------------------------
ood testing
[Valid]: Precision: 0.0024-0.002-0.0014-0.0011 Recall: 0.0206-0.0342-0.0603-0.0914 NDCG: 0.0105-0.0141-0.0194-0.0246 MRR: 0.0082-0.0092-0.0102-0.0107
[Test]: Precision: 0.0024-0.002-0.0014-0.001 Recall: 0.0212-0.0349-0.0632-0.0906 NDCG: 0.011-0.0145-0.0202-0.0248 MRR: 0.0086-0.0096-0.0106-0.011
------------------------------------------------------
------------------------------------------------------
Runing Epoch 020 valid loss 328.5866 costs 00: 00: 13
[Valid]: Precision: 0.0033-0.0029-0.002-0.0015 Recall: 0.0159-0.0285-0.0466-0.0671 NDCG: 0.0098-0.0132-0.0174-0.0214 MRR: 0.0118-0.0133-0.0144-0.0149
[Test]: Precision: 0.0031-0.0026-0.002-0.0015 Recall: 0.0159-0.0264-0.0496-0.0726 NDCG: 0.0097-0.0127-0.0179-0.0224 MRR: 0.011-0.0124-0.0137-0.0143
------------------------------------------------------
ood testing
[Valid]: Precision: 0.0024-0.002-0.0014-0.0011 Recall: 0.0206-0.0342-0.0611-0.0908 NDCG: 0.0105-0.0141-0.0195-0.0245 MRR: 0.0082-0.0092-0.0102-0.0107
[Test]: Precision: 0.0024-0.002-0.0014-0.001 Recall: 0.0212-0.0349-0.0634-0.0913 NDCG: 0.011-0.0145-0.0203-0.0249 MRR: 0.0086-0.0096-0.0106-0.011
------------------------------------------------------
------------------------------------------------------
Runing Epoch 021 valid loss 328.5199 costs 00: 00: 14
[Valid]: Precision: 0.0032-0.0029-0.002-0.0015 Recall: 0.0153-0.0285-0.0464-0.0667 NDCG: 0.0096-0.0132-0.0174-0.0213 MRR: 0.0116-0.0133-0.0144-0.0149
[Test]: Precision: 0.003-0.0026-0.002-0.0015 Recall: 0.0156-0.0264-0.0489-0.0728 NDCG: 0.0096-0.0127-0.0178-0.0224 MRR: 0.0109-0.0123-0.0136-0.0143
------------------------------------------------------
ood testing
[Valid]: Precision: 0.0024-0.002-0.0014-0.0011 Recall: 0.0212-0.0342-0.0609-0.0911 NDCG: 0.0107-0.0141-0.0195-0.0245 MRR: 0.0082-0.0092-0.0102-0.0107
[Test]: Precision: 0.0025-0.002-0.0014-0.001 Recall: 0.0214-0.0349-0.0633-0.0908 NDCG: 0.011-0.0145-0.0203-0.0248 MRR: 0.0086-0.0096-0.0106-0.011
------------------------------------------------------
------------------------------------------------------
Runing Epoch 022 valid loss 328.4236 costs 00: 00: 14
[Valid]: Precision: 0.0033-0.0029-0.002-0.0015 Recall: 0.0159-0.0285-0.046-0.0666 NDCG: 0.0098-0.0132-0.0173-0.0213 MRR: 0.0117-0.0133-0.0144-0.0149
[Test]: Precision: 0.0031-0.0026-0.002-0.0015 Recall: 0.0159-0.0264-0.0495-0.0729 NDCG: 0.0097-0.0127-0.0179-0.0224 MRR: 0.011-0.0123-0.0137-0.0143
------------------------------------------------------
ood testing
[Valid]: Precision: 0.0024-0.002-0.0014-0.0011 Recall: 0.0206-0.0341-0.061-0.0912 NDCG: 0.0105-0.0141-0.0195-0.0246 MRR: 0.0082-0.0092-0.0102-0.0107
[Test]: Precision: 0.0024-0.002-0.0014-0.001 Recall: 0.0212-0.0349-0.0637-0.0908 NDCG: 0.0109-0.0145-0.0203-0.0248 MRR: 0.0085-0.0096-0.0106-0.011
------------------------------------------------------
------------------------------------------------------
Runing Epoch 023 valid loss 328.3717 costs 00: 00: 13
[Valid]: Precision: 0.0032-0.0029-0.002-0.0015 Recall: 0.0153-0.0285-0.0461-0.0668 NDCG: 0.0094-0.013-0.0171-0.0211 MRR: 0.0112-0.0129-0.014-0.0145
[Test]: Precision: 0.003-0.0026-0.002-0.0015 Recall: 0.0156-0.0266-0.0495-0.0725 NDCG: 0.0094-0.0125-0.0177-0.0222 MRR: 0.0109-0.0123-0.0136-0.0143
------------------------------------------------------
ood testing
[Valid]: Precision: 0.0024-0.0019-0.0014-0.0011 Recall: 0.0212-0.034-0.0611-0.0916 NDCG: 0.0104-0.0138-0.0193-0.0244 MRR: 0.0079-0.0089-0.0099-0.0104
[Test]: Precision: 0.0025-0.002-0.0014-0.001 Recall: 0.0214-0.0354-0.064-0.0909 NDCG: 0.0107-0.0143-0.0201-0.0246 MRR: 0.0082-0.0093-0.0103-0.0107
------------------------------------------------------
------------------------------------------------------
Runing Epoch 024 valid loss 328.3221 costs 00: 00: 14
[Valid]: Precision: 0.0032-0.0029-0.002-0.0015 Recall: 0.0153-0.0285-0.0461-0.0668 NDCG: 0.0094-0.013-0.0171-0.0211 MRR: 0.0112-0.0129-0.014-0.0145
[Test]: Precision: 0.003-0.0026-0.002-0.0015 Recall: 0.0156-0.0266-0.0496-0.0724 NDCG: 0.0094-0.0126-0.0177-0.0222 MRR: 0.0109-0.0123-0.0136-0.0143
------------------------------------------------------
ood testing
[Valid]: Precision: 0.0024-0.0019-0.0014-0.0011 Recall: 0.0212-0.034-0.0611-0.0917 NDCG: 0.0104-0.0138-0.0193-0.0244 MRR: 0.0079-0.0089-0.0099-0.0104
[Test]: Precision: 0.0025-0.002-0.0014-0.001 Recall: 0.0214-0.0354-0.0642-0.0911 NDCG: 0.0107-0.0143-0.0201-0.0246 MRR: 0.0082-0.0093-0.0103-0.0107
------------------------------------------------------
------------------------------------------------------
Runing Epoch 025 valid loss 328.2987 costs 00: 00: 14
[Valid]: Precision: 0.0032-0.0029-0.002-0.0015 Recall: 0.0154-0.0286-0.0455-0.0666 NDCG: 0.0094-0.0131-0.017-0.0211 MRR: 0.0113-0.0129-0.014-0.0145
[Test]: Precision: 0.003-0.0026-0.002-0.0015 Recall: 0.0156-0.0267-0.0495-0.0724 NDCG: 0.0094-0.0126-0.0177-0.0222 MRR: 0.0109-0.0123-0.0136-0.0143
------------------------------------------------------
ood testing
[Valid]: Precision: 0.0024-0.0019-0.0014-0.0011 Recall: 0.0212-0.034-0.0605-0.0915 NDCG: 0.0104-0.0138-0.0192-0.0244 MRR: 0.0079-0.0089-0.0099-0.0104
[Test]: Precision: 0.0025-0.002-0.0014-0.001 Recall: 0.0215-0.0354-0.0636-0.0908 NDCG: 0.0108-0.0143-0.02-0.0246 MRR: 0.0083-0.0093-0.0102-0.0107
------------------------------------------------------
------------------------------------------------------
Runing Epoch 026 valid loss 328.2365 costs 00: 00: 13
[Valid]: Precision: 0.0032-0.0029-0.002-0.0015 Recall: 0.0154-0.0286-0.0458-0.0668 NDCG: 0.0094-0.0131-0.0171-0.0211 MRR: 0.0113-0.0129-0.014-0.0145
[Test]: Precision: 0.003-0.0026-0.002-0.0015 Recall: 0.0156-0.0268-0.0492-0.0724 NDCG: 0.0094-0.0126-0.0177-0.0222 MRR: 0.0109-0.0124-0.0136-0.0143
------------------------------------------------------
ood testing
[Valid]: Precision: 0.0024-0.002-0.0014-0.0011 Recall: 0.0212-0.0341-0.0604-0.0914 NDCG: 0.0104-0.0138-0.0192-0.0243 MRR: 0.0079-0.0089-0.0099-0.0104
[Test]: Precision: 0.0025-0.002-0.0014-0.001 Recall: 0.0215-0.0354-0.0629-0.0908 NDCG: 0.0108-0.0143-0.0199-0.0246 MRR: 0.0083-0.0093-0.0102-0.0107
------------------------------------------------------
------------------------------------------------------
Runing Epoch 027 valid loss 328.2053 costs 00: 00: 13
[Valid]: Precision: 0.0032-0.0029-0.002-0.0015 Recall: 0.0152-0.0286-0.0461-0.0664 NDCG: 0.0094-0.0131-0.0171-0.0211 MRR: 0.0113-0.0129-0.014-0.0145
[Test]: Precision: 0.0031-0.0026-0.002-0.0015 Recall: 0.0158-0.0267-0.0494-0.0724 NDCG: 0.0095-0.0126-0.0177-0.0222 MRR: 0.0109-0.0123-0.0136-0.0143
------------------------------------------------------
ood testing
[Valid]: Precision: 0.0024-0.0019-0.0014-0.0011 Recall: 0.0213-0.034-0.061-0.0917 NDCG: 0.0105-0.0138-0.0193-0.0244 MRR: 0.0079-0.0089-0.0099-0.0104
[Test]: Precision: 0.0025-0.002-0.0014-0.001 Recall: 0.0219-0.0354-0.0637-0.091 NDCG: 0.0109-0.0143-0.02-0.0246 MRR: 0.0083-0.0093-0.0102-0.0107
------------------------------------------------------
------------------------------------------------------
Runing Epoch 028 valid loss 328.1954 costs 00: 00: 13
[Valid]: Precision: 0.0032-0.0029-0.002-0.0015 Recall: 0.0152-0.0286-0.0459-0.0666 NDCG: 0.0094-0.0131-0.0171-0.0211 MRR: 0.0113-0.0129-0.014-0.0145
[Test]: Precision: 0.0031-0.0026-0.002-0.0015 Recall: 0.0158-0.0267-0.0495-0.0725 NDCG: 0.0095-0.0126-0.0177-0.0222 MRR: 0.0109-0.0123-0.0136-0.0143
------------------------------------------------------
ood testing
[Valid]: Precision: 0.0024-0.0019-0.0014-0.0011 Recall: 0.0213-0.034-0.0606-0.0916 NDCG: 0.0105-0.0138-0.0192-0.0244 MRR: 0.0079-0.0089-0.0099-0.0104
[Test]: Precision: 0.0025-0.002-0.0014-0.001 Recall: 0.0219-0.0354-0.0632-0.0909 NDCG: 0.0109-0.0143-0.02-0.0246 MRR: 0.0083-0.0093-0.0102-0.0107
------------------------------------------------------
------------------------------------------------------
Runing Epoch 029 valid loss 328.1944 costs 00: 00: 13
[Valid]: Precision: 0.0032-0.0029-0.002-0.0015 Recall: 0.0152-0.0286-0.0457-0.0667 NDCG: 0.0094-0.0131-0.0171-0.0211 MRR: 0.0113-0.0129-0.014-0.0145
[Test]: Precision: 0.0031-0.0026-0.002-0.0015 Recall: 0.0158-0.0267-0.0493-0.0726 NDCG: 0.0095-0.0126-0.0177-0.0222 MRR: 0.0109-0.0123-0.0136-0.0143
------------------------------------------------------
ood testing
[Valid]: Precision: 0.0024-0.0019-0.0014-0.0011 Recall: 0.0213-0.034-0.0607-0.0912 NDCG: 0.0105-0.0138-0.0192-0.0243 MRR: 0.0079-0.0089-0.0099-0.0104
[Test]: Precision: 0.0025-0.002-0.0014-0.001 Recall: 0.0219-0.0354-0.063-0.0906 NDCG: 0.0109-0.0143-0.0199-0.0245 MRR: 0.0083-0.0093-0.0102-0.0107
------------------------------------------------------
------------------------------------------------------
Runing Epoch 030 valid loss 328.1570 costs 00: 00: 13
[Valid]: Precision: 0.0031-0.0029-0.002-0.0015 Recall: 0.0151-0.0286-0.0457-0.0665 NDCG: 0.0093-0.013-0.017-0.0211 MRR: 0.0111-0.0128-0.0139-0.0144
[Test]: Precision: 0.0031-0.0026-0.002-0.0015 Recall: 0.0159-0.0267-0.0494-0.0723 NDCG: 0.0095-0.0125-0.0176-0.0221 MRR: 0.0108-0.0122-0.0135-0.0142
------------------------------------------------------
ood testing
[Valid]: Precision: 0.0024-0.0019-0.0014-0.0011 Recall: 0.0213-0.034-0.0607-0.0916 NDCG: 0.0105-0.0138-0.0193-0.0244 MRR: 0.008-0.009-0.01-0.0105
[Test]: Precision: 0.0025-0.002-0.0014-0.001 Recall: 0.0217-0.0354-0.063-0.0908 NDCG: 0.0108-0.0143-0.0199-0.0246 MRR: 0.0083-0.0093-0.0102-0.0107
------------------------------------------------------
------------------------------------------------------
Runing Epoch 031 valid loss 328.1643 costs 00: 00: 13
[Valid]: Precision: 0.0032-0.0028-0.002-0.0015 Recall: 0.0152-0.0283-0.0461-0.0665 NDCG: 0.0094-0.013-0.0172-0.0211 MRR: 0.0113-0.0129-0.014-0.0145
[Test]: Precision: 0.0031-0.0026-0.002-0.0015 Recall: 0.0158-0.0265-0.0492-0.0724 NDCG: 0.0095-0.0125-0.0177-0.0222 MRR: 0.0109-0.0123-0.0136-0.0143
------------------------------------------------------
ood testing
[Valid]: Precision: 0.0024-0.002-0.0014-0.0011 Recall: 0.0213-0.035-0.0613-0.0916 NDCG: 0.0105-0.014-0.0193-0.0244 MRR: 0.0079-0.009-0.0099-0.0104
[Test]: Precision: 0.0025-0.002-0.0014-0.001 Recall: 0.0219-0.0362-0.0637-0.0908 NDCG: 0.0109-0.0145-0.02-0.0246 MRR: 0.0083-0.0093-0.0102-0.0107
------------------------------------------------------
------------------------------------------------------
Runing Epoch 032 valid loss 328.1487 costs 00: 00: 13
[Valid]: Precision: 0.0032-0.0028-0.002-0.0015 Recall: 0.0152-0.0283-0.0459-0.0667 NDCG: 0.0094-0.013-0.0171-0.0211 MRR: 0.0113-0.0129-0.014-0.0145
[Test]: Precision: 0.0031-0.0026-0.002-0.0015 Recall: 0.0158-0.0265-0.049-0.072 NDCG: 0.0095-0.0125-0.0176-0.0221 MRR: 0.0109-0.0123-0.0136-0.0143
------------------------------------------------------
ood testing
[Valid]: Precision: 0.0024-0.002-0.0014-0.0011 Recall: 0.0213-0.035-0.0606-0.0914 NDCG: 0.0105-0.014-0.0192-0.0243 MRR: 0.0079-0.009-0.0099-0.0104
[Test]: Precision: 0.0025-0.002-0.0014-0.001 Recall: 0.0219-0.0362-0.0631-0.0908 NDCG: 0.0109-0.0145-0.0199-0.0245 MRR: 0.0083-0.0093-0.0102-0.0107
------------------------------------------------------
------------------------------------------------------
Runing Epoch 033 valid loss 328.1292 costs 00: 00: 13
[Valid]: Precision: 0.0032-0.0028-0.002-0.0015 Recall: 0.0152-0.0283-0.0457-0.0666 NDCG: 0.0094-0.013-0.0171-0.0211 MRR: 0.0113-0.0129-0.014-0.0145
[Test]: Precision: 0.0031-0.0026-0.0019-0.0015 Recall: 0.0158-0.0265-0.0487-0.0721 NDCG: 0.0095-0.0125-0.0176-0.0222 MRR: 0.0109-0.0123-0.0136-0.0143
------------------------------------------------------
ood testing
[Valid]: Precision: 0.0024-0.002-0.0014-0.0011 Recall: 0.0213-0.035-0.0607-0.0915 NDCG: 0.0105-0.014-0.0192-0.0244 MRR: 0.0079-0.009-0.0099-0.0104
[Test]: Precision: 0.0025-0.002-0.0014-0.001 Recall: 0.0219-0.0362-0.0631-0.091 NDCG: 0.0109-0.0145-0.0199-0.0246 MRR: 0.0083-0.0093-0.0102-0.0107
------------------------------------------------------
------------------------------------------------------
Runing Epoch 034 valid loss 328.1420 costs 00: 00: 14
[Valid]: Precision: 0.0032-0.0028-0.002-0.0015 Recall: 0.0152-0.0283-0.0462-0.0667 NDCG: 0.0094-0.013-0.0172-0.0211 MRR: 0.0113-0.0129-0.014-0.0145
[Test]: Precision: 0.0031-0.0026-0.002-0.0015 Recall: 0.0158-0.0265-0.0492-0.0723 NDCG: 0.0095-0.0125-0.0177-0.0222 MRR: 0.0109-0.0123-0.0136-0.0143
------------------------------------------------------
ood testing
[Valid]: Precision: 0.0024-0.002-0.0014-0.0011 Recall: 0.0213-0.035-0.0613-0.0916 NDCG: 0.0105-0.014-0.0193-0.0244 MRR: 0.0079-0.009-0.0099-0.0104
[Test]: Precision: 0.0025-0.002-0.0014-0.001 Recall: 0.0219-0.0362-0.0635-0.091 NDCG: 0.0109-0.0145-0.02-0.0246 MRR: 0.0083-0.0093-0.0102-0.0107
------------------------------------------------------
------------------------------------------------------
Runing Epoch 035 valid loss 328.1153 costs 00: 00: 13
[Valid]: Precision: 0.0032-0.0028-0.002-0.0015 Recall: 0.0152-0.0283-0.0463-0.0668 NDCG: 0.0094-0.013-0.0172-0.0211 MRR: 0.0112-0.0128-0.0139-0.0144
[Test]: Precision: 0.0031-0.0026-0.002-0.0015 Recall: 0.0158-0.0265-0.049-0.0721 NDCG: 0.0094-0.0125-0.0176-0.0221 MRR: 0.0108-0.0122-0.0135-0.0142
------------------------------------------------------
ood testing
[Valid]: Precision: 0.0024-0.002-0.0014-0.0011 Recall: 0.0213-0.035-0.0611-0.0915 NDCG: 0.0105-0.0141-0.0193-0.0244 MRR: 0.008-0.0091-0.01-0.0105
[Test]: Precision: 0.0025-0.002-0.0014-0.001 Recall: 0.0219-0.0362-0.0634-0.091 NDCG: 0.0109-0.0145-0.02-0.0246 MRR: 0.0083-0.0093-0.0103-0.0107
------------------------------------------------------
------------------------------------------------------
Runing Epoch 036 valid loss 328.1339 costs 00: 00: 13
[Valid]: Precision: 0.0032-0.0028-0.002-0.0015 Recall: 0.0152-0.0283-0.0458-0.0668 NDCG: 0.0094-0.013-0.0171-0.0211 MRR: 0.0112-0.0128-0.0139-0.0144
[Test]: Precision: 0.0031-0.0026-0.002-0.0015 Recall: 0.0158-0.0265-0.0493-0.0723 NDCG: 0.0094-0.0125-0.0177-0.0221 MRR: 0.0108-0.0122-0.0135-0.0142
------------------------------------------------------
ood testing
[Valid]: Precision: 0.0024-0.002-0.0014-0.0011 Recall: 0.0213-0.035-0.0606-0.0914 NDCG: 0.0105-0.0141-0.0193-0.0244 MRR: 0.008-0.0091-0.01-0.0105
[Test]: Precision: 0.0025-0.002-0.0014-0.001 Recall: 0.0219-0.0362-0.0631-0.091 NDCG: 0.0109-0.0145-0.0199-0.0246 MRR: 0.0083-0.0093-0.0102-0.0107
------------------------------------------------------
------------------------------------------------------
Runing Epoch 037 valid loss 328.1192 costs 00: 00: 14
[Valid]: Precision: 0.0032-0.0028-0.002-0.0015 Recall: 0.0152-0.0283-0.0457-0.0665 NDCG: 0.0094-0.013-0.017-0.0211 MRR: 0.0112-0.0128-0.0139-0.0144
[Test]: Precision: 0.0031-0.0026-0.002-0.0015 Recall: 0.0158-0.0265-0.0489-0.0724 NDCG: 0.0094-0.0125-0.0176-0.0221 MRR: 0.0108-0.0122-0.0135-0.0142
------------------------------------------------------
ood testing
[Valid]: Precision: 0.0024-0.002-0.0014-0.0011 Recall: 0.0213-0.035-0.0606-0.0914 NDCG: 0.0105-0.0141-0.0192-0.0244 MRR: 0.008-0.0091-0.01-0.0105
[Test]: Precision: 0.0025-0.002-0.0014-0.001 Recall: 0.0219-0.0362-0.0629-0.0912 NDCG: 0.0109-0.0145-0.0199-0.0246 MRR: 0.0083-0.0093-0.0102-0.0107
------------------------------------------------------
------------------------------------------------------
Runing Epoch 038 valid loss 328.1127 costs 00: 00: 14
[Valid]: Precision: 0.0032-0.0029-0.002-0.0015 Recall: 0.0152-0.0285-0.0458-0.0668 NDCG: 0.0094-0.013-0.0171-0.0211 MRR: 0.0112-0.0128-0.0139-0.0144
[Test]: Precision: 0.0031-0.0026-0.002-0.0015 Recall: 0.0158-0.0266-0.0491-0.0724 NDCG: 0.0094-0.0125-0.0176-0.0221 MRR: 0.0108-0.0122-0.0135-0.0142
------------------------------------------------------
ood testing
[Valid]: Precision: 0.0024-0.0019-0.0014-0.0011 Recall: 0.0213-0.034-0.0606-0.0914 NDCG: 0.0105-0.0138-0.0192-0.0244 MRR: 0.008-0.009-0.01-0.0105
[Test]: Precision: 0.0025-0.002-0.0014-0.001 Recall: 0.0219-0.0354-0.0633-0.0912 NDCG: 0.0109-0.0143-0.02-0.0246 MRR: 0.0083-0.0093-0.0102-0.0107
------------------------------------------------------
------------------------------------------------------
Runing Epoch 039 valid loss 328.1132 costs 00: 00: 14
[Valid]: Precision: 0.0032-0.0029-0.002-0.0015 Recall: 0.0152-0.0285-0.046-0.0668 NDCG: 0.0094-0.013-0.0171-0.0211 MRR: 0.0112-0.0128-0.0139-0.0144
[Test]: Precision: 0.0031-0.0026-0.002-0.0016 Recall: 0.0158-0.0266-0.049-0.0725 NDCG: 0.0094-0.0125-0.0176-0.0222 MRR: 0.0108-0.0122-0.0135-0.0142
------------------------------------------------------
ood testing
[Valid]: Precision: 0.0024-0.0019-0.0014-0.0011 Recall: 0.0213-0.034-0.0609-0.0914 NDCG: 0.0105-0.0138-0.0193-0.0244 MRR: 0.008-0.009-0.01-0.0105
[Test]: Precision: 0.0025-0.002-0.0014-0.001 Recall: 0.0219-0.0354-0.0635-0.0911 NDCG: 0.0109-0.0143-0.02-0.0246 MRR: 0.0083-0.0093-0.0103-0.0107
------------------------------------------------------
------------------------------------------------------
Runing Epoch 040 valid loss 328.1136 costs 00: 00: 14
[Valid]: Precision: 0.0032-0.0028-0.002-0.0015 Recall: 0.0152-0.0283-0.0461-0.0667 NDCG: 0.0094-0.013-0.0171-0.0211 MRR: 0.0112-0.0128-0.0139-0.0144
[Test]: Precision: 0.0031-0.0026-0.002-0.0015 Recall: 0.0158-0.0265-0.0488-0.0726 NDCG: 0.0094-0.0125-0.0176-0.0222 MRR: 0.0108-0.0122-0.0135-0.0142
------------------------------------------------------
ood testing
[Valid]: Precision: 0.0024-0.002-0.0014-0.0011 Recall: 0.0213-0.035-0.0613-0.0913 NDCG: 0.0105-0.0141-0.0194-0.0244 MRR: 0.008-0.0091-0.01-0.0105
[Test]: Precision: 0.0025-0.002-0.0014-0.001 Recall: 0.0219-0.0362-0.0635-0.0913 NDCG: 0.0109-0.0145-0.02-0.0246 MRR: 0.0083-0.0093-0.0103-0.0107
------------------------------------------------------
------------------------------------------------------
Runing Epoch 041 valid loss 328.1209 costs 00: 00: 14
[Valid]: Precision: 0.0032-0.0028-0.002-0.0015 Recall: 0.0152-0.0283-0.0461-0.0666 NDCG: 0.0094-0.013-0.0171-0.0211 MRR: 0.0112-0.0128-0.0139-0.0144
[Test]: Precision: 0.0031-0.0026-0.0019-0.0015 Recall: 0.0158-0.0265-0.0486-0.0724 NDCG: 0.0094-0.0125-0.0175-0.0221 MRR: 0.0108-0.0122-0.0135-0.0142
------------------------------------------------------
ood testing
[Valid]: Precision: 0.0024-0.002-0.0014-0.0011 Recall: 0.0213-0.035-0.0611-0.0914 NDCG: 0.0105-0.0141-0.0193-0.0244 MRR: 0.008-0.0091-0.01-0.0105
[Test]: Precision: 0.0025-0.002-0.0014-0.001 Recall: 0.0219-0.0362-0.0637-0.0914 NDCG: 0.0109-0.0145-0.0201-0.0246 MRR: 0.0083-0.0093-0.0103-0.0107
------------------------------------------------------
------------------------------------------------------
Runing Epoch 042 valid loss 328.1116 costs 00: 00: 13
[Valid]: Precision: 0.0032-0.0028-0.002-0.0015 Recall: 0.0152-0.0283-0.0457-0.0666 NDCG: 0.0094-0.013-0.0171-0.0211 MRR: 0.0112-0.0128-0.0139-0.0144
[Test]: Precision: 0.0031-0.0026-0.002-0.0015 Recall: 0.0158-0.0265-0.0489-0.0725 NDCG: 0.0094-0.0125-0.0176-0.0221 MRR: 0.0108-0.0122-0.0135-0.0142
------------------------------------------------------
ood testing
[Valid]: Precision: 0.0024-0.002-0.0014-0.0011 Recall: 0.0213-0.035-0.0606-0.0914 NDCG: 0.0105-0.0141-0.0192-0.0244 MRR: 0.008-0.0091-0.01-0.0105
[Test]: Precision: 0.0025-0.002-0.0014-0.001 Recall: 0.0219-0.0362-0.0629-0.0913 NDCG: 0.0109-0.0145-0.0199-0.0246 MRR: 0.0083-0.0093-0.0102-0.0107
------------------------------------------------------
------------------------------------------------------
Runing Epoch 043 valid loss 328.1132 costs 00: 00: 13
[Valid]: Precision: 0.0032-0.0028-0.002-0.0015 Recall: 0.0152-0.0283-0.0458-0.0667 NDCG: 0.0094-0.013-0.0171-0.0211 MRR: 0.0113-0.0129-0.014-0.0145
[Test]: Precision: 0.0031-0.0026-0.002-0.0015 Recall: 0.0158-0.0265-0.0494-0.0726 NDCG: 0.0095-0.0125-0.0177-0.0222 MRR: 0.0109-0.0123-0.0136-0.0143
------------------------------------------------------
ood testing
[Valid]: Precision: 0.0024-0.002-0.0014-0.0011 Recall: 0.0213-0.035-0.0607-0.0913 NDCG: 0.0105-0.014-0.0192-0.0243 MRR: 0.0079-0.009-0.0099-0.0104
[Test]: Precision: 0.0025-0.002-0.0014-0.001 Recall: 0.0219-0.0362-0.0632-0.0913 NDCG: 0.0109-0.0145-0.02-0.0246 MRR: 0.0083-0.0093-0.0102-0.0107
------------------------------------------------------
------------------------------------------------------
Runing Epoch 044 valid loss 328.1237 costs 00: 00: 13
[Valid]: Precision: 0.0032-0.0028-0.002-0.0015 Recall: 0.0154-0.0283-0.046-0.0669 NDCG: 0.0094-0.013-0.0171-0.0211 MRR: 0.0112-0.0128-0.0139-0.0144
[Test]: Precision: 0.003-0.0026-0.002-0.0016 Recall: 0.0156-0.0265-0.049-0.0727 NDCG: 0.0093-0.0125-0.0176-0.0222 MRR: 0.0107-0.0122-0.0135-0.0142
------------------------------------------------------
ood testing
[Valid]: Precision: 0.0024-0.002-0.0014-0.0011 Recall: 0.0212-0.035-0.0607-0.0914 NDCG: 0.0105-0.0141-0.0193-0.0244 MRR: 0.008-0.0091-0.01-0.0105
[Test]: Precision: 0.0025-0.002-0.0014-0.001 Recall: 0.0215-0.0362-0.0634-0.0909 NDCG: 0.0108-0.0145-0.02-0.0246 MRR: 0.0083-0.0093-0.0103-0.0107
------------------------------------------------------
------------------------------------------------------
Runing Epoch 045 valid loss 328.1211 costs 00: 00: 12
[Valid]: Precision: 0.0032-0.0028-0.002-0.0015 Recall: 0.0152-0.0283-0.0456-0.0669 NDCG: 0.0094-0.013-0.017-0.0211 MRR: 0.0113-0.0129-0.014-0.0145
[Test]: Precision: 0.0031-0.0026-0.002-0.0015 Recall: 0.0158-0.0265-0.0489-0.0722 NDCG: 0.0095-0.0125-0.0176-0.0222 MRR: 0.0109-0.0123-0.0136-0.0143
------------------------------------------------------
ood testing
[Valid]: Precision: 0.0024-0.002-0.0014-0.0011 Recall: 0.0213-0.035-0.0605-0.0916 NDCG: 0.0105-0.014-0.0192-0.0244 MRR: 0.0079-0.009-0.0099-0.0104
[Test]: Precision: 0.0025-0.002-0.0014-0.001 Recall: 0.0219-0.0362-0.063-0.091 NDCG: 0.0109-0.0145-0.0199-0.0246 MRR: 0.0083-0.0093-0.0102-0.0107
------------------------------------------------------
------------------------------------------------------
Runing Epoch 046 valid loss 328.1036 costs 00: 00: 13
[Valid]: Precision: 0.0032-0.0028-0.002-0.0015 Recall: 0.0152-0.0283-0.0458-0.0664 NDCG: 0.0094-0.013-0.0171-0.0211 MRR: 0.0113-0.0129-0.014-0.0145
[Test]: Precision: 0.0031-0.0026-0.002-0.0015 Recall: 0.0158-0.0265-0.0489-0.0723 NDCG: 0.0095-0.0125-0.0176-0.0222 MRR: 0.0109-0.0123-0.0136-0.0143
------------------------------------------------------
ood testing
[Valid]: Precision: 0.0024-0.002-0.0014-0.0011 Recall: 0.0213-0.035-0.0602-0.0916 NDCG: 0.0105-0.014-0.0191-0.0244 MRR: 0.0079-0.009-0.0099-0.0104
[Test]: Precision: 0.0025-0.002-0.0014-0.001 Recall: 0.0219-0.0362-0.0631-0.091 NDCG: 0.0109-0.0145-0.02-0.0246 MRR: 0.0083-0.0093-0.0102-0.0107
------------------------------------------------------
------------------------------------------------------
Runing Epoch 047 valid loss 328.0974 costs 00: 00: 13
[Valid]: Precision: 0.0032-0.0028-0.002-0.0015 Recall: 0.0152-0.0283-0.046-0.0666 NDCG: 0.009-0.0126-0.0168-0.0207 MRR: 0.0102-0.0118-0.0129-0.0135
[Test]: Precision: 0.0031-0.0026-0.002-0.0015 Recall: 0.0158-0.0265-0.049-0.0725 NDCG: 0.0089-0.0119-0.017-0.0216 MRR: 0.0099-0.0113-0.0126-0.0133
------------------------------------------------------
ood testing
[Valid]: Precision: 0.0024-0.002-0.0014-0.0011 Recall: 0.0213-0.035-0.0608-0.0911 NDCG: 0.01-0.0135-0.0187-0.0238 MRR: 0.0071-0.0082-0.0091-0.0096
[Test]: Precision: 0.0025-0.002-0.0014-0.001 Recall: 0.0219-0.0362-0.063-0.0908 NDCG: 0.0106-0.0142-0.0196-0.0243 MRR: 0.0077-0.0088-0.0097-0.0101
------------------------------------------------------
------------------------------------------------------
Runing Epoch 048 valid loss 328.1051 costs 00: 00: 13
[Valid]: Precision: 0.0032-0.0028-0.002-0.0015 Recall: 0.0155-0.0283-0.0455-0.0664 NDCG: 0.0095-0.013-0.017-0.0211 MRR: 0.0112-0.0128-0.0139-0.0145
[Test]: Precision: 0.003-0.0026-0.0019-0.0015 Recall: 0.0158-0.0265-0.0486-0.0725 NDCG: 0.0094-0.0125-0.0175-0.0222 MRR: 0.0108-0.0122-0.0135-0.0142
------------------------------------------------------
ood testing
[Valid]: Precision: 0.0024-0.002-0.0014-0.0011 Recall: 0.0214-0.035-0.0603-0.0914 NDCG: 0.0105-0.0141-0.0192-0.0244 MRR: 0.008-0.0091-0.01-0.0105
[Test]: Precision: 0.0025-0.002-0.0014-0.001 Recall: 0.0215-0.0362-0.063-0.0908 NDCG: 0.0108-0.0145-0.02-0.0246 MRR: 0.0083-0.0093-0.0103-0.0107
------------------------------------------------------
------------------------------------------------------
Runing Epoch 049 valid loss 328.0991 costs 00: 00: 13
[Valid]: Precision: 0.0032-0.0028-0.002-0.0015 Recall: 0.0152-0.0283-0.0459-0.0665 NDCG: 0.0094-0.013-0.0171-0.0211 MRR: 0.0112-0.0128-0.0139-0.0144
[Test]: Precision: 0.0031-0.0026-0.002-0.0015 Recall: 0.0158-0.0267-0.0493-0.0725 NDCG: 0.0094-0.0125-0.0176-0.0222 MRR: 0.0108-0.0122-0.0135-0.0142
------------------------------------------------------
ood testing
[Valid]: Precision: 0.0024-0.002-0.0014-0.0011 Recall: 0.0213-0.0352-0.0607-0.0916 NDCG: 0.0105-0.0141-0.0193-0.0244 MRR: 0.008-0.0091-0.01-0.0105
[Test]: Precision: 0.0025-0.002-0.0014-0.001 Recall: 0.0219-0.0362-0.0632-0.091 NDCG: 0.0109-0.0145-0.02-0.0246 MRR: 0.0083-0.0093-0.0102-0.0107
------------------------------------------------------
------------------------------------------------------
Runing Epoch 050 valid loss 328.1009 costs 00: 00: 12
[Valid]: Precision: 0.0032-0.0028-0.002-0.0015 Recall: 0.0152-0.0283-0.0457-0.0667 NDCG: 0.0094-0.013-0.017-0.0211 MRR: 0.0112-0.0128-0.0139-0.0144
[Test]: Precision: 0.0031-0.0026-0.002-0.0015 Recall: 0.0158-0.0265-0.0495-0.0724 NDCG: 0.0094-0.0125-0.0177-0.0221 MRR: 0.0108-0.0122-0.0135-0.0142
------------------------------------------------------
ood testing
[Valid]: Precision: 0.0024-0.002-0.0014-0.0011 Recall: 0.0213-0.035-0.0603-0.0919 NDCG: 0.0105-0.0141-0.0192-0.0245 MRR: 0.008-0.0091-0.01-0.0105
[Test]: Precision: 0.0025-0.002-0.0014-0.001 Recall: 0.0219-0.0362-0.0628-0.0913 NDCG: 0.0109-0.0145-0.0199-0.0246 MRR: 0.0083-0.0093-0.0102-0.0107
------------------------------------------------------
------------------------------------------------------
Runing Epoch 051 valid loss 328.1064 costs 00: 00: 13
[Valid]: Precision: 0.0032-0.0028-0.002-0.0015 Recall: 0.0153-0.0283-0.0459-0.067 NDCG: 0.0094-0.013-0.0171-0.0212 MRR: 0.0112-0.0128-0.0139-0.0145
[Test]: Precision: 0.0031-0.0026-0.002-0.0015 Recall: 0.0161-0.0265-0.0488-0.0724 NDCG: 0.0095-0.0125-0.0176-0.0222 MRR: 0.0108-0.0122-0.0135-0.0142
------------------------------------------------------
ood testing
[Valid]: Precision: 0.0024-0.002-0.0014-0.0011 Recall: 0.0215-0.035-0.0608-0.0914 NDCG: 0.0106-0.0141-0.0193-0.0244 MRR: 0.008-0.0091-0.01-0.0105
[Test]: Precision: 0.0025-0.002-0.0014-0.001 Recall: 0.0219-0.0362-0.0632-0.0906 NDCG: 0.0109-0.0145-0.02-0.0245 MRR: 0.0083-0.0093-0.0103-0.0107
------------------------------------------------------
------------------------------------------------------
Runing Epoch 052 valid loss 328.1354 costs 00: 00: 13
[Valid]: Precision: 0.0032-0.0028-0.002-0.0015 Recall: 0.0153-0.0283-0.0452-0.0667 NDCG: 0.0094-0.013-0.017-0.0211 MRR: 0.0112-0.0128-0.0139-0.0145
[Test]: Precision: 0.0031-0.0026-0.002-0.0015 Recall: 0.0161-0.0267-0.0489-0.0721 NDCG: 0.0095-0.0125-0.0176-0.0221 MRR: 0.0108-0.0122-0.0135-0.0142
------------------------------------------------------
ood testing
[Valid]: Precision: 0.0024-0.002-0.0014-0.0011 Recall: 0.0215-0.0352-0.0603-0.0916 NDCG: 0.0106-0.0141-0.0192-0.0244 MRR: 0.008-0.0091-0.01-0.0105
[Test]: Precision: 0.0025-0.002-0.0014-0.001 Recall: 0.0219-0.0362-0.063-0.0906 NDCG: 0.0109-0.0145-0.0199-0.0245 MRR: 0.0083-0.0093-0.0102-0.0107
------------------------------------------------------
------------------------------------------------------
Runing Epoch 053 valid loss 328.1078 costs 00: 00: 13
[Valid]: Precision: 0.0032-0.0029-0.002-0.0015 Recall: 0.0152-0.0285-0.0457-0.0668 NDCG: 0.0094-0.0131-0.0171-0.0211 MRR: 0.0113-0.0129-0.014-0.0145
[Test]: Precision: 0.0031-0.0026-0.002-0.0015 Recall: 0.0158-0.0266-0.0493-0.0723 NDCG: 0.0095-0.0126-0.0177-0.0222 MRR: 0.0109-0.0123-0.0136-0.0143
------------------------------------------------------
ood testing
[Valid]: Precision: 0.0024-0.0019-0.0014-0.0011 Recall: 0.0213-0.034-0.0605-0.0915 NDCG: 0.0105-0.0138-0.0192-0.0244 MRR: 0.0079-0.0089-0.0099-0.0104
[Test]: Precision: 0.0025-0.002-0.0014-0.001 Recall: 0.0219-0.0354-0.0631-0.0908 NDCG: 0.0109-0.0143-0.0199-0.0246 MRR: 0.0083-0.0093-0.0102-0.0107
------------------------------------------------------
------------------------------------------------------
Runing Epoch 054 valid loss 328.1222 costs 00: 00: 13
[Valid]: Precision: 0.0032-0.0029-0.002-0.0015 Recall: 0.0152-0.0285-0.0457-0.0669 NDCG: 0.0094-0.013-0.0171-0.0212 MRR: 0.0113-0.0129-0.014-0.0145
[Test]: Precision: 0.0031-0.0026-0.002-0.0015 Recall: 0.0158-0.0266-0.0493-0.0723 NDCG: 0.0095-0.0126-0.0177-0.0222 MRR: 0.0109-0.0123-0.0136-0.0143
------------------------------------------------------
ood testing
[Valid]: Precision: 0.0024-0.0019-0.0014-0.0011 Recall: 0.0213-0.034-0.0608-0.0915 NDCG: 0.0105-0.0138-0.0192-0.0244 MRR: 0.0079-0.0089-0.0099-0.0104
[Test]: Precision: 0.0025-0.002-0.0014-0.001 Recall: 0.0219-0.0354-0.0632-0.0911 NDCG: 0.0109-0.0143-0.02-0.0246 MRR: 0.0083-0.0093-0.0102-0.0107
------------------------------------------------------
------------------------------------------------------
Runing Epoch 055 valid loss 328.1369 costs 00: 00: 13
[Valid]: Precision: 0.0032-0.0028-0.002-0.0015 Recall: 0.0152-0.0283-0.0459-0.0668 NDCG: 0.0094-0.013-0.0171-0.0211 MRR: 0.0113-0.0129-0.014-0.0145
[Test]: Precision: 0.0031-0.0026-0.002-0.0015 Recall: 0.0158-0.0265-0.0492-0.0723 NDCG: 0.0095-0.0125-0.0177-0.0222 MRR: 0.0109-0.0123-0.0136-0.0143
------------------------------------------------------
ood testing
[Valid]: Precision: 0.0024-0.002-0.0014-0.0011 Recall: 0.0213-0.035-0.0606-0.0914 NDCG: 0.0105-0.014-0.0192-0.0244 MRR: 0.0079-0.009-0.0099-0.0104
[Test]: Precision: 0.0025-0.002-0.0014-0.001 Recall: 0.0219-0.0362-0.0632-0.091 NDCG: 0.0109-0.0145-0.02-0.0246 MRR: 0.0083-0.0093-0.0102-0.0107
------------------------------------------------------
------------------------------------------------------
Runing Epoch 056 valid loss 328.1129 costs 00: 00: 13
[Valid]: Precision: 0.0032-0.0028-0.002-0.0015 Recall: 0.0152-0.0283-0.0457-0.0665 NDCG: 0.0094-0.013-0.017-0.0211 MRR: 0.0112-0.0128-0.0139-0.0144
[Test]: Precision: 0.0031-0.0026-0.0019-0.0015 Recall: 0.0158-0.0265-0.0487-0.0726 NDCG: 0.0094-0.0125-0.0175-0.0222 MRR: 0.0108-0.0122-0.0135-0.0142
------------------------------------------------------
ood testing
[Valid]: Precision: 0.0024-0.002-0.0014-0.0011 Recall: 0.0213-0.035-0.0603-0.0917 NDCG: 0.0105-0.0141-0.0192-0.0244 MRR: 0.008-0.0091-0.01-0.0105
[Test]: Precision: 0.0025-0.002-0.0014-0.001 Recall: 0.0219-0.0362-0.0627-0.0909 NDCG: 0.0109-0.0145-0.0199-0.0246 MRR: 0.0083-0.0093-0.0102-0.0107
------------------------------------------------------
------------------------------------------------------
Runing Epoch 057 valid loss 328.1308 costs 00: 00: 13
[Valid]: Precision: 0.0032-0.0028-0.002-0.0015 Recall: 0.0152-0.0283-0.0457-0.0667 NDCG: 0.0094-0.013-0.0171-0.0211 MRR: 0.0113-0.0129-0.014-0.0145
[Test]: Precision: 0.0031-0.0026-0.002-0.0015 Recall: 0.0158-0.0265-0.0489-0.0726 NDCG: 0.0095-0.0125-0.0176-0.0222 MRR: 0.0109-0.0123-0.0136-0.0143
------------------------------------------------------
ood testing
[Valid]: Precision: 0.0024-0.002-0.0014-0.0011 Recall: 0.0213-0.035-0.0602-0.0919 NDCG: 0.0105-0.014-0.0191-0.0244 MRR: 0.0079-0.009-0.0099-0.0104
[Test]: Precision: 0.0025-0.002-0.0014-0.001 Recall: 0.0219-0.0362-0.063-0.0909 NDCG: 0.0109-0.0145-0.0199-0.0246 MRR: 0.0083-0.0093-0.0102-0.0107
------------------------------------------------------
------------------------------------------------------
Runing Epoch 058 valid loss 328.1207 costs 00: 00: 13
[Valid]: Precision: 0.0032-0.0028-0.002-0.0015 Recall: 0.0154-0.0283-0.0454-0.0665 NDCG: 0.0094-0.013-0.017-0.0211 MRR: 0.0112-0.0128-0.0139-0.0144
[Test]: Precision: 0.003-0.0026-0.0019-0.0015 Recall: 0.0156-0.0265-0.0488-0.0726 NDCG: 0.0093-0.0125-0.0175-0.0222 MRR: 0.0107-0.0122-0.0135-0.0142
------------------------------------------------------
ood testing
[Valid]: Precision: 0.0024-0.002-0.0014-0.0011 Recall: 0.0212-0.035-0.06-0.0919 NDCG: 0.0105-0.0141-0.0191-0.0245 MRR: 0.008-0.0091-0.01-0.0105
[Test]: Precision: 0.0025-0.002-0.0014-0.001 Recall: 0.0215-0.0362-0.063-0.091 NDCG: 0.0108-0.0145-0.0199-0.0246 MRR: 0.0083-0.0093-0.0102-0.0107
------------------------------------------------------
------------------------------------------------------
Runing Epoch 059 valid loss 328.1055 costs 00: 00: 13
[Valid]: Precision: 0.0032-0.0028-0.002-0.0015 Recall: 0.0153-0.0283-0.0456-0.0668 NDCG: 0.0094-0.013-0.017-0.0211 MRR: 0.0112-0.0128-0.0139-0.0145
[Test]: Precision: 0.0031-0.0026-0.002-0.0015 Recall: 0.0161-0.0265-0.0489-0.0724 NDCG: 0.0095-0.0125-0.0176-0.0221 MRR: 0.0108-0.0122-0.0135-0.0142
------------------------------------------------------
ood testing
[Valid]: Precision: 0.0024-0.002-0.0014-0.0011 Recall: 0.0215-0.035-0.0603-0.0914 NDCG: 0.0106-0.0141-0.0192-0.0244 MRR: 0.008-0.0091-0.01-0.0105
[Test]: Precision: 0.0025-0.002-0.0014-0.001 Recall: 0.0219-0.0362-0.063-0.0906 NDCG: 0.0109-0.0145-0.0199-0.0245 MRR: 0.0083-0.0093-0.0102-0.0107
------------------------------------------------------
------------------------------------------------------
Runing Epoch 060 valid loss 328.1266 costs 00: 00: 13
[Valid]: Precision: 0.0032-0.0028-0.002-0.0015 Recall: 0.0152-0.0283-0.046-0.0666 NDCG: 0.0094-0.013-0.0171-0.0211 MRR: 0.0112-0.0128-0.0139-0.0144
[Test]: Precision: 0.0031-0.0026-0.002-0.0016 Recall: 0.0158-0.0265-0.0487-0.0726 NDCG: 0.0094-0.0125-0.0175-0.0222 MRR: 0.0108-0.0122-0.0135-0.0142
------------------------------------------------------
ood testing
[Valid]: Precision: 0.0024-0.002-0.0014-0.0011 Recall: 0.0213-0.035-0.0607-0.0917 NDCG: 0.0105-0.0141-0.0193-0.0244 MRR: 0.008-0.0091-0.01-0.0105
[Test]: Precision: 0.0025-0.002-0.0014-0.001 Recall: 0.0219-0.0362-0.0634-0.0908 NDCG: 0.0109-0.0145-0.02-0.0246 MRR: 0.0083-0.0093-0.0102-0.0107
------------------------------------------------------
------------------------------------------------------
Runing Epoch 061 valid loss 328.1245 costs 00: 00: 13
[Valid]: Precision: 0.0032-0.0028-0.002-0.0015 Recall: 0.0152-0.0283-0.046-0.0666 NDCG: 0.0094-0.013-0.0171-0.0211 MRR: 0.0112-0.0128-0.0139-0.0144
[Test]: Precision: 0.0031-0.0026-0.002-0.0016 Recall: 0.0158-0.0265-0.0487-0.0726 NDCG: 0.0094-0.0125-0.0175-0.0222 MRR: 0.0108-0.0122-0.0135-0.0142
------------------------------------------------------
ood testing
[Valid]: Precision: 0.0024-0.002-0.0014-0.0011 Recall: 0.0213-0.035-0.0607-0.0917 NDCG: 0.0105-0.0141-0.0193-0.0244 MRR: 0.008-0.0091-0.01-0.0105
[Test]: Precision: 0.0025-0.002-0.0014-0.001 Recall: 0.0219-0.0362-0.0634-0.0908 NDCG: 0.0109-0.0145-0.02-0.0246 MRR: 0.0083-0.0093-0.0102-0.0107
------------------------------------------------------
------------------------------------------------------
Runing Epoch 062 valid loss 328.1207 costs 00: 00: 13
[Valid]: Precision: 0.0032-0.0028-0.002-0.0015 Recall: 0.0152-0.0283-0.0462-0.0666 NDCG: 0.0094-0.013-0.0171-0.0211 MRR: 0.0112-0.0128-0.0139-0.0144
[Test]: Precision: 0.0031-0.0026-0.002-0.0016 Recall: 0.0158-0.0265-0.0491-0.0726 NDCG: 0.0094-0.0125-0.0176-0.0222 MRR: 0.0108-0.0122-0.0135-0.0142
------------------------------------------------------
ood testing
[Valid]: Precision: 0.0024-0.002-0.0014-0.0011 Recall: 0.0213-0.035-0.0607-0.0917 NDCG: 0.0105-0.0141-0.0193-0.0244 MRR: 0.008-0.0091-0.01-0.0105
[Test]: Precision: 0.0025-0.002-0.0014-0.001 Recall: 0.0219-0.0362-0.0633-0.0908 NDCG: 0.0109-0.0145-0.02-0.0246 MRR: 0.0083-0.0093-0.0102-0.0107
------------------------------------------------------
------------------------------------------------------
Runing Epoch 063 valid loss 328.1137 costs 00: 00: 13
[Valid]: Precision: 0.0032-0.0028-0.002-0.0015 Recall: 0.0152-0.0283-0.0462-0.0666 NDCG: 0.0094-0.013-0.0171-0.0211 MRR: 0.0112-0.0128-0.0139-0.0144
[Test]: Precision: 0.0031-0.0026-0.002-0.0016 Recall: 0.0158-0.0265-0.0491-0.0726 NDCG: 0.0094-0.0125-0.0176-0.0222 MRR: 0.0108-0.0122-0.0135-0.0142
------------------------------------------------------
ood testing
[Valid]: Precision: 0.0024-0.002-0.0014-0.0011 Recall: 0.0213-0.035-0.0607-0.0917 NDCG: 0.0105-0.0141-0.0193-0.0244 MRR: 0.008-0.0091-0.01-0.0105
[Test]: Precision: 0.0025-0.002-0.0014-0.001 Recall: 0.0219-0.0362-0.0633-0.0908 NDCG: 0.0109-0.0145-0.02-0.0246 MRR: 0.0083-0.0093-0.0102-0.0107
------------------------------------------------------
------------------------------------------------------
Runing Epoch 064 valid loss 328.1157 costs 00: 00: 13
[Valid]: Precision: 0.0032-0.0028-0.002-0.0015 Recall: 0.0152-0.0283-0.046-0.0666 NDCG: 0.0094-0.013-0.0171-0.0211 MRR: 0.0112-0.0128-0.0139-0.0144
[Test]: Precision: 0.0031-0.0026-0.002-0.0016 Recall: 0.0158-0.0265-0.0487-0.0726 NDCG: 0.0094-0.0125-0.0175-0.0222 MRR: 0.0108-0.0122-0.0135-0.0142
------------------------------------------------------
ood testing
[Valid]: Precision: 0.0024-0.002-0.0014-0.0011 Recall: 0.0213-0.035-0.0608-0.0917 NDCG: 0.0105-0.0141-0.0193-0.0244 MRR: 0.008-0.0091-0.01-0.0105
[Test]: Precision: 0.0025-0.002-0.0014-0.001 Recall: 0.0219-0.0362-0.0634-0.0908 NDCG: 0.0109-0.0145-0.02-0.0246 MRR: 0.0083-0.0093-0.0102-0.0107
------------------------------------------------------
------------------------------------------------------
Runing Epoch 065 valid loss 328.1227 costs 00: 00: 12
[Valid]: Precision: 0.0032-0.0028-0.002-0.0015 Recall: 0.0152-0.0283-0.046-0.0666 NDCG: 0.0094-0.013-0.0171-0.0211 MRR: 0.0112-0.0128-0.0139-0.0144
[Test]: Precision: 0.0031-0.0026-0.002-0.0016 Recall: 0.0158-0.0265-0.0487-0.0726 NDCG: 0.0094-0.0125-0.0175-0.0222 MRR: 0.0108-0.0122-0.0135-0.0142
------------------------------------------------------
ood testing
[Valid]: Precision: 0.0024-0.002-0.0014-0.0011 Recall: 0.0213-0.035-0.0608-0.0917 NDCG: 0.0105-0.0141-0.0193-0.0244 MRR: 0.008-0.0091-0.01-0.0105
[Test]: Precision: 0.0025-0.002-0.0014-0.001 Recall: 0.0219-0.0362-0.0634-0.0908 NDCG: 0.0109-0.0145-0.02-0.0246 MRR: 0.0083-0.0093-0.0102-0.0107
------------------------------------------------------
------------------------------------------------------
Runing Epoch 066 valid loss 328.1149 costs 00: 00: 13
[Valid]: Precision: 0.0032-0.0028-0.002-0.0015 Recall: 0.0152-0.0283-0.0461-0.0666 NDCG: 0.0094-0.013-0.0171-0.0211 MRR: 0.0112-0.0128-0.0139-0.0144
[Test]: Precision: 0.0031-0.0026-0.002-0.0016 Recall: 0.0158-0.0265-0.0492-0.0726 NDCG: 0.0094-0.0125-0.0176-0.0222 MRR: 0.0108-0.0122-0.0135-0.0142
------------------------------------------------------
ood testing
[Valid]: Precision: 0.0024-0.002-0.0014-0.0011 Recall: 0.0213-0.035-0.0609-0.0917 NDCG: 0.0105-0.0141-0.0193-0.0244 MRR: 0.008-0.0091-0.01-0.0105
[Test]: Precision: 0.0025-0.002-0.0014-0.001 Recall: 0.0219-0.0362-0.0633-0.0908 NDCG: 0.0109-0.0145-0.02-0.0246 MRR: 0.0083-0.0093-0.0102-0.0107
------------------------------------------------------
------------------------------------------------------
Runing Epoch 067 valid loss 328.1152 costs 00: 00: 13
[Valid]: Precision: 0.0032-0.0028-0.002-0.0015 Recall: 0.0152-0.0283-0.0461-0.0666 NDCG: 0.0094-0.013-0.0171-0.0211 MRR: 0.0112-0.0128-0.0139-0.0144
[Test]: Precision: 0.0031-0.0026-0.002-0.0015 Recall: 0.0158-0.0265-0.0492-0.0724 NDCG: 0.0094-0.0125-0.0176-0.0221 MRR: 0.0108-0.0122-0.0135-0.0142
------------------------------------------------------
ood testing
[Valid]: Precision: 0.0024-0.002-0.0014-0.0011 Recall: 0.0213-0.035-0.0609-0.0914 NDCG: 0.0105-0.0141-0.0193-0.0244 MRR: 0.008-0.0091-0.01-0.0105
[Test]: Precision: 0.0025-0.002-0.0014-0.001 Recall: 0.0219-0.0362-0.0633-0.0908 NDCG: 0.0109-0.0145-0.02-0.0246 MRR: 0.0083-0.0093-0.0102-0.0107
------------------------------------------------------
------------------------------------------------------
Runing Epoch 068 valid loss 328.1199 costs 00: 00: 13
[Valid]: Precision: 0.0032-0.0028-0.002-0.0015 Recall: 0.0152-0.0283-0.0457-0.0666 NDCG: 0.0094-0.013-0.0171-0.0211 MRR: 0.0112-0.0128-0.0139-0.0144
[Test]: Precision: 0.0031-0.0026-0.002-0.0015 Recall: 0.0158-0.0265-0.0493-0.0724 NDCG: 0.0094-0.0125-0.0176-0.0222 MRR: 0.0108-0.0122-0.0135-0.0142
------------------------------------------------------
ood testing
[Valid]: Precision: 0.0024-0.002-0.0014-0.0011 Recall: 0.0213-0.035-0.0606-0.0914 NDCG: 0.0105-0.0141-0.0192-0.0244 MRR: 0.008-0.0091-0.01-0.0105
[Test]: Precision: 0.0025-0.002-0.0014-0.001 Recall: 0.0219-0.0362-0.0631-0.0908 NDCG: 0.0109-0.0145-0.0199-0.0246 MRR: 0.0083-0.0093-0.0102-0.0107
------------------------------------------------------
------------------------------------------------------
Runing Epoch 069 valid loss 328.1184 costs 00: 00: 13
[Valid]: Precision: 0.0032-0.0028-0.002-0.0015 Recall: 0.0152-0.0283-0.046-0.0666 NDCG: 0.0094-0.013-0.0171-0.0211 MRR: 0.0112-0.0128-0.0139-0.0144
[Test]: Precision: 0.0031-0.0026-0.002-0.0016 Recall: 0.0158-0.0265-0.0487-0.0726 NDCG: 0.0094-0.0125-0.0175-0.0222 MRR: 0.0108-0.0122-0.0135-0.0142
------------------------------------------------------
ood testing
[Valid]: Precision: 0.0024-0.002-0.0014-0.0011 Recall: 0.0213-0.035-0.0608-0.0917 NDCG: 0.0105-0.0141-0.0193-0.0244 MRR: 0.008-0.0091-0.01-0.0105
[Test]: Precision: 0.0025-0.002-0.0014-0.001 Recall: 0.0219-0.0362-0.0634-0.0908 NDCG: 0.0109-0.0145-0.02-0.0246 MRR: 0.0083-0.0093-0.0102-0.0107
------------------------------------------------------
------------------------------------------------------
Runing Epoch 070 valid loss 328.1189 costs 00: 00: 13
[Valid]: Precision: 0.0032-0.0028-0.002-0.0015 Recall: 0.0152-0.0283-0.0457-0.0666 NDCG: 0.0094-0.013-0.017-0.0211 MRR: 0.0112-0.0128-0.0139-0.0144
[Test]: Precision: 0.0031-0.0026-0.002-0.0015 Recall: 0.0158-0.0265-0.0493-0.0724 NDCG: 0.0094-0.0125-0.0176-0.0221 MRR: 0.0108-0.0122-0.0135-0.0142
------------------------------------------------------
ood testing
[Valid]: Precision: 0.0024-0.002-0.0014-0.0011 Recall: 0.0213-0.035-0.0607-0.0914 NDCG: 0.0105-0.0141-0.0193-0.0244 MRR: 0.008-0.0091-0.01-0.0105
[Test]: Precision: 0.0025-0.002-0.0014-0.001 Recall: 0.0219-0.0362-0.0632-0.0908 NDCG: 0.0109-0.0145-0.02-0.0246 MRR: 0.0083-0.0093-0.0102-0.0107
------------------------------------------------------
------------------------------------------------------
Runing Epoch 071 valid loss 328.1204 costs 00: 00: 12
[Valid]: Precision: 0.0032-0.0028-0.002-0.0015 Recall: 0.0152-0.0283-0.0457-0.0666 NDCG: 0.0094-0.013-0.0171-0.0211 MRR: 0.0112-0.0128-0.0139-0.0144
[Test]: Precision: 0.0031-0.0026-0.002-0.0015 Recall: 0.0158-0.0265-0.0493-0.0724 NDCG: 0.0094-0.0125-0.0176-0.0221 MRR: 0.0108-0.0122-0.0135-0.0142
------------------------------------------------------
ood testing
[Valid]: Precision: 0.0024-0.002-0.0014-0.0011 Recall: 0.0213-0.035-0.0606-0.0914 NDCG: 0.0105-0.0141-0.0192-0.0244 MRR: 0.008-0.0091-0.01-0.0105
[Test]: Precision: 0.0025-0.002-0.0014-0.001 Recall: 0.0219-0.0362-0.0631-0.0908 NDCG: 0.0109-0.0145-0.0199-0.0246 MRR: 0.0083-0.0093-0.0102-0.0107
------------------------------------------------------
------------------------------------------------------
Runing Epoch 072 valid loss 328.1195 costs 00: 00: 12
[Valid]: Precision: 0.0032-0.0028-0.002-0.0015 Recall: 0.0152-0.0283-0.0457-0.0666 NDCG: 0.0094-0.013-0.0171-0.0211 MRR: 0.0112-0.0128-0.0139-0.0144
[Test]: Precision: 0.0031-0.0026-0.002-0.0015 Recall: 0.0158-0.0265-0.0493-0.0724 NDCG: 0.0094-0.0125-0.0176-0.0221 MRR: 0.0108-0.0122-0.0135-0.0142
------------------------------------------------------
ood testing
[Valid]: Precision: 0.0024-0.002-0.0014-0.0011 Recall: 0.0213-0.035-0.0606-0.0914 NDCG: 0.0105-0.0141-0.0192-0.0244 MRR: 0.008-0.0091-0.01-0.0105
[Test]: Precision: 0.0025-0.002-0.0014-0.001 Recall: 0.0219-0.0362-0.0631-0.0908 NDCG: 0.0109-0.0145-0.0199-0.0246 MRR: 0.0083-0.0093-0.0102-0.0107
------------------------------------------------------
------------------------------------------------------
Runing Epoch 073 valid loss 328.1163 costs 00: 00: 13
[Valid]: Precision: 0.0032-0.0028-0.002-0.0015 Recall: 0.0152-0.0283-0.0457-0.0666 NDCG: 0.0094-0.013-0.0171-0.0211 MRR: 0.0112-0.0128-0.0139-0.0144
[Test]: Precision: 0.0031-0.0026-0.002-0.0015 Recall: 0.0158-0.0265-0.0493-0.0724 NDCG: 0.0094-0.0125-0.0176-0.0221 MRR: 0.0108-0.0122-0.0135-0.0142
------------------------------------------------------
ood testing
[Valid]: Precision: 0.0024-0.002-0.0014-0.0011 Recall: 0.0213-0.035-0.0606-0.0914 NDCG: 0.0105-0.0141-0.0192-0.0244 MRR: 0.008-0.0091-0.01-0.0105
[Test]: Precision: 0.0025-0.002-0.0014-0.001 Recall: 0.0219-0.0362-0.0631-0.0908 NDCG: 0.0109-0.0145-0.0199-0.0246 MRR: 0.0083-0.0093-0.0102-0.0107
------------------------------------------------------
------------------------------------------------------
Runing Epoch 074 valid loss 328.1180 costs 00: 00: 12
[Valid]: Precision: 0.0032-0.0028-0.002-0.0015 Recall: 0.0152-0.0283-0.0461-0.0666 NDCG: 0.0094-0.013-0.0171-0.0211 MRR: 0.0112-0.0128-0.0139-0.0144
[Test]: Precision: 0.0031-0.0026-0.002-0.0015 Recall: 0.0158-0.0265-0.0492-0.0724 NDCG: 0.0094-0.0125-0.0176-0.0222 MRR: 0.0108-0.0122-0.0135-0.0142
------------------------------------------------------
ood testing
[Valid]: Precision: 0.0024-0.002-0.0014-0.0011 Recall: 0.0213-0.035-0.0609-0.0914 NDCG: 0.0105-0.0141-0.0193-0.0244 MRR: 0.008-0.0091-0.01-0.0105
[Test]: Precision: 0.0025-0.002-0.0014-0.001 Recall: 0.0219-0.0362-0.0633-0.0908 NDCG: 0.0109-0.0145-0.02-0.0246 MRR: 0.0083-0.0093-0.0102-0.0107
------------------------------------------------------
------------------------------------------------------
Runing Epoch 075 valid loss 328.1147 costs 00: 00: 15
[Valid]: Precision: 0.0032-0.0028-0.002-0.0015 Recall: 0.0152-0.0283-0.0457-0.0666 NDCG: 0.0094-0.013-0.0171-0.0211 MRR: 0.0112-0.0128-0.0139-0.0144
[Test]: Precision: 0.0031-0.0026-0.002-0.0016 Recall: 0.0158-0.0265-0.0493-0.0726 NDCG: 0.0094-0.0125-0.0176-0.0222 MRR: 0.0108-0.0122-0.0135-0.0142
------------------------------------------------------
ood testing
[Valid]: Precision: 0.0024-0.002-0.0014-0.0011 Recall: 0.0213-0.035-0.0606-0.0917 NDCG: 0.0105-0.0141-0.0192-0.0244 MRR: 0.008-0.0091-0.01-0.0105
[Test]: Precision: 0.0025-0.002-0.0014-0.001 Recall: 0.0219-0.0362-0.0631-0.0908 NDCG: 0.0109-0.0145-0.0199-0.0246 MRR: 0.0083-0.0093-0.0102-0.0107
------------------------------------------------------
------------------------------------------------------
Runing Epoch 076 valid loss 328.1161 costs 00: 00: 14
[Valid]: Precision: 0.0032-0.0028-0.002-0.0015 Recall: 0.0152-0.0283-0.0457-0.0666 NDCG: 0.0094-0.013-0.0171-0.0211 MRR: 0.0112-0.0128-0.0139-0.0144
[Test]: Precision: 0.0031-0.0026-0.002-0.0015 Recall: 0.0158-0.0265-0.0493-0.0724 NDCG: 0.0094-0.0125-0.0176-0.0221 MRR: 0.0108-0.0122-0.0135-0.0142
------------------------------------------------------
ood testing
[Valid]: Precision: 0.0024-0.002-0.0014-0.0011 Recall: 0.0213-0.035-0.0606-0.0914 NDCG: 0.0105-0.0141-0.0192-0.0244 MRR: 0.008-0.0091-0.01-0.0105
[Test]: Precision: 0.0025-0.002-0.0014-0.001 Recall: 0.0219-0.0362-0.0631-0.0908 NDCG: 0.0109-0.0145-0.0199-0.0246 MRR: 0.0083-0.0093-0.0102-0.0107
------------------------------------------------------
------------------------------------------------------
Runing Epoch 077 valid loss 328.1180 costs 00: 00: 14
[Valid]: Precision: 0.0032-0.0028-0.002-0.0015 Recall: 0.0152-0.0283-0.0457-0.0666 NDCG: 0.0094-0.013-0.0171-0.0211 MRR: 0.0112-0.0128-0.0139-0.0144
[Test]: Precision: 0.0031-0.0026-0.002-0.0015 Recall: 0.0158-0.0265-0.0493-0.0724 NDCG: 0.0094-0.0125-0.0176-0.0222 MRR: 0.0108-0.0122-0.0135-0.0142
------------------------------------------------------
ood testing
[Valid]: Precision: 0.0024-0.002-0.0014-0.0011 Recall: 0.0213-0.035-0.0606-0.0914 NDCG: 0.0105-0.0141-0.0192-0.0244 MRR: 0.008-0.0091-0.01-0.0105
[Test]: Precision: 0.0025-0.002-0.0014-0.001 Recall: 0.0219-0.0362-0.0631-0.0908 NDCG: 0.0109-0.0145-0.0199-0.0246 MRR: 0.0083-0.0093-0.0102-0.0107
------------------------------------------------------
------------------------------------------------------
Runing Epoch 078 valid loss 328.1211 costs 00: 00: 13
[Valid]: Precision: 0.0032-0.0028-0.002-0.0015 Recall: 0.0152-0.0283-0.0457-0.0666 NDCG: 0.0094-0.013-0.017-0.0211 MRR: 0.0112-0.0128-0.0139-0.0144
[Test]: Precision: 0.0031-0.0026-0.002-0.0015 Recall: 0.0158-0.0265-0.0493-0.0724 NDCG: 0.0094-0.0125-0.0176-0.0222 MRR: 0.0108-0.0122-0.0135-0.0142
------------------------------------------------------
ood testing
[Valid]: Precision: 0.0024-0.002-0.0014-0.0011 Recall: 0.0213-0.035-0.0607-0.0914 NDCG: 0.0105-0.0141-0.0193-0.0244 MRR: 0.008-0.0091-0.01-0.0105
[Test]: Precision: 0.0025-0.002-0.0014-0.001 Recall: 0.0219-0.0362-0.0632-0.0908 NDCG: 0.0109-0.0145-0.02-0.0246 MRR: 0.0083-0.0093-0.0102-0.0107
------------------------------------------------------
------------------------------------------------------
Runing Epoch 079 valid loss 328.1227 costs 00: 00: 13
[Valid]: Precision: 0.0032-0.0028-0.002-0.0015 Recall: 0.0152-0.0283-0.0457-0.0666 NDCG: 0.0094-0.013-0.017-0.0211 MRR: 0.0112-0.0128-0.0139-0.0144
[Test]: Precision: 0.0031-0.0026-0.002-0.0015 Recall: 0.0158-0.0265-0.0493-0.0724 NDCG: 0.0094-0.0125-0.0176-0.0222 MRR: 0.0108-0.0122-0.0135-0.0142
------------------------------------------------------
ood testing
[Valid]: Precision: 0.0024-0.002-0.0014-0.0011 Recall: 0.0213-0.035-0.0607-0.0914 NDCG: 0.0105-0.0141-0.0193-0.0244 MRR: 0.008-0.0091-0.01-0.0105
[Test]: Precision: 0.0025-0.002-0.0014-0.001 Recall: 0.0219-0.0362-0.0632-0.0908 NDCG: 0.0109-0.0145-0.02-0.0246 MRR: 0.0083-0.0093-0.0102-0.0107
------------------------------------------------------
------------------------------------------------------
Runing Epoch 080 valid loss 328.1206 costs 00: 00: 13
[Valid]: Precision: 0.0032-0.0028-0.002-0.0015 Recall: 0.0152-0.0283-0.0457-0.0666 NDCG: 0.0094-0.013-0.017-0.0211 MRR: 0.0112-0.0128-0.0139-0.0144
[Test]: Precision: 0.0031-0.0026-0.002-0.0015 Recall: 0.0158-0.0265-0.0493-0.0724 NDCG: 0.0094-0.0125-0.0176-0.0221 MRR: 0.0108-0.0122-0.0135-0.0142
------------------------------------------------------
ood testing
[Valid]: Precision: 0.0024-0.002-0.0014-0.0011 Recall: 0.0213-0.035-0.0607-0.0914 NDCG: 0.0105-0.0141-0.0193-0.0244 MRR: 0.008-0.0091-0.01-0.0105
[Test]: Precision: 0.0025-0.002-0.0014-0.001 Recall: 0.0219-0.0362-0.0632-0.0908 NDCG: 0.0109-0.0145-0.02-0.0246 MRR: 0.0083-0.0093-0.0102-0.0107
------------------------------------------------------
------------------------------------------------------
Runing Epoch 081 valid loss 328.1226 costs 00: 00: 13
[Valid]: Precision: 0.0032-0.0028-0.002-0.0015 Recall: 0.0152-0.0283-0.0457-0.0666 NDCG: 0.0094-0.013-0.017-0.0211 MRR: 0.0112-0.0128-0.0139-0.0144
[Test]: Precision: 0.0031-0.0026-0.002-0.0015 Recall: 0.0158-0.0265-0.0493-0.0724 NDCG: 0.0094-0.0125-0.0176-0.0221 MRR: 0.0108-0.0122-0.0135-0.0142
------------------------------------------------------
ood testing
[Valid]: Precision: 0.0024-0.002-0.0014-0.0011 Recall: 0.0213-0.035-0.0607-0.0914 NDCG: 0.0105-0.0141-0.0193-0.0244 MRR: 0.008-0.0091-0.01-0.0105
[Test]: Precision: 0.0025-0.002-0.0014-0.001 Recall: 0.0219-0.0362-0.0632-0.0908 NDCG: 0.0109-0.0145-0.02-0.0246 MRR: 0.0083-0.0093-0.0102-0.0107
------------------------------------------------------
------------------------------------------------------
Runing Epoch 082 valid loss 328.1102 costs 00: 00: 13
[Valid]: Precision: 0.0032-0.0028-0.002-0.0015 Recall: 0.0152-0.0283-0.0457-0.0666 NDCG: 0.0094-0.013-0.017-0.0211 MRR: 0.0112-0.0128-0.0139-0.0144
[Test]: Precision: 0.0031-0.0026-0.002-0.0015 Recall: 0.0158-0.0265-0.0493-0.0724 NDCG: 0.0094-0.0125-0.0176-0.0221 MRR: 0.0108-0.0122-0.0135-0.0142
------------------------------------------------------
ood testing
[Valid]: Precision: 0.0024-0.002-0.0014-0.0011 Recall: 0.0213-0.035-0.0607-0.0914 NDCG: 0.0105-0.0141-0.0193-0.0244 MRR: 0.008-0.0091-0.01-0.0105
[Test]: Precision: 0.0025-0.002-0.0014-0.001 Recall: 0.0219-0.0362-0.0632-0.0907 NDCG: 0.0109-0.0145-0.02-0.0245 MRR: 0.0083-0.0093-0.0102-0.0107
------------------------------------------------------
------------------------------------------------------
Runing Epoch 083 valid loss 328.1161 costs 00: 00: 13
[Valid]: Precision: 0.0032-0.0028-0.002-0.0015 Recall: 0.0152-0.0283-0.0457-0.0666 NDCG: 0.0094-0.013-0.017-0.0211 MRR: 0.0112-0.0128-0.0139-0.0144
[Test]: Precision: 0.0031-0.0026-0.002-0.0015 Recall: 0.0158-0.0265-0.0493-0.0724 NDCG: 0.0094-0.0125-0.0176-0.0222 MRR: 0.0108-0.0122-0.0135-0.0142
------------------------------------------------------
ood testing
[Valid]: Precision: 0.0024-0.002-0.0014-0.0011 Recall: 0.0213-0.035-0.0607-0.0914 NDCG: 0.0105-0.0141-0.0193-0.0244 MRR: 0.008-0.0091-0.01-0.0105
[Test]: Precision: 0.0025-0.002-0.0014-0.001 Recall: 0.0219-0.0362-0.0632-0.0908 NDCG: 0.0109-0.0145-0.02-0.0246 MRR: 0.0083-0.0093-0.0102-0.0107
------------------------------------------------------
------------------------------------------------------
Runing Epoch 084 valid loss 328.1173 costs 00: 00: 13
[Valid]: Precision: 0.0032-0.0028-0.002-0.0015 Recall: 0.0152-0.0283-0.0457-0.0666 NDCG: 0.0094-0.013-0.017-0.0211 MRR: 0.0112-0.0128-0.0139-0.0144
[Test]: Precision: 0.0031-0.0026-0.002-0.0015 Recall: 0.0158-0.0265-0.0493-0.0724 NDCG: 0.0094-0.0125-0.0176-0.0222 MRR: 0.0108-0.0122-0.0135-0.0142
------------------------------------------------------
ood testing
[Valid]: Precision: 0.0024-0.002-0.0014-0.0011 Recall: 0.0213-0.035-0.0607-0.0914 NDCG: 0.0105-0.0141-0.0193-0.0244 MRR: 0.008-0.0091-0.01-0.0105
[Test]: Precision: 0.0025-0.002-0.0014-0.001 Recall: 0.0219-0.0362-0.0632-0.0908 NDCG: 0.0109-0.0145-0.02-0.0246 MRR: 0.0083-0.0093-0.0102-0.0107
------------------------------------------------------
------------------------------------------------------
Runing Epoch 085 valid loss 328.1223 costs 00: 00: 12
[Valid]: Precision: 0.0032-0.0028-0.002-0.0015 Recall: 0.0152-0.0283-0.0457-0.0666 NDCG: 0.0094-0.013-0.017-0.0211 MRR: 0.0112-0.0128-0.0139-0.0144
[Test]: Precision: 0.0031-0.0026-0.002-0.0015 Recall: 0.0158-0.0265-0.0493-0.0724 NDCG: 0.0094-0.0125-0.0176-0.0222 MRR: 0.0108-0.0122-0.0135-0.0142
------------------------------------------------------
ood testing
[Valid]: Precision: 0.0024-0.002-0.0014-0.0011 Recall: 0.0213-0.035-0.0607-0.0914 NDCG: 0.0105-0.0141-0.0193-0.0244 MRR: 0.008-0.0091-0.01-0.0105
[Test]: Precision: 0.0025-0.002-0.0014-0.001 Recall: 0.0219-0.0362-0.0632-0.0908 NDCG: 0.0109-0.0145-0.02-0.0246 MRR: 0.0083-0.0093-0.0102-0.0107
------------------------------------------------------
------------------------------------------------------
Runing Epoch 086 valid loss 328.1162 costs 00: 00: 13
[Valid]: Precision: 0.0032-0.0028-0.002-0.0015 Recall: 0.0152-0.0283-0.0457-0.0666 NDCG: 0.0094-0.013-0.017-0.0211 MRR: 0.0112-0.0128-0.0139-0.0144
[Test]: Precision: 0.0031-0.0026-0.002-0.0015 Recall: 0.0158-0.0265-0.0493-0.0724 NDCG: 0.0094-0.0125-0.0176-0.0221 MRR: 0.0108-0.0122-0.0135-0.0142
------------------------------------------------------
ood testing
[Valid]: Precision: 0.0024-0.002-0.0014-0.0011 Recall: 0.0213-0.035-0.0607-0.0914 NDCG: 0.0105-0.0141-0.0193-0.0244 MRR: 0.008-0.0091-0.01-0.0105
[Test]: Precision: 0.0025-0.002-0.0014-0.001 Recall: 0.0219-0.0362-0.0632-0.0907 NDCG: 0.0109-0.0145-0.02-0.0245 MRR: 0.0083-0.0093-0.0102-0.0107
------------------------------------------------------
------------------------------------------------------
Runing Epoch 087 valid loss 328.1200 costs 00: 00: 12
[Valid]: Precision: 0.0032-0.0028-0.002-0.0015 Recall: 0.0152-0.0283-0.0457-0.0666 NDCG: 0.0094-0.013-0.017-0.0211 MRR: 0.0112-0.0128-0.0139-0.0144
[Test]: Precision: 0.0031-0.0026-0.002-0.0015 Recall: 0.0158-0.0265-0.0493-0.0724 NDCG: 0.0094-0.0125-0.0176-0.0221 MRR: 0.0108-0.0122-0.0135-0.0142
------------------------------------------------------
ood testing
[Valid]: Precision: 0.0024-0.002-0.0014-0.0011 Recall: 0.0213-0.035-0.0607-0.0914 NDCG: 0.0105-0.0141-0.0193-0.0244 MRR: 0.008-0.0091-0.01-0.0105
[Test]: Precision: 0.0025-0.002-0.0014-0.001 Recall: 0.0219-0.0362-0.0632-0.0907 NDCG: 0.0109-0.0145-0.02-0.0245 MRR: 0.0083-0.0093-0.0102-0.0107
------------------------------------------------------
------------------------------------------------------
Runing Epoch 088 valid loss 328.1173 costs 00: 00: 13
[Valid]: Precision: 0.0032-0.0028-0.002-0.0015 Recall: 0.0152-0.0283-0.0457-0.0666 NDCG: 0.0094-0.013-0.017-0.0211 MRR: 0.0112-0.0128-0.0139-0.0144
[Test]: Precision: 0.0031-0.0026-0.002-0.0015 Recall: 0.0158-0.0265-0.0493-0.0724 NDCG: 0.0094-0.0125-0.0177-0.0221 MRR: 0.0108-0.0122-0.0135-0.0142
------------------------------------------------------
ood testing
[Valid]: Precision: 0.0024-0.002-0.0014-0.0011 Recall: 0.0213-0.035-0.0607-0.0914 NDCG: 0.0105-0.0141-0.0193-0.0244 MRR: 0.008-0.0091-0.01-0.0105
[Test]: Precision: 0.0025-0.002-0.0014-0.001 Recall: 0.0219-0.0362-0.0632-0.0908 NDCG: 0.0109-0.0145-0.02-0.0246 MRR: 0.0083-0.0093-0.0102-0.0107
------------------------------------------------------
------------------------------------------------------
Runing Epoch 089 valid loss 328.1115 costs 00: 00: 13
[Valid]: Precision: 0.0032-0.0028-0.002-0.0015 Recall: 0.0152-0.0283-0.0457-0.0666 NDCG: 0.0094-0.013-0.017-0.0211 MRR: 0.0112-0.0128-0.0139-0.0144
[Test]: Precision: 0.0031-0.0026-0.002-0.0015 Recall: 0.0158-0.0265-0.0493-0.0724 NDCG: 0.0094-0.0125-0.0177-0.0221 MRR: 0.0108-0.0122-0.0135-0.0142
------------------------------------------------------
ood testing
[Valid]: Precision: 0.0024-0.002-0.0014-0.0011 Recall: 0.0213-0.035-0.0607-0.0914 NDCG: 0.0105-0.0141-0.0193-0.0244 MRR: 0.008-0.0091-0.01-0.0105
[Test]: Precision: 0.0025-0.002-0.0014-0.001 Recall: 0.0219-0.0362-0.0632-0.0908 NDCG: 0.0109-0.0145-0.02-0.0246 MRR: 0.0083-0.0093-0.0102-0.0107
------------------------------------------------------
------------------------------------------------------
Runing Epoch 090 valid loss 328.1129 costs 00: 00: 13
[Valid]: Precision: 0.0032-0.0028-0.002-0.0015 Recall: 0.0152-0.0283-0.0457-0.0666 NDCG: 0.0094-0.013-0.017-0.0211 MRR: 0.0112-0.0128-0.0139-0.0144
[Test]: Precision: 0.0031-0.0026-0.002-0.0015 Recall: 0.0158-0.0265-0.0493-0.0724 NDCG: 0.0094-0.0125-0.0177-0.0221 MRR: 0.0108-0.0122-0.0135-0.0142
------------------------------------------------------
ood testing
[Valid]: Precision: 0.0024-0.002-0.0014-0.0011 Recall: 0.0213-0.035-0.0607-0.0914 NDCG: 0.0105-0.0141-0.0193-0.0244 MRR: 0.008-0.0091-0.01-0.0105
[Test]: Precision: 0.0025-0.002-0.0014-0.001 Recall: 0.0219-0.0362-0.0632-0.0908 NDCG: 0.0109-0.0145-0.02-0.0246 MRR: 0.0083-0.0093-0.0102-0.0107
------------------------------------------------------
------------------------------------------------------
Runing Epoch 091 valid loss 328.1159 costs 00: 00: 13
[Valid]: Precision: 0.0032-0.0028-0.002-0.0015 Recall: 0.0152-0.0283-0.0457-0.0665 NDCG: 0.0094-0.013-0.017-0.0211 MRR: 0.0112-0.0128-0.0139-0.0144
[Test]: Precision: 0.0031-0.0026-0.002-0.0015 Recall: 0.0158-0.0265-0.0493-0.0724 NDCG: 0.0094-0.0125-0.0176-0.0221 MRR: 0.0108-0.0122-0.0135-0.0142
------------------------------------------------------
ood testing
[Valid]: Precision: 0.0024-0.002-0.0014-0.0011 Recall: 0.0213-0.035-0.0607-0.0914 NDCG: 0.0105-0.0141-0.0193-0.0244 MRR: 0.008-0.0091-0.01-0.0105
[Test]: Precision: 0.0025-0.002-0.0014-0.001 Recall: 0.0219-0.0362-0.0632-0.0908 NDCG: 0.0109-0.0145-0.02-0.0246 MRR: 0.0083-0.0093-0.0102-0.0107
------------------------------------------------------
------------------------------------------------------
Runing Epoch 092 valid loss 328.1177 costs 00: 00: 13
[Valid]: Precision: 0.0032-0.0028-0.002-0.0015 Recall: 0.0152-0.0283-0.0457-0.0665 NDCG: 0.0094-0.013-0.017-0.0211 MRR: 0.0112-0.0128-0.0139-0.0144
[Test]: Precision: 0.0031-0.0026-0.002-0.0015 Recall: 0.0158-0.0265-0.0493-0.0724 NDCG: 0.0094-0.0125-0.0176-0.0221 MRR: 0.0108-0.0122-0.0135-0.0142
------------------------------------------------------
ood testing
[Valid]: Precision: 0.0024-0.002-0.0014-0.0011 Recall: 0.0213-0.035-0.0607-0.0914 NDCG: 0.0105-0.0141-0.0193-0.0244 MRR: 0.008-0.0091-0.01-0.0105
[Test]: Precision: 0.0025-0.002-0.0014-0.001 Recall: 0.0219-0.0362-0.0632-0.0908 NDCG: 0.0109-0.0145-0.02-0.0246 MRR: 0.0083-0.0093-0.0102-0.0107
------------------------------------------------------
------------------------------------------------------
Runing Epoch 093 valid loss 328.1161 costs 00: 00: 14
[Valid]: Precision: 0.0032-0.0028-0.002-0.0015 Recall: 0.0152-0.0283-0.0457-0.0665 NDCG: 0.0094-0.013-0.0171-0.0211 MRR: 0.0112-0.0128-0.0139-0.0144
[Test]: Precision: 0.0031-0.0026-0.002-0.0015 Recall: 0.0158-0.0265-0.0491-0.0724 NDCG: 0.0094-0.0125-0.0176-0.0221 MRR: 0.0108-0.0122-0.0135-0.0142
------------------------------------------------------
ood testing
[Valid]: Precision: 0.0024-0.002-0.0014-0.0011 Recall: 0.0213-0.035-0.0606-0.0914 NDCG: 0.0105-0.0141-0.0192-0.0244 MRR: 0.008-0.0091-0.01-0.0105
[Test]: Precision: 0.0025-0.002-0.0014-0.001 Recall: 0.0219-0.0362-0.0631-0.0908 NDCG: 0.0109-0.0145-0.0199-0.0246 MRR: 0.0083-0.0093-0.0102-0.0107
------------------------------------------------------
------------------------------------------------------
Runing Epoch 094 valid loss 328.1129 costs 00: 00: 15
[Valid]: Precision: 0.0032-0.0028-0.002-0.0015 Recall: 0.0152-0.0283-0.0457-0.0666 NDCG: 0.0094-0.013-0.017-0.0211 MRR: 0.0112-0.0128-0.0139-0.0144
[Test]: Precision: 0.0031-0.0026-0.002-0.0015 Recall: 0.0158-0.0265-0.0492-0.0724 NDCG: 0.0094-0.0125-0.0176-0.0221 MRR: 0.0108-0.0122-0.0135-0.0142
------------------------------------------------------
ood testing
[Valid]: Precision: 0.0024-0.002-0.0014-0.0011 Recall: 0.0213-0.035-0.0607-0.0914 NDCG: 0.0105-0.0141-0.0193-0.0244 MRR: 0.008-0.0091-0.01-0.0105
[Test]: Precision: 0.0025-0.002-0.0014-0.001 Recall: 0.0219-0.0362-0.0632-0.0908 NDCG: 0.0109-0.0145-0.02-0.0246 MRR: 0.0083-0.0093-0.0102-0.0107
------------------------------------------------------
------------------------------------------------------
Runing Epoch 095 valid loss 328.1172 costs 00: 00: 14
[Valid]: Precision: 0.0032-0.0028-0.002-0.0015 Recall: 0.0152-0.0283-0.0457-0.0666 NDCG: 0.0094-0.013-0.017-0.0211 MRR: 0.0112-0.0128-0.0139-0.0144
[Test]: Precision: 0.0031-0.0026-0.002-0.0015 Recall: 0.0158-0.0265-0.0492-0.0723 NDCG: 0.0094-0.0125-0.0176-0.0221 MRR: 0.0108-0.0122-0.0135-0.0142
------------------------------------------------------
ood testing
[Valid]: Precision: 0.0024-0.002-0.0014-0.0011 Recall: 0.0213-0.035-0.0607-0.0914 NDCG: 0.0105-0.0141-0.0193-0.0244 MRR: 0.008-0.0091-0.01-0.0105
[Test]: Precision: 0.0025-0.002-0.0014-0.001 Recall: 0.0219-0.0362-0.0632-0.0908 NDCG: 0.0109-0.0145-0.02-0.0246 MRR: 0.0083-0.0093-0.0102-0.0107
------------------------------------------------------
------------------------------------------------------
Runing Epoch 096 valid loss 328.1151 costs 00: 00: 14
[Valid]: Precision: 0.0032-0.0028-0.002-0.0015 Recall: 0.0152-0.0283-0.0457-0.0666 NDCG: 0.0094-0.013-0.017-0.0211 MRR: 0.0112-0.0128-0.0139-0.0144
[Test]: Precision: 0.0031-0.0026-0.002-0.0015 Recall: 0.0158-0.0265-0.0493-0.0724 NDCG: 0.0094-0.0125-0.0176-0.0221 MRR: 0.0108-0.0122-0.0135-0.0142
------------------------------------------------------
ood testing
[Valid]: Precision: 0.0024-0.002-0.0014-0.0011 Recall: 0.0213-0.035-0.0607-0.0914 NDCG: 0.0105-0.0141-0.0193-0.0244 MRR: 0.008-0.0091-0.01-0.0105
[Test]: Precision: 0.0025-0.002-0.0014-0.001 Recall: 0.0219-0.0362-0.0632-0.0908 NDCG: 0.0109-0.0145-0.02-0.0246 MRR: 0.0083-0.0093-0.0102-0.0107
------------------------------------------------------
------------------------------------------------------
Runing Epoch 097 valid loss 328.1205 costs 00: 00: 14
[Valid]: Precision: 0.0032-0.0028-0.002-0.0015 Recall: 0.0152-0.0283-0.0457-0.0666 NDCG: 0.0094-0.013-0.017-0.0211 MRR: 0.0112-0.0128-0.0139-0.0144
[Test]: Precision: 0.0031-0.0026-0.002-0.0015 Recall: 0.0158-0.0265-0.0493-0.0724 NDCG: 0.0094-0.0125-0.0177-0.0221 MRR: 0.0108-0.0122-0.0135-0.0142
------------------------------------------------------
ood testing
[Valid]: Precision: 0.0024-0.002-0.0014-0.0011 Recall: 0.0213-0.035-0.0607-0.0914 NDCG: 0.0105-0.0141-0.0193-0.0244 MRR: 0.008-0.0091-0.01-0.0105
[Test]: Precision: 0.0025-0.002-0.0014-0.001 Recall: 0.0219-0.0362-0.0632-0.0908 NDCG: 0.0109-0.0145-0.02-0.0246 MRR: 0.0083-0.0093-0.0102-0.0107
------------------------------------------------------
------------------------------------------------------
Runing Epoch 098 valid loss 328.1188 costs 00: 00: 14
[Valid]: Precision: 0.0032-0.0028-0.002-0.0015 Recall: 0.0152-0.0283-0.0457-0.0666 NDCG: 0.0094-0.013-0.017-0.0211 MRR: 0.0112-0.0128-0.0139-0.0144
[Test]: Precision: 0.0031-0.0026-0.002-0.0015 Recall: 0.0158-0.0265-0.0493-0.0725 NDCG: 0.0094-0.0125-0.0177-0.0222 MRR: 0.0108-0.0122-0.0135-0.0142
------------------------------------------------------
ood testing
[Valid]: Precision: 0.0024-0.002-0.0014-0.0011 Recall: 0.0213-0.035-0.0607-0.0914 NDCG: 0.0105-0.0141-0.0193-0.0244 MRR: 0.008-0.0091-0.01-0.0105
[Test]: Precision: 0.0025-0.002-0.0014-0.001 Recall: 0.0219-0.0362-0.0632-0.0908 NDCG: 0.0109-0.0145-0.02-0.0246 MRR: 0.0083-0.0093-0.0102-0.0107
------------------------------------------------------
------------------------------------------------------
Runing Epoch 099 valid loss 328.1177 costs 00: 00: 14
[Valid]: Precision: 0.0032-0.0028-0.002-0.0015 Recall: 0.0152-0.0283-0.0457-0.0666 NDCG: 0.0094-0.013-0.017-0.0211 MRR: 0.0112-0.0128-0.0139-0.0144
[Test]: Precision: 0.0031-0.0026-0.002-0.0015 Recall: 0.0158-0.0265-0.0493-0.0724 NDCG: 0.0094-0.0125-0.0177-0.0222 MRR: 0.0108-0.0122-0.0135-0.0142
------------------------------------------------------
ood testing
[Valid]: Precision: 0.0024-0.002-0.0014-0.0011 Recall: 0.0213-0.035-0.0607-0.0914 NDCG: 0.0105-0.0141-0.0193-0.0244 MRR: 0.008-0.0091-0.01-0.0105
[Test]: Precision: 0.0025-0.002-0.0014-0.001 Recall: 0.0219-0.0362-0.0632-0.0909 NDCG: 0.0109-0.0145-0.02-0.0246 MRR: 0.0083-0.0093-0.0102-0.0107
------------------------------------------------------
------------------------------------------------------
Runing Epoch 100 valid loss 328.1130 costs 00: 00: 13
[Valid]: Precision: 0.0032-0.0028-0.002-0.0015 Recall: 0.0152-0.0283-0.0457-0.0666 NDCG: 0.0094-0.013-0.0171-0.0211 MRR: 0.0112-0.0128-0.0139-0.0144
[Test]: Precision: 0.0031-0.0026-0.002-0.0015 Recall: 0.0158-0.0265-0.0493-0.0724 NDCG: 0.0094-0.0125-0.0177-0.0221 MRR: 0.0108-0.0122-0.0135-0.0142
------------------------------------------------------
ood testing
[Valid]: Precision: 0.0024-0.002-0.0014-0.0011 Recall: 0.0213-0.035-0.0606-0.0914 NDCG: 0.0105-0.0141-0.0192-0.0244 MRR: 0.008-0.0091-0.01-0.0105
[Test]: Precision: 0.0025-0.002-0.0014-0.001 Recall: 0.0219-0.0362-0.0631-0.0908 NDCG: 0.0109-0.0145-0.0199-0.0246 MRR: 0.0083-0.0093-0.0102-0.0107
------------------------------------------------------
------------------------------------------------------
Runing Epoch 101 valid loss 328.1114 costs 00: 00: 13
[Valid]: Precision: 0.0032-0.0028-0.002-0.0015 Recall: 0.0152-0.0283-0.0457-0.0666 NDCG: 0.0094-0.013-0.017-0.0211 MRR: 0.0112-0.0128-0.0139-0.0144
[Test]: Precision: 0.0031-0.0026-0.002-0.0015 Recall: 0.0158-0.0265-0.0493-0.0724 NDCG: 0.0094-0.0125-0.0177-0.0221 MRR: 0.0108-0.0122-0.0135-0.0142
------------------------------------------------------
ood testing
[Valid]: Precision: 0.0024-0.002-0.0014-0.0011 Recall: 0.0213-0.035-0.0607-0.0914 NDCG: 0.0105-0.0141-0.0193-0.0244 MRR: 0.008-0.0091-0.01-0.0105
[Test]: Precision: 0.0025-0.002-0.0014-0.001 Recall: 0.0219-0.0362-0.0632-0.0908 NDCG: 0.0109-0.0145-0.02-0.0246 MRR: 0.0083-0.0093-0.0102-0.0107
------------------------------------------------------
------------------------------------------------------
Runing Epoch 102 valid loss 328.1158 costs 00: 00: 13
[Valid]: Precision: 0.0032-0.0028-0.002-0.0015 Recall: 0.0152-0.0283-0.0457-0.0665 NDCG: 0.0094-0.013-0.017-0.0211 MRR: 0.0112-0.0128-0.0139-0.0144
[Test]: Precision: 0.0031-0.0026-0.002-0.0015 Recall: 0.0158-0.0265-0.0493-0.0725 NDCG: 0.0094-0.0125-0.0177-0.0222 MRR: 0.0108-0.0122-0.0135-0.0142
------------------------------------------------------
ood testing
[Valid]: Precision: 0.0024-0.002-0.0014-0.0011 Recall: 0.0213-0.035-0.0607-0.0914 NDCG: 0.0105-0.0141-0.0193-0.0244 MRR: 0.008-0.0091-0.01-0.0105
[Test]: Precision: 0.0025-0.002-0.0014-0.001 Recall: 0.0219-0.0362-0.0632-0.0909 NDCG: 0.0109-0.0145-0.02-0.0246 MRR: 0.0083-0.0093-0.0102-0.0107
------------------------------------------------------
------------------------------------------------------
Runing Epoch 103 valid loss 328.1137 costs 00: 00: 14
[Valid]: Precision: 0.0032-0.0028-0.002-0.0015 Recall: 0.0152-0.0283-0.0459-0.0665 NDCG: 0.0094-0.013-0.0171-0.0211 MRR: 0.0112-0.0128-0.0139-0.0144
[Test]: Precision: 0.0031-0.0026-0.002-0.0015 Recall: 0.0158-0.0265-0.0493-0.0724 NDCG: 0.0094-0.0125-0.0177-0.0221 MRR: 0.0108-0.0122-0.0135-0.0142
------------------------------------------------------
ood testing
[Valid]: Precision: 0.0024-0.002-0.0014-0.0011 Recall: 0.0213-0.035-0.0607-0.0914 NDCG: 0.0105-0.0141-0.0193-0.0244 MRR: 0.008-0.0091-0.01-0.0105
[Test]: Precision: 0.0025-0.002-0.0014-0.001 Recall: 0.0219-0.0362-0.0632-0.0909 NDCG: 0.0109-0.0145-0.02-0.0246 MRR: 0.0083-0.0093-0.0102-0.0107
------------------------------------------------------
------------------------------------------------------
Runing Epoch 104 valid loss 328.1167 costs 00: 00: 14
[Valid]: Precision: 0.0032-0.0028-0.002-0.0015 Recall: 0.0152-0.0283-0.0457-0.0666 NDCG: 0.0094-0.013-0.017-0.0211 MRR: 0.0112-0.0128-0.0139-0.0144
[Test]: Precision: 0.0031-0.0026-0.002-0.0015 Recall: 0.0158-0.0265-0.0493-0.0725 NDCG: 0.0094-0.0125-0.0176-0.0222 MRR: 0.0108-0.0122-0.0135-0.0142
------------------------------------------------------
ood testing
[Valid]: Precision: 0.0024-0.002-0.0014-0.0011 Recall: 0.0213-0.035-0.0607-0.0914 NDCG: 0.0105-0.0141-0.0193-0.0244 MRR: 0.008-0.0091-0.01-0.0105
[Test]: Precision: 0.0025-0.002-0.0014-0.001 Recall: 0.0219-0.0362-0.0632-0.0909 NDCG: 0.0109-0.0145-0.02-0.0246 MRR: 0.0083-0.0093-0.0102-0.0107
------------------------------------------------------
------------------------------------------------------
Runing Epoch 105 valid loss 328.1169 costs 00: 00: 13
[Valid]: Precision: 0.0032-0.0028-0.002-0.0015 Recall: 0.0152-0.0283-0.0459-0.0665 NDCG: 0.0094-0.013-0.0171-0.0211 MRR: 0.0112-0.0128-0.0139-0.0144
[Test]: Precision: 0.0031-0.0026-0.002-0.0015 Recall: 0.0158-0.0265-0.0493-0.0725 NDCG: 0.0094-0.0125-0.0176-0.0222 MRR: 0.0108-0.0122-0.0135-0.0142
------------------------------------------------------
ood testing
[Valid]: Precision: 0.0024-0.002-0.0014-0.0011 Recall: 0.0213-0.035-0.0607-0.0914 NDCG: 0.0105-0.0141-0.0193-0.0244 MRR: 0.008-0.0091-0.01-0.0105
[Test]: Precision: 0.0025-0.002-0.0014-0.001 Recall: 0.0219-0.0362-0.0632-0.0909 NDCG: 0.0109-0.0145-0.02-0.0246 MRR: 0.0083-0.0093-0.0102-0.0107
------------------------------------------------------
------------------------------------------------------
Runing Epoch 106 valid loss 328.1111 costs 00: 00: 13
[Valid]: Precision: 0.0032-0.0028-0.002-0.0015 Recall: 0.0152-0.0283-0.0457-0.0665 NDCG: 0.0094-0.013-0.017-0.0211 MRR: 0.0112-0.0128-0.0139-0.0144
[Test]: Precision: 0.0031-0.0026-0.002-0.0015 Recall: 0.0158-0.0265-0.0493-0.0724 NDCG: 0.0094-0.0125-0.0176-0.0221 MRR: 0.0108-0.0122-0.0135-0.0142
------------------------------------------------------
ood testing
[Valid]: Precision: 0.0024-0.002-0.0014-0.0011 Recall: 0.0213-0.035-0.0607-0.0914 NDCG: 0.0105-0.0141-0.0193-0.0244 MRR: 0.008-0.0091-0.01-0.0105
[Test]: Precision: 0.0025-0.002-0.0014-0.001 Recall: 0.0219-0.0362-0.0632-0.0909 NDCG: 0.0109-0.0145-0.02-0.0246 MRR: 0.0083-0.0093-0.0102-0.0107
------------------------------------------------------
------------------------------------------------------
Runing Epoch 107 valid loss 328.1205 costs 00: 00: 13
[Valid]: Precision: 0.0032-0.0028-0.002-0.0015 Recall: 0.0152-0.0283-0.0457-0.0664 NDCG: 0.0094-0.013-0.017-0.021 MRR: 0.0112-0.0128-0.0139-0.0144
[Test]: Precision: 0.0031-0.0026-0.002-0.0015 Recall: 0.0158-0.0265-0.0493-0.0724 NDCG: 0.0094-0.0125-0.0176-0.0221 MRR: 0.0108-0.0122-0.0135-0.0142
------------------------------------------------------
ood testing
[Valid]: Precision: 0.0024-0.002-0.0014-0.0011 Recall: 0.0213-0.035-0.0607-0.0914 NDCG: 0.0105-0.0141-0.0193-0.0244 MRR: 0.008-0.0091-0.01-0.0105
[Test]: Precision: 0.0025-0.002-0.0014-0.001 Recall: 0.0219-0.0362-0.0632-0.0909 NDCG: 0.0109-0.0145-0.02-0.0246 MRR: 0.0083-0.0093-0.0102-0.0107
------------------------------------------------------
------------------------------------------------------
Runing Epoch 108 valid loss 328.1168 costs 00: 00: 13
[Valid]: Precision: 0.0032-0.0028-0.002-0.0015 Recall: 0.0152-0.0283-0.0457-0.0665 NDCG: 0.0094-0.013-0.017-0.0211 MRR: 0.0112-0.0128-0.0139-0.0144
[Test]: Precision: 0.0031-0.0026-0.002-0.0015 Recall: 0.0158-0.0265-0.0493-0.0724 NDCG: 0.0094-0.0125-0.0176-0.0221 MRR: 0.0108-0.0122-0.0135-0.0142
------------------------------------------------------
ood testing
[Valid]: Precision: 0.0024-0.002-0.0014-0.0011 Recall: 0.0213-0.035-0.0607-0.0914 NDCG: 0.0105-0.0141-0.0193-0.0244 MRR: 0.008-0.0091-0.01-0.0105
[Test]: Precision: 0.0025-0.002-0.0014-0.001 Recall: 0.0219-0.0362-0.0632-0.0908 NDCG: 0.0109-0.0145-0.02-0.0246 MRR: 0.0083-0.0093-0.0102-0.0107
------------------------------------------------------
------------------------------------------------------
Runing Epoch 109 valid loss 328.1150 costs 00: 00: 14
[Valid]: Precision: 0.0032-0.0028-0.002-0.0015 Recall: 0.0152-0.0283-0.0457-0.0665 NDCG: 0.0094-0.013-0.0171-0.0211 MRR: 0.0112-0.0128-0.0139-0.0144
[Test]: Precision: 0.0031-0.0026-0.002-0.0015 Recall: 0.0158-0.0265-0.0493-0.0725 NDCG: 0.0094-0.0125-0.0176-0.0222 MRR: 0.0108-0.0122-0.0135-0.0142
------------------------------------------------------
ood testing
[Valid]: Precision: 0.0024-0.002-0.0014-0.0011 Recall: 0.0213-0.035-0.0607-0.0914 NDCG: 0.0105-0.0141-0.0193-0.0244 MRR: 0.008-0.0091-0.01-0.0105
[Test]: Precision: 0.0025-0.002-0.0014-0.001 Recall: 0.0219-0.0362-0.0632-0.0909 NDCG: 0.0109-0.0145-0.02-0.0246 MRR: 0.0083-0.0093-0.0102-0.0107
------------------------------------------------------
------------------------------------------------------
Runing Epoch 110 valid loss 328.1128 costs 00: 00: 13
[Valid]: Precision: 0.0032-0.0028-0.002-0.0015 Recall: 0.0152-0.0283-0.0458-0.0665 NDCG: 0.0094-0.013-0.0171-0.0211 MRR: 0.0112-0.0128-0.0139-0.0144
[Test]: Precision: 0.0031-0.0026-0.002-0.0015 Recall: 0.0158-0.0265-0.0493-0.0724 NDCG: 0.0094-0.0125-0.0177-0.0221 MRR: 0.0108-0.0122-0.0135-0.0142
------------------------------------------------------
ood testing
[Valid]: Precision: 0.0024-0.002-0.0014-0.0011 Recall: 0.0213-0.035-0.0606-0.0914 NDCG: 0.0105-0.0141-0.0192-0.0244 MRR: 0.008-0.0091-0.01-0.0105
[Test]: Precision: 0.0025-0.002-0.0014-0.001 Recall: 0.0219-0.0362-0.0631-0.091 NDCG: 0.0109-0.0145-0.0199-0.0246 MRR: 0.0083-0.0093-0.0102-0.0107
------------------------------------------------------
------------------------------------------------------
Runing Epoch 111 valid loss 328.1141 costs 00: 00: 13
[Valid]: Precision: 0.0032-0.0028-0.002-0.0015 Recall: 0.0152-0.0283-0.0457-0.0665 NDCG: 0.0094-0.013-0.0171-0.0211 MRR: 0.0112-0.0128-0.0139-0.0144
[Test]: Precision: 0.0031-0.0026-0.002-0.0015 Recall: 0.0158-0.0265-0.0493-0.0724 NDCG: 0.0094-0.0125-0.0177-0.0221 MRR: 0.0108-0.0122-0.0135-0.0142
------------------------------------------------------
ood testing
[Valid]: Precision: 0.0024-0.002-0.0014-0.0011 Recall: 0.0213-0.035-0.0606-0.0914 NDCG: 0.0105-0.0141-0.0192-0.0244 MRR: 0.008-0.0091-0.01-0.0105
[Test]: Precision: 0.0025-0.002-0.0014-0.001 Recall: 0.0219-0.0362-0.0631-0.0909 NDCG: 0.0109-0.0145-0.0199-0.0246 MRR: 0.0083-0.0093-0.0102-0.0107
------------------------------------------------------
------------------------------------------------------
Runing Epoch 112 valid loss 328.1210 costs 00: 00: 14
[Valid]: Precision: 0.0032-0.0028-0.002-0.0015 Recall: 0.0152-0.0283-0.0457-0.0665 NDCG: 0.0094-0.013-0.0171-0.0211 MRR: 0.0112-0.0128-0.0139-0.0144
[Test]: Precision: 0.0031-0.0026-0.002-0.0015 Recall: 0.0158-0.0265-0.0491-0.0724 NDCG: 0.0094-0.0125-0.0176-0.0221 MRR: 0.0108-0.0122-0.0135-0.0142
------------------------------------------------------
ood testing
[Valid]: Precision: 0.0024-0.002-0.0014-0.0011 Recall: 0.0213-0.035-0.0606-0.0914 NDCG: 0.0105-0.0141-0.0192-0.0244 MRR: 0.008-0.0091-0.01-0.0105
[Test]: Precision: 0.0025-0.002-0.0014-0.001 Recall: 0.0219-0.0362-0.0631-0.091 NDCG: 0.0109-0.0145-0.0199-0.0246 MRR: 0.0083-0.0093-0.0102-0.0107
------------------------------------------------------
------------------------------------------------------
Runing Epoch 113 valid loss 328.1100 costs 00: 00: 13
[Valid]: Precision: 0.0032-0.0028-0.002-0.0015 Recall: 0.0152-0.0283-0.0457-0.0665 NDCG: 0.0094-0.013-0.0171-0.0211 MRR: 0.0112-0.0128-0.0139-0.0144
[Test]: Precision: 0.0031-0.0026-0.002-0.0015 Recall: 0.0158-0.0265-0.0493-0.0725 NDCG: 0.0094-0.0125-0.0177-0.0221 MRR: 0.0108-0.0122-0.0135-0.0142
------------------------------------------------------
ood testing
[Valid]: Precision: 0.0024-0.002-0.0014-0.0011 Recall: 0.0213-0.035-0.0606-0.0915 NDCG: 0.0105-0.0141-0.0192-0.0244 MRR: 0.008-0.0091-0.01-0.0105
[Test]: Precision: 0.0025-0.002-0.0014-0.001 Recall: 0.0219-0.0362-0.0631-0.0909 NDCG: 0.0109-0.0145-0.0199-0.0246 MRR: 0.0083-0.0093-0.0102-0.0107
------------------------------------------------------
------------------------------------------------------
Runing Epoch 114 valid loss 328.1164 costs 00: 00: 13
[Valid]: Precision: 0.0032-0.0028-0.002-0.0015 Recall: 0.0152-0.0283-0.0457-0.0665 NDCG: 0.0094-0.013-0.017-0.0211 MRR: 0.0112-0.0128-0.0139-0.0144
[Test]: Precision: 0.0031-0.0026-0.002-0.0015 Recall: 0.0158-0.0265-0.0493-0.0724 NDCG: 0.0094-0.0125-0.0176-0.0221 MRR: 0.0108-0.0122-0.0135-0.0142
------------------------------------------------------
ood testing
[Valid]: Precision: 0.0024-0.002-0.0014-0.0011 Recall: 0.0213-0.035-0.0608-0.0914 NDCG: 0.0105-0.0141-0.0193-0.0244 MRR: 0.008-0.0091-0.01-0.0105
[Test]: Precision: 0.0025-0.002-0.0014-0.001 Recall: 0.0219-0.0362-0.0632-0.091 NDCG: 0.0109-0.0145-0.02-0.0246 MRR: 0.0083-0.0093-0.0102-0.0107
------------------------------------------------------
------------------------------------------------------
Runing Epoch 115 valid loss 328.1205 costs 00: 00: 13
[Valid]: Precision: 0.0032-0.0028-0.002-0.0015 Recall: 0.0152-0.0283-0.0457-0.0665 NDCG: 0.0094-0.013-0.0171-0.0211 MRR: 0.0112-0.0128-0.0139-0.0144
[Test]: Precision: 0.0031-0.0026-0.002-0.0015 Recall: 0.0158-0.0265-0.0493-0.0724 NDCG: 0.0094-0.0125-0.0177-0.0221 MRR: 0.0108-0.0122-0.0135-0.0142
------------------------------------------------------
ood testing
[Valid]: Precision: 0.0024-0.002-0.0014-0.0011 Recall: 0.0213-0.035-0.0606-0.0914 NDCG: 0.0105-0.0141-0.0192-0.0244 MRR: 0.008-0.0091-0.01-0.0105
[Test]: Precision: 0.0025-0.002-0.0014-0.001 Recall: 0.0219-0.0362-0.0631-0.0909 NDCG: 0.0109-0.0145-0.0199-0.0246 MRR: 0.0083-0.0093-0.0102-0.0107
------------------------------------------------------
------------------------------------------------------
Runing Epoch 116 valid loss 328.1178 costs 00: 00: 13
[Valid]: Precision: 0.0032-0.0028-0.002-0.0015 Recall: 0.0152-0.0283-0.0457-0.0665 NDCG: 0.0094-0.013-0.0171-0.0211 MRR: 0.0112-0.0128-0.0139-0.0144
[Test]: Precision: 0.0031-0.0026-0.002-0.0015 Recall: 0.0158-0.0265-0.0493-0.0725 NDCG: 0.0094-0.0125-0.0177-0.0222 MRR: 0.0108-0.0122-0.0135-0.0142
------------------------------------------------------
ood testing
[Valid]: Precision: 0.0024-0.002-0.0014-0.0011 Recall: 0.0213-0.035-0.0607-0.0916 NDCG: 0.0105-0.0141-0.0193-0.0244 MRR: 0.008-0.0091-0.01-0.0105
[Test]: Precision: 0.0025-0.002-0.0014-0.001 Recall: 0.0219-0.0362-0.0632-0.0909 NDCG: 0.0109-0.0145-0.02-0.0246 MRR: 0.0083-0.0093-0.0102-0.0107
------------------------------------------------------
------------------------------------------------------
Runing Epoch 117 valid loss 328.1198 costs 00: 00: 13
[Valid]: Precision: 0.0032-0.0028-0.002-0.0015 Recall: 0.0152-0.0283-0.0459-0.0664 NDCG: 0.0094-0.013-0.0171-0.0211 MRR: 0.0113-0.0129-0.014-0.0145
[Test]: Precision: 0.0031-0.0026-0.002-0.0015 Recall: 0.0158-0.0265-0.0492-0.0725 NDCG: 0.0095-0.0125-0.0177-0.0222 MRR: 0.0109-0.0123-0.0136-0.0143
------------------------------------------------------
ood testing
[Valid]: Precision: 0.0024-0.002-0.0014-0.0011 Recall: 0.0213-0.035-0.0607-0.0916 NDCG: 0.0105-0.014-0.0192-0.0244 MRR: 0.0079-0.009-0.0099-0.0104
[Test]: Precision: 0.0025-0.002-0.0014-0.001 Recall: 0.0219-0.0362-0.0632-0.0909 NDCG: 0.0109-0.0145-0.02-0.0246 MRR: 0.0083-0.0093-0.0102-0.0107
------------------------------------------------------
------------------------------------------------------
Runing Epoch 118 valid loss 328.1145 costs 00: 00: 13
[Valid]: Precision: 0.0032-0.0028-0.002-0.0015 Recall: 0.0152-0.0283-0.0459-0.0665 NDCG: 0.0094-0.013-0.0171-0.0211 MRR: 0.0112-0.0128-0.0139-0.0144
[Test]: Precision: 0.0031-0.0026-0.002-0.0015 Recall: 0.0158-0.0265-0.0492-0.0724 NDCG: 0.0094-0.0125-0.0176-0.0221 MRR: 0.0108-0.0122-0.0135-0.0142
------------------------------------------------------
ood testing
[Valid]: Precision: 0.0024-0.002-0.0014-0.0011 Recall: 0.0213-0.035-0.0607-0.0914 NDCG: 0.0105-0.0141-0.0193-0.0244 MRR: 0.008-0.0091-0.01-0.0105
[Test]: Precision: 0.0025-0.002-0.0014-0.001 Recall: 0.0219-0.0362-0.0632-0.0908 NDCG: 0.0109-0.0145-0.02-0.0246 MRR: 0.0083-0.0093-0.0102-0.0107
------------------------------------------------------
------------------------------------------------------
Runing Epoch 119 valid loss 328.1147 costs 00: 00: 14
[Valid]: Precision: 0.0032-0.0028-0.002-0.0015 Recall: 0.0152-0.0283-0.0457-0.0665 NDCG: 0.0094-0.013-0.0171-0.0211 MRR: 0.0113-0.0129-0.014-0.0145
[Test]: Precision: 0.0031-0.0026-0.002-0.0015 Recall: 0.0158-0.0265-0.0492-0.0724 NDCG: 0.0095-0.0125-0.0177-0.0222 MRR: 0.0109-0.0123-0.0136-0.0143
------------------------------------------------------
ood testing
[Valid]: Precision: 0.0024-0.002-0.0014-0.0011 Recall: 0.0213-0.035-0.0608-0.0915 NDCG: 0.0105-0.014-0.0192-0.0244 MRR: 0.0079-0.009-0.0099-0.0104
[Test]: Precision: 0.0025-0.002-0.0014-0.001 Recall: 0.0219-0.0362-0.0632-0.0908 NDCG: 0.0109-0.0145-0.02-0.0246 MRR: 0.0083-0.0093-0.0102-0.0107
------------------------------------------------------
------------------------------------------------------
Runing Epoch 120 valid loss 328.1181 costs 00: 00: 13
[Valid]: Precision: 0.0032-0.0028-0.002-0.0015 Recall: 0.0152-0.0283-0.0459-0.0665 NDCG: 0.0094-0.013-0.0171-0.0211 MRR: 0.0113-0.0129-0.014-0.0145
[Test]: Precision: 0.0031-0.0026-0.002-0.0015 Recall: 0.0158-0.0265-0.0492-0.0724 NDCG: 0.0095-0.0125-0.0177-0.0222 MRR: 0.0109-0.0123-0.0136-0.0143
------------------------------------------------------
ood testing
[Valid]: Precision: 0.0024-0.002-0.0014-0.0011 Recall: 0.0213-0.035-0.0607-0.0915 NDCG: 0.0105-0.014-0.0192-0.0244 MRR: 0.0079-0.009-0.0099-0.0104
[Test]: Precision: 0.0025-0.002-0.0014-0.001 Recall: 0.0219-0.0362-0.0632-0.0908 NDCG: 0.0109-0.0145-0.02-0.0246 MRR: 0.0083-0.0093-0.0102-0.0107
------------------------------------------------------
------------------------------------------------------
Runing Epoch 121 valid loss 328.1132 costs 00: 00: 14
[Valid]: Precision: 0.0032-0.0028-0.002-0.0015 Recall: 0.0152-0.0283-0.0457-0.0666 NDCG: 0.0094-0.013-0.017-0.0211 MRR: 0.0112-0.0128-0.0139-0.0144
[Test]: Precision: 0.0031-0.0026-0.002-0.0015 Recall: 0.0158-0.0265-0.0491-0.0724 NDCG: 0.0094-0.0125-0.0176-0.0221 MRR: 0.0108-0.0122-0.0135-0.0142
------------------------------------------------------
ood testing
[Valid]: Precision: 0.0024-0.002-0.0014-0.0011 Recall: 0.0213-0.035-0.0608-0.0915 NDCG: 0.0105-0.0141-0.0193-0.0244 MRR: 0.008-0.0091-0.01-0.0105
[Test]: Precision: 0.0025-0.002-0.0014-0.001 Recall: 0.0219-0.0362-0.0632-0.0908 NDCG: 0.0109-0.0145-0.02-0.0246 MRR: 0.0083-0.0093-0.0102-0.0107
------------------------------------------------------
------------------------------------------------------
Runing Epoch 122 valid loss 328.1154 costs 00: 00: 13
[Valid]: Precision: 0.0032-0.0028-0.002-0.0015 Recall: 0.0152-0.0283-0.0459-0.0665 NDCG: 0.0094-0.013-0.0171-0.0211 MRR: 0.0113-0.0129-0.014-0.0145
[Test]: Precision: 0.0031-0.0026-0.002-0.0015 Recall: 0.0158-0.0265-0.0491-0.0725 NDCG: 0.0095-0.0125-0.0177-0.0222 MRR: 0.0109-0.0123-0.0136-0.0143
------------------------------------------------------
ood testing
[Valid]: Precision: 0.0024-0.002-0.0014-0.0011 Recall: 0.0213-0.035-0.0607-0.0915 NDCG: 0.0105-0.014-0.0192-0.0244 MRR: 0.0079-0.009-0.0099-0.0104
[Test]: Precision: 0.0025-0.002-0.0014-0.001 Recall: 0.0219-0.0362-0.0632-0.0909 NDCG: 0.0109-0.0145-0.02-0.0246 MRR: 0.0083-0.0093-0.0102-0.0107
------------------------------------------------------
------------------------------------------------------
Runing Epoch 123 valid loss 328.1169 costs 00: 00: 13
[Valid]: Precision: 0.0032-0.0028-0.002-0.0015 Recall: 0.0152-0.0283-0.0459-0.0665 NDCG: 0.0094-0.013-0.0171-0.0211 MRR: 0.0112-0.0128-0.0139-0.0144
[Test]: Precision: 0.0031-0.0026-0.002-0.0015 Recall: 0.0158-0.0265-0.0492-0.0724 NDCG: 0.0094-0.0125-0.0176-0.0221 MRR: 0.0108-0.0122-0.0135-0.0142
------------------------------------------------------
ood testing
[Valid]: Precision: 0.0024-0.002-0.0014-0.0011 Recall: 0.0213-0.035-0.0607-0.0915 NDCG: 0.0105-0.0141-0.0193-0.0244 MRR: 0.008-0.0091-0.01-0.0105
[Test]: Precision: 0.0025-0.002-0.0014-0.001 Recall: 0.0219-0.0362-0.0632-0.0908 NDCG: 0.0109-0.0145-0.02-0.0246 MRR: 0.0083-0.0093-0.0102-0.0107
------------------------------------------------------
------------------------------------------------------
Runing Epoch 124 valid loss 328.1145 costs 00: 00: 13
[Valid]: Precision: 0.0032-0.0028-0.002-0.0015 Recall: 0.0152-0.0283-0.0459-0.0665 NDCG: 0.0094-0.013-0.0171-0.0211 MRR: 0.0112-0.0128-0.0139-0.0144
[Test]: Precision: 0.0031-0.0026-0.002-0.0015 Recall: 0.0158-0.0265-0.049-0.0725 NDCG: 0.0094-0.0125-0.0176-0.0221 MRR: 0.0108-0.0122-0.0135-0.0142
------------------------------------------------------
ood testing
[Valid]: Precision: 0.0024-0.002-0.0014-0.0011 Recall: 0.0213-0.035-0.0607-0.0916 NDCG: 0.0105-0.0141-0.0193-0.0244 MRR: 0.008-0.0091-0.01-0.0105
[Test]: Precision: 0.0025-0.002-0.0014-0.001 Recall: 0.0219-0.0362-0.0629-0.0909 NDCG: 0.0109-0.0145-0.0199-0.0246 MRR: 0.0083-0.0093-0.0102-0.0107
------------------------------------------------------
------------------------------------------------------
Runing Epoch 125 valid loss 328.1167 costs 00: 00: 14
[Valid]: Precision: 0.0032-0.0028-0.002-0.0015 Recall: 0.0152-0.0283-0.0459-0.0665 NDCG: 0.0094-0.013-0.0171-0.0211 MRR: 0.0112-0.0128-0.0139-0.0144
[Test]: Precision: 0.0031-0.0026-0.002-0.0015 Recall: 0.0158-0.0265-0.0491-0.0725 NDCG: 0.0094-0.0125-0.0176-0.0221 MRR: 0.0108-0.0122-0.0135-0.0142
------------------------------------------------------
ood testing
[Valid]: Precision: 0.0024-0.002-0.0014-0.0011 Recall: 0.0213-0.035-0.0607-0.0916 NDCG: 0.0105-0.0141-0.0193-0.0244 MRR: 0.008-0.0091-0.01-0.0105
[Test]: Precision: 0.0025-0.002-0.0014-0.001 Recall: 0.0219-0.0362-0.0632-0.0909 NDCG: 0.0109-0.0145-0.02-0.0246 MRR: 0.0083-0.0093-0.0102-0.0107
------------------------------------------------------
------------------------------------------------------
Runing Epoch 126 valid loss 328.1136 costs 00: 00: 14
[Valid]: Precision: 0.0032-0.0028-0.002-0.0015 Recall: 0.0152-0.0283-0.0459-0.0665 NDCG: 0.0094-0.013-0.0171-0.0211 MRR: 0.0112-0.0128-0.0139-0.0144
[Test]: Precision: 0.0031-0.0026-0.002-0.0015 Recall: 0.0158-0.0265-0.049-0.0725 NDCG: 0.0094-0.0125-0.0176-0.0221 MRR: 0.0108-0.0122-0.0135-0.0142
------------------------------------------------------
ood testing
[Valid]: Precision: 0.0024-0.002-0.0014-0.0011 Recall: 0.0213-0.035-0.0607-0.0916 NDCG: 0.0105-0.0141-0.0193-0.0244 MRR: 0.008-0.0091-0.01-0.0105
[Test]: Precision: 0.0025-0.002-0.0014-0.001 Recall: 0.0219-0.0362-0.0629-0.0909 NDCG: 0.0109-0.0145-0.0199-0.0246 MRR: 0.0083-0.0093-0.0102-0.0107
------------------------------------------------------
------------------------------------------------------
Runing Epoch 127 valid loss 328.1181 costs 00: 00: 13
[Valid]: Precision: 0.0032-0.0028-0.002-0.0015 Recall: 0.0152-0.0283-0.0459-0.0665 NDCG: 0.0094-0.013-0.0171-0.0211 MRR: 0.0112-0.0128-0.0139-0.0144
[Test]: Precision: 0.0031-0.0026-0.002-0.0015 Recall: 0.0158-0.0265-0.049-0.0725 NDCG: 0.0094-0.0125-0.0176-0.0222 MRR: 0.0108-0.0122-0.0135-0.0142
------------------------------------------------------
ood testing
[Valid]: Precision: 0.0024-0.002-0.0014-0.0011 Recall: 0.0213-0.035-0.0607-0.0916 NDCG: 0.0105-0.0141-0.0193-0.0244 MRR: 0.008-0.0091-0.01-0.0105
[Test]: Precision: 0.0025-0.002-0.0014-0.001 Recall: 0.0219-0.0362-0.0629-0.0909 NDCG: 0.0109-0.0145-0.0199-0.0246 MRR: 0.0083-0.0093-0.0102-0.0107
------------------------------------------------------
------------------------------------------------------
Runing Epoch 128 valid loss 328.1236 costs 00: 00: 13
[Valid]: Precision: 0.0032-0.0028-0.002-0.0015 Recall: 0.0152-0.0283-0.0459-0.0665 NDCG: 0.0094-0.013-0.0171-0.0211 MRR: 0.0112-0.0128-0.0139-0.0144
[Test]: Precision: 0.0031-0.0026-0.002-0.0015 Recall: 0.0158-0.0265-0.0491-0.0724 NDCG: 0.0094-0.0125-0.0176-0.0221 MRR: 0.0108-0.0122-0.0135-0.0142
------------------------------------------------------
ood testing
[Valid]: Precision: 0.0024-0.002-0.0014-0.0011 Recall: 0.0213-0.035-0.0607-0.0915 NDCG: 0.0105-0.0141-0.0193-0.0244 MRR: 0.008-0.0091-0.01-0.0105
[Test]: Precision: 0.0025-0.002-0.0014-0.001 Recall: 0.0219-0.0362-0.0632-0.0908 NDCG: 0.0109-0.0145-0.02-0.0246 MRR: 0.0083-0.0093-0.0102-0.0107
------------------------------------------------------
------------------------------------------------------
Runing Epoch 129 valid loss 328.1106 costs 00: 00: 14
[Valid]: Precision: 0.0032-0.0028-0.002-0.0015 Recall: 0.0152-0.0283-0.0459-0.0665 NDCG: 0.0094-0.013-0.0171-0.0211 MRR: 0.0112-0.0128-0.0139-0.0144
[Test]: Precision: 0.0031-0.0026-0.002-0.0015 Recall: 0.0158-0.0265-0.0492-0.0724 NDCG: 0.0094-0.0125-0.0176-0.0221 MRR: 0.0108-0.0122-0.0135-0.0142
------------------------------------------------------
ood testing
[Valid]: Precision: 0.0024-0.002-0.0014-0.0011 Recall: 0.0213-0.035-0.0607-0.0915 NDCG: 0.0105-0.0141-0.0193-0.0244 MRR: 0.008-0.0091-0.01-0.0105
[Test]: Precision: 0.0025-0.002-0.0014-0.001 Recall: 0.0219-0.0362-0.0629-0.0908 NDCG: 0.0109-0.0145-0.0199-0.0246 MRR: 0.0083-0.0093-0.0102-0.0107
------------------------------------------------------
------------------------------------------------------
Runing Epoch 130 valid loss 328.1062 costs 00: 00: 13
[Valid]: Precision: 0.0032-0.0028-0.002-0.0015 Recall: 0.0152-0.0283-0.0459-0.0665 NDCG: 0.0094-0.013-0.0171-0.0211 MRR: 0.0112-0.0128-0.0139-0.0144
[Test]: Precision: 0.0031-0.0026-0.002-0.0015 Recall: 0.0158-0.0265-0.049-0.0724 NDCG: 0.0094-0.0125-0.0176-0.0221 MRR: 0.0108-0.0122-0.0135-0.0142
------------------------------------------------------
ood testing
[Valid]: Precision: 0.0024-0.002-0.0014-0.0011 Recall: 0.0213-0.035-0.0607-0.0915 NDCG: 0.0105-0.0141-0.0193-0.0244 MRR: 0.008-0.0091-0.01-0.0105
[Test]: Precision: 0.0025-0.002-0.0014-0.001 Recall: 0.0219-0.0362-0.0629-0.0908 NDCG: 0.0109-0.0145-0.0199-0.0246 MRR: 0.0083-0.0093-0.0102-0.0107
------------------------------------------------------
------------------------------------------------------
Runing Epoch 131 valid loss 328.1139 costs 00: 00: 13
[Valid]: Precision: 0.0032-0.0028-0.002-0.0015 Recall: 0.0152-0.0283-0.0459-0.0665 NDCG: 0.0094-0.013-0.0171-0.0211 MRR: 0.0112-0.0128-0.0139-0.0144
[Test]: Precision: 0.0031-0.0026-0.002-0.0015 Recall: 0.0158-0.0265-0.0493-0.0724 NDCG: 0.0094-0.0125-0.0176-0.0221 MRR: 0.0108-0.0122-0.0135-0.0142
------------------------------------------------------
ood testing
[Valid]: Precision: 0.0024-0.002-0.0014-0.0011 Recall: 0.0213-0.035-0.0607-0.0915 NDCG: 0.0105-0.0141-0.0193-0.0244 MRR: 0.008-0.0091-0.01-0.0105
[Test]: Precision: 0.0025-0.002-0.0014-0.001 Recall: 0.0219-0.0362-0.0632-0.0908 NDCG: 0.0109-0.0145-0.02-0.0246 MRR: 0.0083-0.0093-0.0102-0.0107
------------------------------------------------------
------------------------------------------------------
Runing Epoch 132 valid loss 328.1153 costs 00: 00: 13
[Valid]: Precision: 0.0032-0.0028-0.002-0.0015 Recall: 0.0152-0.0283-0.0459-0.0666 NDCG: 0.0094-0.013-0.0171-0.0211 MRR: 0.0112-0.0128-0.0139-0.0144
[Test]: Precision: 0.0031-0.0026-0.002-0.0015 Recall: 0.0158-0.0265-0.0491-0.0723 NDCG: 0.0094-0.0125-0.0176-0.0221 MRR: 0.0108-0.0122-0.0135-0.0142
------------------------------------------------------
ood testing
[Valid]: Precision: 0.0024-0.002-0.0014-0.0011 Recall: 0.0213-0.035-0.0607-0.0915 NDCG: 0.0105-0.0141-0.0193-0.0244 MRR: 0.008-0.0091-0.01-0.0105
[Test]: Precision: 0.0025-0.002-0.0014-0.001 Recall: 0.0219-0.0362-0.0632-0.0908 NDCG: 0.0109-0.0145-0.02-0.0246 MRR: 0.0083-0.0093-0.0102-0.0107
------------------------------------------------------
------------------------------------------------------
Runing Epoch 133 valid loss 328.1172 costs 00: 00: 13
[Valid]: Precision: 0.0032-0.0028-0.002-0.0015 Recall: 0.0152-0.0283-0.0459-0.0666 NDCG: 0.0094-0.013-0.0171-0.0211 MRR: 0.0112-0.0128-0.0139-0.0144
[Test]: Precision: 0.0031-0.0026-0.002-0.0015 Recall: 0.0158-0.0265-0.049-0.0723 NDCG: 0.0094-0.0125-0.0176-0.0221 MRR: 0.0108-0.0122-0.0135-0.0142
------------------------------------------------------
ood testing
[Valid]: Precision: 0.0024-0.002-0.0014-0.0011 Recall: 0.0213-0.035-0.0607-0.0915 NDCG: 0.0105-0.0141-0.0193-0.0244 MRR: 0.008-0.0091-0.01-0.0105
[Test]: Precision: 0.0025-0.002-0.0014-0.001 Recall: 0.0219-0.0362-0.0629-0.0908 NDCG: 0.0109-0.0145-0.0199-0.0246 MRR: 0.0083-0.0093-0.0102-0.0107
------------------------------------------------------
------------------------------------------------------
Runing Epoch 134 valid loss 328.1160 costs 00: 00: 13
[Valid]: Precision: 0.0032-0.0028-0.002-0.0015 Recall: 0.0152-0.0283-0.0459-0.0665 NDCG: 0.0094-0.013-0.0171-0.0211 MRR: 0.0112-0.0128-0.0139-0.0144
[Test]: Precision: 0.0031-0.0026-0.002-0.0015 Recall: 0.0158-0.0265-0.0491-0.0723 NDCG: 0.0094-0.0125-0.0176-0.0221 MRR: 0.0108-0.0122-0.0135-0.0142
------------------------------------------------------
ood testing
[Valid]: Precision: 0.0024-0.002-0.0014-0.0011 Recall: 0.0213-0.035-0.0607-0.0915 NDCG: 0.0105-0.0141-0.0193-0.0244 MRR: 0.008-0.0091-0.01-0.0105
[Test]: Precision: 0.0025-0.002-0.0014-0.001 Recall: 0.0219-0.0362-0.0632-0.0908 NDCG: 0.0109-0.0145-0.02-0.0246 MRR: 0.0083-0.0093-0.0102-0.0107
------------------------------------------------------
------------------------------------------------------
Runing Epoch 135 valid loss 328.1142 costs 00: 00: 13
[Valid]: Precision: 0.0032-0.0028-0.002-0.0015 Recall: 0.0152-0.0283-0.0459-0.0665 NDCG: 0.0094-0.013-0.0171-0.0211 MRR: 0.0112-0.0128-0.0139-0.0144
[Test]: Precision: 0.0031-0.0026-0.002-0.0015 Recall: 0.0158-0.0265-0.0492-0.0724 NDCG: 0.0094-0.0125-0.0176-0.0221 MRR: 0.0108-0.0122-0.0135-0.0142
------------------------------------------------------
ood testing
[Valid]: Precision: 0.0024-0.002-0.0014-0.0011 Recall: 0.0213-0.035-0.0607-0.0914 NDCG: 0.0105-0.0141-0.0193-0.0244 MRR: 0.008-0.0091-0.01-0.0105
[Test]: Precision: 0.0025-0.002-0.0014-0.001 Recall: 0.0219-0.0362-0.0629-0.0908 NDCG: 0.0109-0.0145-0.0199-0.0246 MRR: 0.0083-0.0093-0.0102-0.0107
------------------------------------------------------
------------------------------------------------------
Runing Epoch 136 valid loss 328.1137 costs 00: 00: 13
[Valid]: Precision: 0.0032-0.0028-0.002-0.0015 Recall: 0.0152-0.0283-0.0459-0.0665 NDCG: 0.0094-0.013-0.0171-0.0211 MRR: 0.0112-0.0128-0.0139-0.0144
[Test]: Precision: 0.0031-0.0026-0.002-0.0015 Recall: 0.0158-0.0265-0.0493-0.0724 NDCG: 0.0094-0.0125-0.0176-0.0221 MRR: 0.0108-0.0122-0.0135-0.0142
------------------------------------------------------
ood testing
[Valid]: Precision: 0.0024-0.002-0.0014-0.0011 Recall: 0.0213-0.035-0.0607-0.0914 NDCG: 0.0105-0.0141-0.0193-0.0244 MRR: 0.008-0.0091-0.01-0.0105
[Test]: Precision: 0.0025-0.002-0.0014-0.001 Recall: 0.0219-0.0362-0.0632-0.0909 NDCG: 0.0109-0.0145-0.02-0.0246 MRR: 0.0083-0.0093-0.0102-0.0107
------------------------------------------------------
------------------------------------------------------
Runing Epoch 137 valid loss 328.1133 costs 00: 00: 13
[Valid]: Precision: 0.0032-0.0028-0.002-0.0015 Recall: 0.0152-0.0283-0.0457-0.0665 NDCG: 0.0094-0.013-0.017-0.0211 MRR: 0.0112-0.0128-0.0139-0.0144
[Test]: Precision: 0.0031-0.0026-0.002-0.0015 Recall: 0.0158-0.0265-0.0493-0.0724 NDCG: 0.0094-0.0125-0.0176-0.0221 MRR: 0.0108-0.0122-0.0135-0.0142
------------------------------------------------------
ood testing
[Valid]: Precision: 0.0024-0.002-0.0014-0.0011 Recall: 0.0213-0.035-0.0608-0.0914 NDCG: 0.0105-0.0141-0.0193-0.0244 MRR: 0.008-0.0091-0.01-0.0105
[Test]: Precision: 0.0025-0.002-0.0014-0.001 Recall: 0.0219-0.0362-0.0632-0.0908 NDCG: 0.0109-0.0145-0.02-0.0246 MRR: 0.0083-0.0093-0.0102-0.0107
------------------------------------------------------
------------------------------------------------------
Runing Epoch 138 valid loss 328.1176 costs 00: 00: 13
[Valid]: Precision: 0.0032-0.0028-0.002-0.0015 Recall: 0.0152-0.0283-0.0457-0.0665 NDCG: 0.0094-0.013-0.017-0.0211 MRR: 0.0112-0.0128-0.0139-0.0144
[Test]: Precision: 0.0031-0.0026-0.002-0.0015 Recall: 0.0158-0.0265-0.0493-0.0723 NDCG: 0.0094-0.0125-0.0176-0.0221 MRR: 0.0108-0.0122-0.0135-0.0142
------------------------------------------------------
ood testing
[Valid]: Precision: 0.0024-0.002-0.0014-0.0011 Recall: 0.0213-0.035-0.0608-0.0916 NDCG: 0.0105-0.0141-0.0193-0.0244 MRR: 0.008-0.0091-0.01-0.0105
[Test]: Precision: 0.0025-0.002-0.0014-0.001 Recall: 0.0219-0.0362-0.0632-0.091 NDCG: 0.0109-0.0145-0.02-0.0246 MRR: 0.0083-0.0093-0.0102-0.0107
------------------------------------------------------
------------------------------------------------------
Runing Epoch 139 valid loss 328.1121 costs 00: 00: 13
[Valid]: Precision: 0.0032-0.0028-0.002-0.0015 Recall: 0.0152-0.0283-0.0457-0.0665 NDCG: 0.0094-0.013-0.017-0.0211 MRR: 0.0112-0.0128-0.0139-0.0144
[Test]: Precision: 0.0031-0.0026-0.002-0.0015 Recall: 0.0158-0.0265-0.0493-0.0724 NDCG: 0.0094-0.0125-0.0176-0.0221 MRR: 0.0108-0.0122-0.0135-0.0142
------------------------------------------------------
ood testing
[Valid]: Precision: 0.0024-0.002-0.0014-0.0011 Recall: 0.0213-0.035-0.0608-0.0915 NDCG: 0.0105-0.0141-0.0193-0.0244 MRR: 0.008-0.0091-0.01-0.0105
[Test]: Precision: 0.0025-0.002-0.0014-0.001 Recall: 0.0219-0.0362-0.0632-0.0908 NDCG: 0.0109-0.0145-0.02-0.0246 MRR: 0.0083-0.0093-0.0102-0.0107
------------------------------------------------------
------------------------------------------------------
Runing Epoch 140 valid loss 328.1138 costs 00: 00: 13
[Valid]: Precision: 0.0032-0.0028-0.002-0.0015 Recall: 0.0152-0.0283-0.0459-0.0665 NDCG: 0.0094-0.013-0.0171-0.0211 MRR: 0.0112-0.0128-0.0139-0.0144
[Test]: Precision: 0.0031-0.0026-0.002-0.0015 Recall: 0.0158-0.0265-0.0493-0.0724 NDCG: 0.0094-0.0125-0.0176-0.0221 MRR: 0.0108-0.0122-0.0135-0.0142
------------------------------------------------------
ood testing
[Valid]: Precision: 0.0024-0.002-0.0014-0.0011 Recall: 0.0213-0.035-0.0607-0.0915 NDCG: 0.0105-0.0141-0.0193-0.0244 MRR: 0.008-0.0091-0.01-0.0105
[Test]: Precision: 0.0025-0.002-0.0014-0.001 Recall: 0.0219-0.0362-0.0632-0.0908 NDCG: 0.0109-0.0145-0.02-0.0246 MRR: 0.0083-0.0093-0.0102-0.0107
------------------------------------------------------
------------------------------------------------------
Runing Epoch 141 valid loss 328.1122 costs 00: 00: 13
[Valid]: Precision: 0.0032-0.0028-0.002-0.0015 Recall: 0.0152-0.0283-0.0459-0.0666 NDCG: 0.0094-0.013-0.0171-0.0211 MRR: 0.0112-0.0128-0.0139-0.0144
[Test]: Precision: 0.0031-0.0026-0.002-0.0015 Recall: 0.0158-0.0265-0.0491-0.0723 NDCG: 0.0094-0.0125-0.0176-0.0221 MRR: 0.0108-0.0122-0.0135-0.0142
------------------------------------------------------
ood testing
[Valid]: Precision: 0.0024-0.002-0.0014-0.0011 Recall: 0.0213-0.035-0.0607-0.0915 NDCG: 0.0105-0.0141-0.0193-0.0244 MRR: 0.008-0.0091-0.01-0.0105
[Test]: Precision: 0.0025-0.002-0.0014-0.001 Recall: 0.0219-0.0362-0.0632-0.0908 NDCG: 0.0109-0.0145-0.02-0.0246 MRR: 0.0083-0.0093-0.0102-0.0107
------------------------------------------------------
------------------------------------------------------
Runing Epoch 142 valid loss 328.1134 costs 00: 00: 13
[Valid]: Precision: 0.0032-0.0028-0.002-0.0015 Recall: 0.0152-0.0283-0.0458-0.0665 NDCG: 0.0094-0.013-0.0171-0.0211 MRR: 0.0112-0.0128-0.0139-0.0144
[Test]: Precision: 0.0031-0.0026-0.002-0.0015 Recall: 0.0158-0.0265-0.0491-0.0724 NDCG: 0.0094-0.0125-0.0176-0.0221 MRR: 0.0108-0.0122-0.0135-0.0142
------------------------------------------------------
ood testing
[Valid]: Precision: 0.0024-0.002-0.0014-0.0011 Recall: 0.0213-0.035-0.0609-0.0915 NDCG: 0.0105-0.0141-0.0193-0.0244 MRR: 0.008-0.0091-0.01-0.0105
[Test]: Precision: 0.0025-0.002-0.0014-0.001 Recall: 0.0219-0.0362-0.0633-0.0908 NDCG: 0.0109-0.0145-0.02-0.0246 MRR: 0.0083-0.0093-0.0103-0.0107
------------------------------------------------------
------------------------------------------------------
Runing Epoch 143 valid loss 328.1150 costs 00: 00: 14
[Valid]: Precision: 0.0032-0.0028-0.002-0.0015 Recall: 0.0152-0.0283-0.0457-0.0666 NDCG: 0.0094-0.013-0.017-0.0211 MRR: 0.0112-0.0128-0.0139-0.0144
[Test]: Precision: 0.0031-0.0026-0.002-0.0015 Recall: 0.0158-0.0265-0.0491-0.0724 NDCG: 0.0094-0.0125-0.0176-0.0221 MRR: 0.0108-0.0122-0.0135-0.0142
------------------------------------------------------
ood testing
[Valid]: Precision: 0.0024-0.002-0.0014-0.0011 Recall: 0.0213-0.035-0.0608-0.0915 NDCG: 0.0105-0.0141-0.0193-0.0244 MRR: 0.008-0.0091-0.01-0.0105
[Test]: Precision: 0.0025-0.002-0.0014-0.001 Recall: 0.0219-0.0362-0.0632-0.0908 NDCG: 0.0109-0.0145-0.02-0.0246 MRR: 0.0083-0.0093-0.0102-0.0107
------------------------------------------------------
------------------------------------------------------
Runing Epoch 144 valid loss 328.1138 costs 00: 00: 13
[Valid]: Precision: 0.0032-0.0028-0.002-0.0015 Recall: 0.0152-0.0283-0.0457-0.0665 NDCG: 0.0094-0.013-0.017-0.0211 MRR: 0.0112-0.0128-0.0139-0.0144
[Test]: Precision: 0.0031-0.0026-0.002-0.0015 Recall: 0.0158-0.0265-0.0491-0.0724 NDCG: 0.0094-0.0125-0.0176-0.0221 MRR: 0.0108-0.0122-0.0135-0.0142
------------------------------------------------------
ood testing
[Valid]: Precision: 0.0024-0.002-0.0014-0.0011 Recall: 0.0213-0.035-0.0608-0.0914 NDCG: 0.0105-0.0141-0.0193-0.0244 MRR: 0.008-0.0091-0.01-0.0105
[Test]: Precision: 0.0025-0.002-0.0014-0.001 Recall: 0.0219-0.0362-0.0632-0.0908 NDCG: 0.0109-0.0145-0.02-0.0246 MRR: 0.0083-0.0093-0.0102-0.0107
------------------------------------------------------
------------------------------------------------------
Runing Epoch 145 valid loss 328.1085 costs 00: 00: 13
[Valid]: Precision: 0.0032-0.0028-0.002-0.0015 Recall: 0.0152-0.0283-0.0459-0.0666 NDCG: 0.0094-0.013-0.0171-0.0211 MRR: 0.0112-0.0128-0.0139-0.0144
[Test]: Precision: 0.0031-0.0026-0.002-0.0015 Recall: 0.0158-0.0265-0.0491-0.0723 NDCG: 0.0094-0.0125-0.0176-0.0221 MRR: 0.0108-0.0122-0.0135-0.0142
------------------------------------------------------
ood testing
[Valid]: Precision: 0.0024-0.002-0.0014-0.0011 Recall: 0.0213-0.035-0.0607-0.0915 NDCG: 0.0105-0.0141-0.0193-0.0244 MRR: 0.008-0.0091-0.01-0.0105
[Test]: Precision: 0.0025-0.002-0.0014-0.001 Recall: 0.0219-0.0362-0.0632-0.0908 NDCG: 0.0109-0.0145-0.02-0.0246 MRR: 0.0083-0.0093-0.0102-0.0107
------------------------------------------------------
------------------------------------------------------
Runing Epoch 146 valid loss 328.1169 costs 00: 00: 13
[Valid]: Precision: 0.0032-0.0028-0.002-0.0015 Recall: 0.0152-0.0283-0.0459-0.0665 NDCG: 0.0094-0.013-0.0171-0.0211 MRR: 0.0112-0.0128-0.0139-0.0144
[Test]: Precision: 0.0031-0.0026-0.002-0.0015 Recall: 0.0158-0.0265-0.0491-0.0722 NDCG: 0.0094-0.0125-0.0176-0.0221 MRR: 0.0108-0.0122-0.0135-0.0142
------------------------------------------------------
ood testing
[Valid]: Precision: 0.0024-0.002-0.0014-0.0011 Recall: 0.0213-0.035-0.0607-0.0916 NDCG: 0.0105-0.0141-0.0193-0.0244 MRR: 0.008-0.0091-0.01-0.0105
[Test]: Precision: 0.0025-0.002-0.0014-0.001 Recall: 0.0219-0.0362-0.0632-0.091 NDCG: 0.0109-0.0145-0.02-0.0246 MRR: 0.0083-0.0093-0.0102-0.0107
------------------------------------------------------
------------------------------------------------------
Runing Epoch 147 valid loss 328.1163 costs 00: 00: 13
[Valid]: Precision: 0.0032-0.0028-0.002-0.0015 Recall: 0.0152-0.0283-0.0457-0.0666 NDCG: 0.0094-0.013-0.017-0.0211 MRR: 0.0112-0.0128-0.0139-0.0144
[Test]: Precision: 0.0031-0.0026-0.002-0.0015 Recall: 0.0158-0.0265-0.0491-0.0722 NDCG: 0.0094-0.0125-0.0176-0.0221 MRR: 0.0108-0.0122-0.0135-0.0142
------------------------------------------------------
ood testing
[Valid]: Precision: 0.0024-0.002-0.0014-0.0011 Recall: 0.0213-0.035-0.0608-0.0916 NDCG: 0.0105-0.0141-0.0193-0.0244 MRR: 0.008-0.0091-0.01-0.0105
[Test]: Precision: 0.0025-0.002-0.0014-0.001 Recall: 0.0219-0.0362-0.0632-0.0909 NDCG: 0.0109-0.0145-0.02-0.0246 MRR: 0.0083-0.0093-0.0102-0.0107
------------------------------------------------------
------------------------------------------------------
Runing Epoch 148 valid loss 328.1134 costs 00: 00: 13
[Valid]: Precision: 0.0032-0.0028-0.002-0.0015 Recall: 0.0152-0.0283-0.0459-0.0665 NDCG: 0.0094-0.013-0.0171-0.0211 MRR: 0.0112-0.0128-0.0139-0.0144
[Test]: Precision: 0.0031-0.0026-0.002-0.0015 Recall: 0.0158-0.0265-0.0491-0.0722 NDCG: 0.0094-0.0125-0.0176-0.0221 MRR: 0.0108-0.0122-0.0135-0.0142
------------------------------------------------------
ood testing
[Valid]: Precision: 0.0024-0.002-0.0014-0.0011 Recall: 0.0213-0.035-0.0607-0.0916 NDCG: 0.0105-0.0141-0.0193-0.0244 MRR: 0.008-0.0091-0.01-0.0105
[Test]: Precision: 0.0025-0.002-0.0014-0.001 Recall: 0.0219-0.0362-0.0632-0.091 NDCG: 0.0109-0.0145-0.02-0.0246 MRR: 0.0083-0.0093-0.0102-0.0107
------------------------------------------------------
------------------------------------------------------
Runing Epoch 149 valid loss 328.1145 costs 00: 00: 13
[Valid]: Precision: 0.0032-0.0028-0.002-0.0015 Recall: 0.0152-0.0283-0.0459-0.0664 NDCG: 0.0094-0.013-0.0171-0.0211 MRR: 0.0113-0.0129-0.014-0.0145
[Test]: Precision: 0.0031-0.0026-0.002-0.0015 Recall: 0.0158-0.0265-0.0491-0.0725 NDCG: 0.0095-0.0125-0.0177-0.0222 MRR: 0.0109-0.0123-0.0136-0.0143
------------------------------------------------------
ood testing
[Valid]: Precision: 0.0024-0.002-0.0014-0.0011 Recall: 0.0213-0.035-0.0607-0.0916 NDCG: 0.0105-0.014-0.0192-0.0244 MRR: 0.0079-0.009-0.0099-0.0104
[Test]: Precision: 0.0025-0.002-0.0014-0.001 Recall: 0.0219-0.0362-0.0632-0.0909 NDCG: 0.0109-0.0145-0.02-0.0246 MRR: 0.0083-0.0093-0.0102-0.0107
------------------------------------------------------
------------------------------------------------------
Runing Epoch 150 valid loss 328.1217 costs 00: 00: 13
[Valid]: Precision: 0.0032-0.0028-0.002-0.0015 Recall: 0.0152-0.0283-0.0457-0.0666 NDCG: 0.0094-0.013-0.0171-0.0211 MRR: 0.0113-0.0129-0.014-0.0145
[Test]: Precision: 0.0031-0.0026-0.002-0.0015 Recall: 0.0158-0.0265-0.0491-0.0723 NDCG: 0.0095-0.0125-0.0177-0.0222 MRR: 0.0109-0.0123-0.0136-0.0143
------------------------------------------------------
ood testing
[Valid]: Precision: 0.0024-0.002-0.0014-0.0011 Recall: 0.0213-0.035-0.0608-0.0915 NDCG: 0.0105-0.014-0.0192-0.0244 MRR: 0.0079-0.009-0.0099-0.0104
[Test]: Precision: 0.0025-0.002-0.0014-0.001 Recall: 0.0219-0.0362-0.0632-0.0908 NDCG: 0.0109-0.0145-0.02-0.0246 MRR: 0.0083-0.0093-0.0102-0.0107
------------------------------------------------------
------------------------------------------------------
Runing Epoch 151 valid loss 328.1111 costs 00: 00: 13
[Valid]: Precision: 0.0032-0.0028-0.002-0.0015 Recall: 0.0152-0.0283-0.0457-0.0664 NDCG: 0.0094-0.013-0.017-0.021 MRR: 0.0112-0.0128-0.0139-0.0144
[Test]: Precision: 0.0031-0.0026-0.002-0.0015 Recall: 0.0158-0.0265-0.0492-0.0725 NDCG: 0.0094-0.0125-0.0176-0.0221 MRR: 0.0108-0.0122-0.0135-0.0142
------------------------------------------------------
ood testing
[Valid]: Precision: 0.0024-0.002-0.0014-0.0011 Recall: 0.0213-0.035-0.0608-0.0916 NDCG: 0.0105-0.0141-0.0193-0.0244 MRR: 0.008-0.0091-0.01-0.0105
[Test]: Precision: 0.0025-0.002-0.0014-0.001 Recall: 0.0219-0.0362-0.0632-0.0909 NDCG: 0.0109-0.0145-0.02-0.0246 MRR: 0.0083-0.0093-0.0102-0.0107
------------------------------------------------------
------------------------------------------------------
Runing Epoch 152 valid loss 328.1142 costs 00: 00: 14
[Valid]: Precision: 0.0032-0.0028-0.002-0.0015 Recall: 0.0152-0.0283-0.0457-0.0663 NDCG: 0.0094-0.013-0.017-0.021 MRR: 0.0112-0.0128-0.0139-0.0144
[Test]: Precision: 0.0031-0.0026-0.002-0.0015 Recall: 0.0158-0.0265-0.0492-0.0724 NDCG: 0.0094-0.0125-0.0176-0.0221 MRR: 0.0108-0.0122-0.0135-0.0142
------------------------------------------------------
ood testing
[Valid]: Precision: 0.0024-0.002-0.0014-0.0011 Recall: 0.0213-0.035-0.0608-0.0917 NDCG: 0.0105-0.0141-0.0193-0.0244 MRR: 0.008-0.0091-0.01-0.0105
[Test]: Precision: 0.0025-0.002-0.0014-0.001 Recall: 0.0219-0.0362-0.0632-0.091 NDCG: 0.0109-0.0145-0.02-0.0246 MRR: 0.0083-0.0093-0.0102-0.0107
------------------------------------------------------
------------------------------------------------------
Runing Epoch 153 valid loss 328.1112 costs 00: 00: 15
[Valid]: Precision: 0.0032-0.0028-0.002-0.0015 Recall: 0.0152-0.0283-0.0457-0.0663 NDCG: 0.0094-0.013-0.0171-0.021 MRR: 0.0113-0.0129-0.014-0.0145
[Test]: Precision: 0.0031-0.0026-0.002-0.0015 Recall: 0.0158-0.0265-0.0491-0.0724 NDCG: 0.0095-0.0125-0.0177-0.0222 MRR: 0.0109-0.0123-0.0136-0.0143
------------------------------------------------------
ood testing
[Valid]: Precision: 0.0024-0.002-0.0014-0.0011 Recall: 0.0213-0.035-0.0608-0.0917 NDCG: 0.0105-0.014-0.0192-0.0244 MRR: 0.0079-0.009-0.0099-0.0104
[Test]: Precision: 0.0025-0.002-0.0014-0.001 Recall: 0.0219-0.0362-0.0632-0.091 NDCG: 0.0109-0.0145-0.02-0.0246 MRR: 0.0083-0.0093-0.0102-0.0107
------------------------------------------------------
------------------------------------------------------
Runing Epoch 154 valid loss 328.1081 costs 00: 00: 14
[Valid]: Precision: 0.0032-0.0028-0.002-0.0015 Recall: 0.0152-0.0283-0.0457-0.0664 NDCG: 0.0094-0.013-0.017-0.021 MRR: 0.0112-0.0128-0.0139-0.0144
[Test]: Precision: 0.0031-0.0026-0.002-0.0015 Recall: 0.0158-0.0265-0.0491-0.0725 NDCG: 0.0094-0.0125-0.0176-0.0221 MRR: 0.0108-0.0122-0.0135-0.0142
------------------------------------------------------
ood testing
[Valid]: Precision: 0.0024-0.002-0.0014-0.0011 Recall: 0.0213-0.035-0.0608-0.0916 NDCG: 0.0105-0.0141-0.0193-0.0244 MRR: 0.008-0.0091-0.01-0.0105
[Test]: Precision: 0.0025-0.002-0.0014-0.001 Recall: 0.0219-0.0362-0.0632-0.0909 NDCG: 0.0109-0.0145-0.02-0.0246 MRR: 0.0083-0.0093-0.0102-0.0107
------------------------------------------------------
------------------------------------------------------
Runing Epoch 155 valid loss 328.1192 costs 00: 00: 13
[Valid]: Precision: 0.0032-0.0028-0.002-0.0015 Recall: 0.0152-0.0283-0.0459-0.0664 NDCG: 0.0094-0.013-0.0171-0.0211 MRR: 0.0113-0.0129-0.014-0.0145
[Test]: Precision: 0.0031-0.0026-0.002-0.0015 Recall: 0.0158-0.0265-0.0493-0.0725 NDCG: 0.0095-0.0125-0.0177-0.0222 MRR: 0.0109-0.0123-0.0136-0.0143
------------------------------------------------------
ood testing
[Valid]: Precision: 0.0024-0.002-0.0014-0.0011 Recall: 0.0213-0.035-0.0607-0.0916 NDCG: 0.0105-0.014-0.0192-0.0244 MRR: 0.0079-0.009-0.0099-0.0104
[Test]: Precision: 0.0025-0.002-0.0014-0.001 Recall: 0.0219-0.0362-0.0632-0.0909 NDCG: 0.0109-0.0145-0.02-0.0246 MRR: 0.0083-0.0093-0.0102-0.0107
------------------------------------------------------
------------------------------------------------------
Runing Epoch 156 valid loss 328.1160 costs 00: 00: 15
[Valid]: Precision: 0.0032-0.0028-0.002-0.0015 Recall: 0.0152-0.0283-0.0459-0.0666 NDCG: 0.0094-0.013-0.0171-0.0211 MRR: 0.0113-0.0129-0.014-0.0145
[Test]: Precision: 0.0031-0.0026-0.002-0.0015 Recall: 0.0158-0.0265-0.0493-0.0723 NDCG: 0.0095-0.0125-0.0177-0.0222 MRR: 0.0109-0.0123-0.0136-0.0143
------------------------------------------------------
ood testing
[Valid]: Precision: 0.0024-0.002-0.0014-0.0011 Recall: 0.0213-0.035-0.0607-0.0914 NDCG: 0.0105-0.014-0.0192-0.0244 MRR: 0.0079-0.009-0.0099-0.0104
[Test]: Precision: 0.0025-0.002-0.0014-0.001 Recall: 0.0219-0.0362-0.0632-0.0907 NDCG: 0.0109-0.0145-0.02-0.0245 MRR: 0.0083-0.0093-0.0102-0.0107
------------------------------------------------------
------------------------------------------------------
Runing Epoch 157 valid loss 328.1077 costs 00: 00: 15
[Valid]: Precision: 0.0032-0.0028-0.002-0.0015 Recall: 0.0152-0.0283-0.0459-0.0665 NDCG: 0.0094-0.013-0.0171-0.0211 MRR: 0.0113-0.0129-0.014-0.0145
[Test]: Precision: 0.0031-0.0026-0.002-0.0015 Recall: 0.0158-0.0265-0.0491-0.0723 NDCG: 0.0095-0.0125-0.0177-0.0222 MRR: 0.0109-0.0123-0.0136-0.0143
------------------------------------------------------
ood testing
[Valid]: Precision: 0.0024-0.002-0.0014-0.0011 Recall: 0.0213-0.035-0.0607-0.0914 NDCG: 0.0105-0.014-0.0192-0.0244 MRR: 0.0079-0.009-0.0099-0.0104
[Test]: Precision: 0.0025-0.002-0.0014-0.001 Recall: 0.0219-0.0362-0.0632-0.0908 NDCG: 0.0109-0.0145-0.02-0.0245 MRR: 0.0083-0.0093-0.0102-0.0107
------------------------------------------------------
------------------------------------------------------
Runing Epoch 158 valid loss 328.1098 costs 00: 00: 15
[Valid]: Precision: 0.0032-0.0028-0.002-0.0015 Recall: 0.0152-0.0283-0.0457-0.0666 NDCG: 0.0094-0.013-0.0171-0.0211 MRR: 0.0113-0.0129-0.014-0.0145
[Test]: Precision: 0.0031-0.0026-0.002-0.0015 Recall: 0.0158-0.0265-0.0491-0.0723 NDCG: 0.0095-0.0125-0.0176-0.0222 MRR: 0.0109-0.0123-0.0136-0.0143
------------------------------------------------------
ood testing
[Valid]: Precision: 0.0024-0.002-0.0014-0.0011 Recall: 0.0213-0.035-0.0608-0.0914 NDCG: 0.0105-0.014-0.0192-0.0244 MRR: 0.0079-0.009-0.0099-0.0104
[Test]: Precision: 0.0025-0.002-0.0014-0.001 Recall: 0.0219-0.0362-0.0632-0.0907 NDCG: 0.0109-0.0145-0.02-0.0245 MRR: 0.0083-0.0093-0.0102-0.0107
------------------------------------------------------
------------------------------------------------------
Runing Epoch 159 valid loss 328.1133 costs 00: 00: 14
[Valid]: Precision: 0.0032-0.0028-0.002-0.0015 Recall: 0.0152-0.0283-0.0457-0.0665 NDCG: 0.0094-0.013-0.0171-0.0211 MRR: 0.0113-0.0129-0.014-0.0145
[Test]: Precision: 0.0031-0.0026-0.002-0.0015 Recall: 0.0158-0.0265-0.0491-0.0723 NDCG: 0.0095-0.0125-0.0176-0.0222 MRR: 0.0109-0.0123-0.0136-0.0143
------------------------------------------------------
ood testing
[Valid]: Precision: 0.0024-0.002-0.0014-0.0011 Recall: 0.0213-0.035-0.0608-0.0916 NDCG: 0.0105-0.014-0.0192-0.0244 MRR: 0.0079-0.009-0.0099-0.0104
[Test]: Precision: 0.0025-0.002-0.0014-0.001 Recall: 0.0219-0.0362-0.0632-0.0908 NDCG: 0.0109-0.0145-0.02-0.0246 MRR: 0.0083-0.0093-0.0102-0.0107
------------------------------------------------------
------------------------------------------------------
Runing Epoch 160 valid loss 328.1148 costs 00: 00: 13
[Valid]: Precision: 0.0032-0.0028-0.002-0.0015 Recall: 0.0152-0.0283-0.046-0.0665 NDCG: 0.0094-0.013-0.0171-0.0211 MRR: 0.0112-0.0128-0.0139-0.0144
[Test]: Precision: 0.0031-0.0026-0.002-0.0015 Recall: 0.0158-0.0265-0.0491-0.0722 NDCG: 0.0094-0.0125-0.0176-0.0221 MRR: 0.0108-0.0122-0.0135-0.0141
------------------------------------------------------
ood testing
[Valid]: Precision: 0.0024-0.002-0.0014-0.0011 Recall: 0.0213-0.035-0.0608-0.0916 NDCG: 0.0105-0.0141-0.0193-0.0244 MRR: 0.008-0.0091-0.01-0.0105
[Test]: Precision: 0.0025-0.002-0.0014-0.001 Recall: 0.0219-0.0362-0.0633-0.091 NDCG: 0.0109-0.0145-0.02-0.0246 MRR: 0.0083-0.0093-0.0102-0.0107
------------------------------------------------------
------------------------------------------------------
Runing Epoch 161 valid loss 328.1149 costs 00: 00: 14
[Valid]: Precision: 0.0032-0.0028-0.002-0.0015 Recall: 0.0152-0.0283-0.0457-0.0665 NDCG: 0.0094-0.013-0.0171-0.0211 MRR: 0.0113-0.0129-0.014-0.0145
[Test]: Precision: 0.0031-0.0026-0.002-0.0015 Recall: 0.0158-0.0265-0.0488-0.0723 NDCG: 0.0095-0.0125-0.0176-0.0222 MRR: 0.0109-0.0123-0.0136-0.0143
------------------------------------------------------
ood testing
[Valid]: Precision: 0.0024-0.002-0.0014-0.0011 Recall: 0.0213-0.035-0.0605-0.0916 NDCG: 0.0105-0.014-0.0192-0.0244 MRR: 0.0079-0.009-0.0099-0.0104
[Test]: Precision: 0.0025-0.002-0.0014-0.001 Recall: 0.0219-0.0362-0.0631-0.091 NDCG: 0.0109-0.0145-0.0199-0.0246 MRR: 0.0083-0.0093-0.0102-0.0107
------------------------------------------------------
------------------------------------------------------
Runing Epoch 162 valid loss 328.1156 costs 00: 00: 14
[Valid]: Precision: 0.0032-0.0028-0.002-0.0015 Recall: 0.0152-0.0283-0.0459-0.0667 NDCG: 0.0094-0.013-0.0171-0.0211 MRR: 0.0113-0.0129-0.014-0.0145
[Test]: Precision: 0.0031-0.0026-0.002-0.0015 Recall: 0.0158-0.0265-0.049-0.0724 NDCG: 0.0095-0.0125-0.0176-0.0222 MRR: 0.0109-0.0123-0.0136-0.0143
------------------------------------------------------
ood testing
[Valid]: Precision: 0.0024-0.002-0.0014-0.0011 Recall: 0.0213-0.035-0.0607-0.0914 NDCG: 0.0105-0.014-0.0192-0.0243 MRR: 0.0079-0.009-0.0099-0.0104
[Test]: Precision: 0.0025-0.002-0.0014-0.001 Recall: 0.0219-0.0362-0.0629-0.0909 NDCG: 0.0109-0.0145-0.0199-0.0246 MRR: 0.0083-0.0093-0.0102-0.0107
------------------------------------------------------
------------------------------------------------------
Runing Epoch 163 valid loss 328.1114 costs 00: 00: 14
[Valid]: Precision: 0.0032-0.0028-0.002-0.0015 Recall: 0.0152-0.0283-0.046-0.0667 NDCG: 0.0094-0.013-0.0171-0.0211 MRR: 0.0112-0.0128-0.0139-0.0144
[Test]: Precision: 0.0031-0.0026-0.002-0.0015 Recall: 0.0158-0.0265-0.049-0.0725 NDCG: 0.0094-0.0125-0.0176-0.0221 MRR: 0.0108-0.0122-0.0135-0.0142
------------------------------------------------------
ood testing
[Valid]: Precision: 0.0024-0.002-0.0014-0.0011 Recall: 0.0213-0.035-0.0608-0.0917 NDCG: 0.0105-0.0141-0.0193-0.0244 MRR: 0.008-0.0091-0.01-0.0105
[Test]: Precision: 0.0025-0.002-0.0014-0.001 Recall: 0.0219-0.0362-0.063-0.0911 NDCG: 0.0109-0.0145-0.0199-0.0246 MRR: 0.0083-0.0093-0.0102-0.0107
------------------------------------------------------
------------------------------------------------------
Runing Epoch 164 valid loss 328.1083 costs 00: 00: 14
[Valid]: Precision: 0.0032-0.0028-0.002-0.0015 Recall: 0.0152-0.0283-0.0457-0.0667 NDCG: 0.0094-0.013-0.0171-0.0211 MRR: 0.0113-0.0129-0.014-0.0145
[Test]: Precision: 0.0031-0.0026-0.0019-0.0015 Recall: 0.0158-0.0265-0.0487-0.0724 NDCG: 0.0095-0.0125-0.0176-0.0222 MRR: 0.0109-0.0123-0.0136-0.0143
------------------------------------------------------
ood testing
[Valid]: Precision: 0.0024-0.002-0.0014-0.0011 Recall: 0.0213-0.035-0.0606-0.0916 NDCG: 0.0105-0.014-0.0192-0.0244 MRR: 0.0079-0.009-0.0099-0.0104
[Test]: Precision: 0.0025-0.002-0.0014-0.001 Recall: 0.0219-0.0362-0.0629-0.0913 NDCG: 0.0109-0.0145-0.0199-0.0246 MRR: 0.0083-0.0093-0.0102-0.0107
------------------------------------------------------
------------------------------------------------------
Runing Epoch 165 valid loss 328.1052 costs 00: 00: 14
[Valid]: Precision: 0.0032-0.0028-0.002-0.0015 Recall: 0.0152-0.0283-0.0457-0.0668 NDCG: 0.0094-0.013-0.0171-0.0211 MRR: 0.0113-0.0129-0.014-0.0145
[Test]: Precision: 0.0031-0.0026-0.0019-0.0015 Recall: 0.0158-0.0265-0.0487-0.0723 NDCG: 0.0095-0.0125-0.0176-0.0222 MRR: 0.0109-0.0123-0.0136-0.0143
------------------------------------------------------
ood testing
[Valid]: Precision: 0.0024-0.002-0.0014-0.0011 Recall: 0.0213-0.035-0.0606-0.0916 NDCG: 0.0105-0.014-0.0192-0.0244 MRR: 0.0079-0.009-0.0099-0.0104
[Test]: Precision: 0.0025-0.002-0.0014-0.001 Recall: 0.0219-0.0362-0.0629-0.0912 NDCG: 0.0109-0.0145-0.0199-0.0246 MRR: 0.0083-0.0093-0.0102-0.0107
------------------------------------------------------
------------------------------------------------------
Runing Epoch 166 valid loss 328.1167 costs 00: 00: 13
[Valid]: Precision: 0.0032-0.0028-0.002-0.0015 Recall: 0.0152-0.0283-0.0459-0.0666 NDCG: 0.0094-0.013-0.0171-0.0211 MRR: 0.0113-0.0129-0.014-0.0145
[Test]: Precision: 0.0031-0.0026-0.002-0.0015 Recall: 0.0158-0.0265-0.0488-0.0724 NDCG: 0.0095-0.0125-0.0176-0.0222 MRR: 0.0109-0.0123-0.0136-0.0143
------------------------------------------------------
ood testing
[Valid]: Precision: 0.0024-0.002-0.0014-0.0011 Recall: 0.0213-0.035-0.0606-0.0916 NDCG: 0.0105-0.014-0.0192-0.0244 MRR: 0.0079-0.009-0.0099-0.0104
[Test]: Precision: 0.0025-0.002-0.0014-0.001 Recall: 0.0219-0.0362-0.0631-0.0913 NDCG: 0.0109-0.0145-0.0199-0.0246 MRR: 0.0083-0.0093-0.0102-0.0107
------------------------------------------------------
------------------------------------------------------
Runing Epoch 167 valid loss 328.1197 costs 00: 00: 13
[Valid]: Precision: 0.0032-0.0028-0.002-0.0015 Recall: 0.0152-0.0283-0.0458-0.0667 NDCG: 0.0094-0.013-0.0171-0.0211 MRR: 0.0113-0.0129-0.014-0.0145
[Test]: Precision: 0.0031-0.0026-0.002-0.0015 Recall: 0.0158-0.0265-0.0491-0.0724 NDCG: 0.0095-0.0125-0.0177-0.0222 MRR: 0.0109-0.0123-0.0136-0.0143
------------------------------------------------------
ood testing
[Valid]: Precision: 0.0024-0.002-0.0014-0.0011 Recall: 0.0213-0.035-0.0608-0.0914 NDCG: 0.0105-0.014-0.0192-0.0244 MRR: 0.0079-0.009-0.0099-0.0104
[Test]: Precision: 0.0025-0.002-0.0014-0.001 Recall: 0.0219-0.0362-0.0631-0.091 NDCG: 0.0109-0.0145-0.0199-0.0246 MRR: 0.0083-0.0093-0.0102-0.0107
------------------------------------------------------
------------------------------------------------------
Runing Epoch 168 valid loss 328.1057 costs 00: 00: 13
[Valid]: Precision: 0.0032-0.0028-0.002-0.0015 Recall: 0.0152-0.0283-0.0459-0.0666 NDCG: 0.0094-0.013-0.0171-0.0211 MRR: 0.0113-0.0129-0.014-0.0145
[Test]: Precision: 0.0031-0.0026-0.002-0.0015 Recall: 0.0158-0.0265-0.0488-0.0724 NDCG: 0.0095-0.0125-0.0176-0.0222 MRR: 0.0109-0.0123-0.0136-0.0143
------------------------------------------------------
ood testing
[Valid]: Precision: 0.0024-0.002-0.0014-0.0011 Recall: 0.0213-0.035-0.0606-0.0915 NDCG: 0.0105-0.014-0.0192-0.0244 MRR: 0.0079-0.009-0.0099-0.0104
[Test]: Precision: 0.0025-0.002-0.0014-0.001 Recall: 0.0219-0.0362-0.0631-0.0912 NDCG: 0.0109-0.0145-0.0199-0.0246 MRR: 0.0083-0.0093-0.0102-0.0107
------------------------------------------------------
------------------------------------------------------
Runing Epoch 169 valid loss 328.1055 costs 00: 00: 13
[Valid]: Precision: 0.0032-0.0028-0.002-0.0015 Recall: 0.0152-0.0283-0.0458-0.0666 NDCG: 0.0094-0.013-0.0171-0.0211 MRR: 0.0113-0.0129-0.014-0.0145
[Test]: Precision: 0.0031-0.0026-0.0019-0.0016 Recall: 0.0158-0.0265-0.0487-0.0726 NDCG: 0.0095-0.0125-0.0176-0.0222 MRR: 0.0109-0.0123-0.0136-0.0143
------------------------------------------------------
ood testing
[Valid]: Precision: 0.0024-0.002-0.0014-0.0011 Recall: 0.0213-0.035-0.0607-0.0914 NDCG: 0.0105-0.014-0.0192-0.0243 MRR: 0.0079-0.009-0.0099-0.0104
[Test]: Precision: 0.0025-0.002-0.0014-0.001 Recall: 0.0219-0.0362-0.063-0.0911 NDCG: 0.0109-0.0145-0.0199-0.0246 MRR: 0.0083-0.0093-0.0102-0.0107
------------------------------------------------------
------------------------------------------------------
Runing Epoch 170 valid loss 328.1128 costs 00: 00: 13
[Valid]: Precision: 0.0032-0.0028-0.002-0.0015 Recall: 0.0152-0.0283-0.0457-0.0666 NDCG: 0.0094-0.013-0.017-0.0211 MRR: 0.0112-0.0128-0.0139-0.0144
[Test]: Precision: 0.0031-0.0026-0.0019-0.0015 Recall: 0.0158-0.0265-0.0487-0.0723 NDCG: 0.0094-0.0125-0.0175-0.0221 MRR: 0.0108-0.0122-0.0135-0.0142
------------------------------------------------------
ood testing
[Valid]: Precision: 0.0024-0.002-0.0014-0.0011 Recall: 0.0213-0.035-0.0606-0.0916 NDCG: 0.0105-0.0141-0.0192-0.0244 MRR: 0.008-0.0091-0.01-0.0105
[Test]: Precision: 0.0025-0.002-0.0014-0.001 Recall: 0.0219-0.0362-0.0629-0.0911 NDCG: 0.0109-0.0145-0.0199-0.0246 MRR: 0.0083-0.0093-0.0102-0.0107
------------------------------------------------------
------------------------------------------------------
Runing Epoch 171 valid loss 328.1168 costs 00: 00: 14
[Valid]: Precision: 0.0032-0.0028-0.002-0.0015 Recall: 0.0152-0.0283-0.0457-0.0666 NDCG: 0.0094-0.013-0.0171-0.0211 MRR: 0.0113-0.0129-0.014-0.0145
[Test]: Precision: 0.0031-0.0026-0.002-0.0015 Recall: 0.0158-0.0265-0.049-0.0723 NDCG: 0.0095-0.0125-0.0176-0.0222 MRR: 0.0109-0.0123-0.0136-0.0143
------------------------------------------------------
ood testing
[Valid]: Precision: 0.0024-0.002-0.0014-0.0011 Recall: 0.0213-0.035-0.0604-0.0916 NDCG: 0.0105-0.014-0.0192-0.0244 MRR: 0.0079-0.009-0.0099-0.0104
[Test]: Precision: 0.0025-0.002-0.0014-0.001 Recall: 0.0219-0.0362-0.0631-0.0911 NDCG: 0.0109-0.0145-0.0199-0.0246 MRR: 0.0083-0.0093-0.0102-0.0107
------------------------------------------------------
------------------------------------------------------
Runing Epoch 172 valid loss 328.1165 costs 00: 00: 13
[Valid]: Precision: 0.0032-0.0028-0.002-0.0015 Recall: 0.0152-0.0283-0.0457-0.0668 NDCG: 0.0094-0.013-0.017-0.0211 MRR: 0.0112-0.0128-0.0139-0.0144
[Test]: Precision: 0.0031-0.0026-0.002-0.0015 Recall: 0.0158-0.0265-0.0489-0.0723 NDCG: 0.0094-0.0125-0.0175-0.0221 MRR: 0.0108-0.0122-0.0135-0.0141
------------------------------------------------------
ood testing
[Valid]: Precision: 0.0024-0.002-0.0014-0.0011 Recall: 0.0213-0.035-0.0606-0.0915 NDCG: 0.0105-0.0141-0.0192-0.0244 MRR: 0.008-0.0091-0.01-0.0105
[Test]: Precision: 0.0025-0.002-0.0014-0.001 Recall: 0.0219-0.0362-0.0629-0.0911 NDCG: 0.0109-0.0145-0.0199-0.0246 MRR: 0.0083-0.0093-0.0102-0.0107
------------------------------------------------------
------------------------------------------------------
Runing Epoch 173 valid loss 328.1132 costs 00: 00: 13
[Valid]: Precision: 0.0032-0.0028-0.002-0.0015 Recall: 0.0152-0.0283-0.0457-0.0668 NDCG: 0.0094-0.013-0.017-0.0211 MRR: 0.0112-0.0128-0.0139-0.0144
[Test]: Precision: 0.0031-0.0026-0.002-0.0015 Recall: 0.0158-0.0265-0.0491-0.0725 NDCG: 0.0094-0.0125-0.0176-0.0222 MRR: 0.0108-0.0122-0.0135-0.0142
------------------------------------------------------
ood testing
[Valid]: Precision: 0.0024-0.002-0.0014-0.0011 Recall: 0.0213-0.035-0.0608-0.0914 NDCG: 0.0105-0.0141-0.0193-0.0244 MRR: 0.008-0.0091-0.01-0.0105
[Test]: Precision: 0.0025-0.002-0.0014-0.001 Recall: 0.0219-0.0362-0.0632-0.091 NDCG: 0.0109-0.0145-0.02-0.0246 MRR: 0.0083-0.0093-0.0102-0.0107
------------------------------------------------------
------------------------------------------------------
Runing Epoch 174 valid loss 328.1065 costs 00: 00: 14
[Valid]: Precision: 0.0032-0.0028-0.002-0.0015 Recall: 0.0152-0.0283-0.0457-0.0668 NDCG: 0.0094-0.013-0.0171-0.0211 MRR: 0.0113-0.0129-0.014-0.0145
[Test]: Precision: 0.0031-0.0026-0.002-0.0015 Recall: 0.0158-0.0265-0.049-0.0724 NDCG: 0.0095-0.0125-0.0176-0.0222 MRR: 0.0109-0.0123-0.0136-0.0143
------------------------------------------------------
ood testing
[Valid]: Precision: 0.0024-0.002-0.0014-0.0011 Recall: 0.0213-0.035-0.0604-0.0914 NDCG: 0.0105-0.014-0.0192-0.0243 MRR: 0.0079-0.009-0.0099-0.0104
[Test]: Precision: 0.0025-0.002-0.0014-0.001 Recall: 0.0219-0.0362-0.063-0.091 NDCG: 0.0109-0.0145-0.0199-0.0246 MRR: 0.0083-0.0093-0.0102-0.0107
------------------------------------------------------
------------------------------------------------------
Runing Epoch 175 valid loss 328.1059 costs 00: 00: 13
[Valid]: Precision: 0.0032-0.0028-0.002-0.0015 Recall: 0.0152-0.0283-0.0457-0.0663 NDCG: 0.0094-0.013-0.0171-0.021 MRR: 0.0112-0.0128-0.0139-0.0144
[Test]: Precision: 0.0031-0.0026-0.002-0.0015 Recall: 0.0158-0.0265-0.0488-0.0726 NDCG: 0.0094-0.0125-0.0175-0.0222 MRR: 0.0108-0.0122-0.0135-0.0142
------------------------------------------------------
ood testing
[Valid]: Precision: 0.0024-0.002-0.0014-0.0011 Recall: 0.0213-0.035-0.0604-0.0915 NDCG: 0.0105-0.0141-0.0192-0.0244 MRR: 0.008-0.0091-0.01-0.0105
[Test]: Precision: 0.0025-0.002-0.0014-0.001 Recall: 0.0219-0.0362-0.063-0.091 NDCG: 0.0109-0.0145-0.0199-0.0246 MRR: 0.0083-0.0093-0.0102-0.0107
------------------------------------------------------
------------------------------------------------------
Runing Epoch 176 valid loss 328.1155 costs 00: 00: 14
[Valid]: Precision: 0.0032-0.0028-0.002-0.0015 Recall: 0.0152-0.0283-0.0457-0.0666 NDCG: 0.0094-0.013-0.0171-0.0211 MRR: 0.0112-0.0128-0.0139-0.0144
[Test]: Precision: 0.0031-0.0026-0.002-0.0015 Recall: 0.0158-0.0265-0.0488-0.0724 NDCG: 0.0094-0.0125-0.0175-0.0221 MRR: 0.0108-0.0122-0.0135-0.0142
------------------------------------------------------
ood testing
[Valid]: Precision: 0.0024-0.002-0.0014-0.0011 Recall: 0.0213-0.035-0.0605-0.0916 NDCG: 0.0105-0.0141-0.0192-0.0244 MRR: 0.008-0.0091-0.01-0.0105
[Test]: Precision: 0.0025-0.002-0.0014-0.001 Recall: 0.0219-0.0362-0.063-0.091 NDCG: 0.0109-0.0145-0.0199-0.0246 MRR: 0.0083-0.0093-0.0102-0.0107
------------------------------------------------------
------------------------------------------------------
Runing Epoch 177 valid loss 328.1128 costs 00: 00: 13
[Valid]: Precision: 0.0032-0.0028-0.002-0.0015 Recall: 0.0152-0.0283-0.0457-0.0663 NDCG: 0.0094-0.013-0.0171-0.021 MRR: 0.0112-0.0128-0.0139-0.0144
[Test]: Precision: 0.0031-0.0026-0.002-0.0015 Recall: 0.0158-0.0265-0.0493-0.0726 NDCG: 0.0094-0.0125-0.0176-0.0222 MRR: 0.0108-0.0122-0.0135-0.0142
------------------------------------------------------
ood testing
[Valid]: Precision: 0.0024-0.002-0.0014-0.0011 Recall: 0.0213-0.035-0.0606-0.0917 NDCG: 0.0105-0.0141-0.0192-0.0244 MRR: 0.008-0.0091-0.01-0.0105
[Test]: Precision: 0.0025-0.002-0.0014-0.001 Recall: 0.0219-0.0362-0.063-0.0911 NDCG: 0.0109-0.0145-0.0199-0.0246 MRR: 0.0083-0.0093-0.0102-0.0107
------------------------------------------------------
------------------------------------------------------
Runing Epoch 178 valid loss 328.1116 costs 00: 00: 13
[Valid]: Precision: 0.0032-0.0028-0.002-0.0015 Recall: 0.0152-0.0283-0.0457-0.0666 NDCG: 0.0094-0.013-0.0171-0.0211 MRR: 0.0112-0.0128-0.0139-0.0144
[Test]: Precision: 0.0031-0.0026-0.002-0.0015 Recall: 0.0158-0.0265-0.049-0.0724 NDCG: 0.0094-0.0125-0.0176-0.0221 MRR: 0.0108-0.0122-0.0135-0.0142
------------------------------------------------------
ood testing
[Valid]: Precision: 0.0024-0.002-0.0014-0.0011 Recall: 0.0213-0.035-0.0605-0.0916 NDCG: 0.0105-0.0141-0.0192-0.0244 MRR: 0.008-0.0091-0.01-0.0105
[Test]: Precision: 0.0025-0.002-0.0014-0.001 Recall: 0.0219-0.0362-0.063-0.091 NDCG: 0.0109-0.0145-0.0199-0.0246 MRR: 0.0083-0.0093-0.0102-0.0107
------------------------------------------------------
------------------------------------------------------
Runing Epoch 179 valid loss 328.1086 costs 00: 00: 13
[Valid]: Precision: 0.0032-0.0028-0.002-0.0015 Recall: 0.0152-0.0283-0.0457-0.0666 NDCG: 0.0094-0.013-0.0171-0.0211 MRR: 0.0113-0.0129-0.014-0.0145
[Test]: Precision: 0.0031-0.0026-0.002-0.0015 Recall: 0.0158-0.0265-0.049-0.0724 NDCG: 0.0095-0.0125-0.0176-0.0222 MRR: 0.0109-0.0123-0.0136-0.0143
------------------------------------------------------
ood testing
[Valid]: Precision: 0.0024-0.002-0.0014-0.0011 Recall: 0.0213-0.035-0.0605-0.0915 NDCG: 0.0105-0.014-0.0192-0.0244 MRR: 0.0079-0.009-0.0099-0.0104
[Test]: Precision: 0.0025-0.002-0.0014-0.001 Recall: 0.0219-0.0362-0.0631-0.091 NDCG: 0.0109-0.0145-0.0199-0.0246 MRR: 0.0083-0.0093-0.0102-0.0107
------------------------------------------------------
------------------------------------------------------
Runing Epoch 180 valid loss 328.1127 costs 00: 00: 14
[Valid]: Precision: 0.0032-0.0028-0.002-0.0015 Recall: 0.0152-0.0283-0.0457-0.0665 NDCG: 0.0094-0.013-0.0171-0.0211 MRR: 0.0113-0.0129-0.014-0.0145
[Test]: Precision: 0.0031-0.0026-0.002-0.0015 Recall: 0.0158-0.0265-0.0488-0.0724 NDCG: 0.0095-0.0125-0.0176-0.0222 MRR: 0.0109-0.0123-0.0136-0.0143
------------------------------------------------------
ood testing
[Valid]: Precision: 0.0024-0.002-0.0014-0.0011 Recall: 0.0213-0.035-0.0605-0.0916 NDCG: 0.0105-0.014-0.0192-0.0244 MRR: 0.0079-0.009-0.0099-0.0104
[Test]: Precision: 0.0025-0.002-0.0014-0.001 Recall: 0.0219-0.0362-0.0631-0.091 NDCG: 0.0109-0.0145-0.0199-0.0246 MRR: 0.0083-0.0093-0.0102-0.0107
------------------------------------------------------
------------------------------------------------------
Runing Epoch 181 valid loss 328.1130 costs 00: 00: 15
[Valid]: Precision: 0.0032-0.0028-0.002-0.0015 Recall: 0.0152-0.0283-0.0458-0.0663 NDCG: 0.0094-0.013-0.0171-0.021 MRR: 0.0113-0.0129-0.014-0.0145
[Test]: Precision: 0.0031-0.0026-0.002-0.0015 Recall: 0.0158-0.0265-0.0493-0.0724 NDCG: 0.0095-0.0125-0.0177-0.0222 MRR: 0.0109-0.0123-0.0136-0.0143
------------------------------------------------------
ood testing
[Valid]: Precision: 0.0024-0.002-0.0014-0.0011 Recall: 0.0213-0.035-0.0606-0.0916 NDCG: 0.0105-0.014-0.0192-0.0244 MRR: 0.0079-0.009-0.0099-0.0104
[Test]: Precision: 0.0025-0.002-0.0014-0.001 Recall: 0.0219-0.0362-0.0631-0.091 NDCG: 0.0109-0.0145-0.0199-0.0246 MRR: 0.0083-0.0093-0.0102-0.0107
------------------------------------------------------
------------------------------------------------------
Runing Epoch 182 valid loss 328.1127 costs 00: 00: 14
[Valid]: Precision: 0.0032-0.0028-0.002-0.0015 Recall: 0.0152-0.0283-0.0457-0.0665 NDCG: 0.0094-0.013-0.0171-0.0211 MRR: 0.0113-0.0129-0.014-0.0145
[Test]: Precision: 0.0031-0.0026-0.002-0.0015 Recall: 0.0158-0.0265-0.0493-0.0724 NDCG: 0.0095-0.0125-0.0177-0.0222 MRR: 0.0109-0.0123-0.0136-0.0143
------------------------------------------------------
ood testing
[Valid]: Precision: 0.0024-0.002-0.0014-0.0011 Recall: 0.0213-0.035-0.0606-0.0916 NDCG: 0.0105-0.014-0.0192-0.0244 MRR: 0.0079-0.009-0.0099-0.0104
[Test]: Precision: 0.0025-0.002-0.0014-0.001 Recall: 0.0219-0.0362-0.0631-0.091 NDCG: 0.0109-0.0145-0.0199-0.0246 MRR: 0.0083-0.0093-0.0102-0.0107
------------------------------------------------------
------------------------------------------------------
Runing Epoch 183 valid loss 328.1086 costs 00: 00: 13
[Valid]: Precision: 0.0032-0.0028-0.002-0.0015 Recall: 0.0152-0.0283-0.0457-0.0665 NDCG: 0.0094-0.013-0.0171-0.0211 MRR: 0.0113-0.0129-0.014-0.0145
[Test]: Precision: 0.0031-0.0026-0.002-0.0015 Recall: 0.0158-0.0265-0.0488-0.0724 NDCG: 0.0095-0.0125-0.0176-0.0222 MRR: 0.0109-0.0123-0.0136-0.0143
------------------------------------------------------
ood testing
[Valid]: Precision: 0.0024-0.002-0.0014-0.0011 Recall: 0.0213-0.035-0.0604-0.0915 NDCG: 0.0105-0.014-0.0192-0.0244 MRR: 0.0079-0.009-0.0099-0.0104
[Test]: Precision: 0.0025-0.002-0.0014-0.001 Recall: 0.0219-0.0362-0.0631-0.091 NDCG: 0.0109-0.0145-0.0199-0.0246 MRR: 0.0083-0.0093-0.0102-0.0107
------------------------------------------------------
------------------------------------------------------
Runing Epoch 184 valid loss 328.1110 costs 00: 00: 12
[Valid]: Precision: 0.0032-0.0028-0.002-0.0015 Recall: 0.0152-0.0283-0.0458-0.0665 NDCG: 0.0094-0.013-0.0171-0.0211 MRR: 0.0113-0.0129-0.014-0.0145
[Test]: Precision: 0.0031-0.0026-0.0019-0.0015 Recall: 0.0158-0.0265-0.0487-0.0724 NDCG: 0.0095-0.0125-0.0176-0.0222 MRR: 0.0109-0.0123-0.0136-0.0143
------------------------------------------------------
ood testing
[Valid]: Precision: 0.0024-0.002-0.0014-0.0011 Recall: 0.0213-0.035-0.0607-0.0916 NDCG: 0.0105-0.014-0.0192-0.0244 MRR: 0.0079-0.009-0.0099-0.0104
[Test]: Precision: 0.0025-0.002-0.0014-0.001 Recall: 0.0219-0.0362-0.0631-0.091 NDCG: 0.0109-0.0145-0.0199-0.0246 MRR: 0.0083-0.0093-0.0102-0.0107
------------------------------------------------------
------------------------------------------------------
Runing Epoch 185 valid loss 328.1127 costs 00: 00: 12
[Valid]: Precision: 0.0032-0.0028-0.002-0.0015 Recall: 0.0152-0.0283-0.0458-0.0665 NDCG: 0.0094-0.013-0.0171-0.0211 MRR: 0.0112-0.0128-0.0139-0.0144
[Test]: Precision: 0.0031-0.0026-0.0019-0.0015 Recall: 0.0158-0.0265-0.0487-0.0724 NDCG: 0.0094-0.0125-0.0175-0.0221 MRR: 0.0108-0.0122-0.0135-0.0142
------------------------------------------------------
ood testing
[Valid]: Precision: 0.0024-0.002-0.0014-0.0011 Recall: 0.0213-0.035-0.0607-0.0915 NDCG: 0.0105-0.0141-0.0193-0.0244 MRR: 0.008-0.0091-0.01-0.0105
[Test]: Precision: 0.0025-0.002-0.0014-0.001 Recall: 0.0219-0.0362-0.063-0.091 NDCG: 0.0109-0.0145-0.0199-0.0246 MRR: 0.0083-0.0093-0.0102-0.0107
------------------------------------------------------
------------------------------------------------------
Runing Epoch 186 valid loss 328.1188 costs 00: 00: 12
[Valid]: Precision: 0.0032-0.0028-0.002-0.0015 Recall: 0.0152-0.0283-0.0457-0.0665 NDCG: 0.0094-0.013-0.0171-0.0211 MRR: 0.0113-0.0129-0.014-0.0145
[Test]: Precision: 0.0031-0.0026-0.0019-0.0015 Recall: 0.0158-0.0265-0.0487-0.0723 NDCG: 0.0095-0.0125-0.0176-0.0222 MRR: 0.0109-0.0123-0.0136-0.0143
------------------------------------------------------
ood testing
[Valid]: Precision: 0.0024-0.002-0.0014-0.0011 Recall: 0.0213-0.035-0.0606-0.0915 NDCG: 0.0105-0.014-0.0192-0.0244 MRR: 0.0079-0.009-0.0099-0.0104
[Test]: Precision: 0.0025-0.002-0.0014-0.001 Recall: 0.0219-0.0362-0.0629-0.091 NDCG: 0.0109-0.0145-0.0199-0.0246 MRR: 0.0083-0.0093-0.0102-0.0107
------------------------------------------------------
------------------------------------------------------
Runing Epoch 187 valid loss 328.1067 costs 00: 00: 13
[Valid]: Precision: 0.0032-0.0028-0.002-0.0015 Recall: 0.0152-0.0283-0.0459-0.0665 NDCG: 0.0094-0.013-0.0171-0.0211 MRR: 0.0113-0.0129-0.014-0.0145
[Test]: Precision: 0.0031-0.0026-0.002-0.0015 Recall: 0.0158-0.0265-0.049-0.0724 NDCG: 0.0095-0.0125-0.0176-0.0222 MRR: 0.0109-0.0123-0.0136-0.0143
------------------------------------------------------
ood testing
[Valid]: Precision: 0.0024-0.002-0.0014-0.0011 Recall: 0.0213-0.035-0.0606-0.0915 NDCG: 0.0105-0.014-0.0192-0.0244 MRR: 0.0079-0.009-0.0099-0.0104
[Test]: Precision: 0.0025-0.002-0.0014-0.001 Recall: 0.0219-0.0362-0.0631-0.091 NDCG: 0.0109-0.0145-0.0199-0.0246 MRR: 0.0083-0.0093-0.0102-0.0107
------------------------------------------------------
------------------------------------------------------
Runing Epoch 188 valid loss 328.1108 costs 00: 00: 13
[Valid]: Precision: 0.0032-0.0028-0.002-0.0015 Recall: 0.0152-0.0283-0.046-0.0666 NDCG: 0.0094-0.013-0.0171-0.0211 MRR: 0.0113-0.0129-0.014-0.0145
[Test]: Precision: 0.0031-0.0026-0.002-0.0015 Recall: 0.0158-0.0265-0.0492-0.0724 NDCG: 0.0095-0.0125-0.0177-0.0222 MRR: 0.0109-0.0123-0.0136-0.0143
------------------------------------------------------
ood testing
[Valid]: Precision: 0.0024-0.002-0.0014-0.0011 Recall: 0.0213-0.035-0.0609-0.0915 NDCG: 0.0105-0.014-0.0193-0.0244 MRR: 0.0079-0.009-0.0099-0.0104
[Test]: Precision: 0.0025-0.002-0.0014-0.001 Recall: 0.0219-0.0362-0.063-0.0908 NDCG: 0.0109-0.0145-0.0199-0.0246 MRR: 0.0083-0.0093-0.0102-0.0107
------------------------------------------------------
------------------------------------------------------
Runing Epoch 189 valid loss 328.1085 costs 00: 00: 13
[Valid]: Precision: 0.0032-0.0028-0.002-0.0015 Recall: 0.0152-0.0283-0.046-0.0665 NDCG: 0.0094-0.013-0.0171-0.0211 MRR: 0.0113-0.0129-0.014-0.0145
[Test]: Precision: 0.0031-0.0026-0.002-0.0015 Recall: 0.0158-0.0265-0.049-0.0726 NDCG: 0.0095-0.0125-0.0176-0.0222 MRR: 0.0109-0.0123-0.0136-0.0143
------------------------------------------------------
ood testing
[Valid]: Precision: 0.0024-0.002-0.0014-0.0011 Recall: 0.0213-0.035-0.0609-0.0914 NDCG: 0.0105-0.014-0.0193-0.0243 MRR: 0.0079-0.009-0.0099-0.0104
[Test]: Precision: 0.0025-0.002-0.0014-0.001 Recall: 0.0219-0.0362-0.063-0.091 NDCG: 0.0109-0.0145-0.0199-0.0246 MRR: 0.0083-0.0093-0.0102-0.0107
------------------------------------------------------
------------------------------------------------------
Runing Epoch 190 valid loss 328.1142 costs 00: 00: 13
[Valid]: Precision: 0.0032-0.0028-0.002-0.0015 Recall: 0.0152-0.0283-0.0459-0.0668 NDCG: 0.0094-0.013-0.0171-0.0211 MRR: 0.0113-0.0129-0.014-0.0145
[Test]: Precision: 0.0031-0.0026-0.002-0.0015 Recall: 0.0158-0.0265-0.0492-0.0725 NDCG: 0.0095-0.0125-0.0177-0.0222 MRR: 0.0109-0.0123-0.0136-0.0143
------------------------------------------------------
ood testing
[Valid]: Precision: 0.0024-0.002-0.0014-0.0011 Recall: 0.0213-0.035-0.0607-0.0914 NDCG: 0.0105-0.014-0.0192-0.0243 MRR: 0.0079-0.009-0.0099-0.0104
[Test]: Precision: 0.0025-0.002-0.0014-0.001 Recall: 0.0219-0.0362-0.0629-0.091 NDCG: 0.0109-0.0145-0.0199-0.0246 MRR: 0.0083-0.0093-0.0102-0.0107
------------------------------------------------------
------------------------------------------------------
Runing Epoch 191 valid loss 328.1142 costs 00: 00: 13
[Valid]: Precision: 0.0032-0.0028-0.002-0.0015 Recall: 0.0152-0.0283-0.0459-0.0668 NDCG: 0.0094-0.013-0.0171-0.0211 MRR: 0.0113-0.0129-0.014-0.0145
[Test]: Precision: 0.0031-0.0026-0.002-0.0015 Recall: 0.0158-0.0265-0.0492-0.0725 NDCG: 0.0095-0.0125-0.0177-0.0222 MRR: 0.0109-0.0123-0.0136-0.0143
------------------------------------------------------
ood testing
[Valid]: Precision: 0.0024-0.002-0.0014-0.0011 Recall: 0.0213-0.035-0.0607-0.0914 NDCG: 0.0105-0.014-0.0192-0.0243 MRR: 0.0079-0.009-0.0099-0.0104
[Test]: Precision: 0.0025-0.002-0.0014-0.001 Recall: 0.0219-0.0362-0.0629-0.0908 NDCG: 0.0109-0.0145-0.0199-0.0246 MRR: 0.0083-0.0093-0.0102-0.0107
------------------------------------------------------
------------------------------------------------------
Runing Epoch 192 valid loss 328.1064 costs 00: 00: 13
[Valid]: Precision: 0.0032-0.0028-0.002-0.0015 Recall: 0.0152-0.0283-0.0459-0.0668 NDCG: 0.0094-0.013-0.0171-0.0211 MRR: 0.0113-0.0129-0.014-0.0145
[Test]: Precision: 0.0031-0.0026-0.002-0.0015 Recall: 0.0158-0.0265-0.0488-0.0725 NDCG: 0.0095-0.0125-0.0176-0.0222 MRR: 0.0109-0.0123-0.0136-0.0143
------------------------------------------------------
ood testing
[Valid]: Precision: 0.0024-0.002-0.0014-0.0011 Recall: 0.0213-0.035-0.0606-0.0914 NDCG: 0.0105-0.014-0.0192-0.0243 MRR: 0.0079-0.009-0.0099-0.0104
[Test]: Precision: 0.0025-0.002-0.0014-0.001 Recall: 0.0219-0.0362-0.0631-0.091 NDCG: 0.0109-0.0145-0.0199-0.0246 MRR: 0.0083-0.0093-0.0102-0.0107
------------------------------------------------------
------------------------------------------------------
Runing Epoch 193 valid loss 328.1140 costs 00: 00: 12
[Valid]: Precision: 0.0032-0.0028-0.002-0.0015 Recall: 0.0152-0.0283-0.0458-0.0664 NDCG: 0.0094-0.013-0.0171-0.0211 MRR: 0.0113-0.0129-0.014-0.0145
[Test]: Precision: 0.0031-0.0026-0.0019-0.0015 Recall: 0.0158-0.0265-0.0487-0.0724 NDCG: 0.0095-0.0125-0.0176-0.0222 MRR: 0.0109-0.0123-0.0136-0.0143
------------------------------------------------------
ood testing
[Valid]: Precision: 0.0024-0.002-0.0014-0.0011 Recall: 0.0213-0.035-0.0607-0.0915 NDCG: 0.0105-0.014-0.0192-0.0244 MRR: 0.0079-0.009-0.0099-0.0104
[Test]: Precision: 0.0025-0.002-0.0014-0.001 Recall: 0.0219-0.0362-0.063-0.091 NDCG: 0.0109-0.0145-0.0199-0.0246 MRR: 0.0083-0.0093-0.0102-0.0107
------------------------------------------------------
------------------------------------------------------
Runing Epoch 194 valid loss 328.1055 costs 00: 00: 12
[Valid]: Precision: 0.0032-0.0028-0.002-0.0015 Recall: 0.0152-0.0283-0.0457-0.0666 NDCG: 0.0094-0.013-0.0171-0.0211 MRR: 0.0113-0.0129-0.014-0.0145
[Test]: Precision: 0.0031-0.0026-0.002-0.0015 Recall: 0.0158-0.0265-0.049-0.0725 NDCG: 0.0095-0.0125-0.0176-0.0222 MRR: 0.0109-0.0123-0.0136-0.0143
------------------------------------------------------
ood testing
[Valid]: Precision: 0.0024-0.002-0.0014-0.0011 Recall: 0.0213-0.035-0.0605-0.0916 NDCG: 0.0105-0.014-0.0192-0.0244 MRR: 0.0079-0.009-0.0099-0.0104
[Test]: Precision: 0.0025-0.002-0.0014-0.001 Recall: 0.0219-0.0362-0.063-0.091 NDCG: 0.0109-0.0145-0.0199-0.0246 MRR: 0.0083-0.0093-0.0102-0.0107
------------------------------------------------------
------------------------------------------------------
Runing Epoch 195 valid loss 328.1117 costs 00: 00: 13
[Valid]: Precision: 0.0032-0.0028-0.002-0.0015 Recall: 0.0152-0.0283-0.0457-0.0667 NDCG: 0.0094-0.013-0.0171-0.0211 MRR: 0.0113-0.0129-0.014-0.0145
[Test]: Precision: 0.0031-0.0026-0.002-0.0015 Recall: 0.0158-0.0265-0.0493-0.0724 NDCG: 0.0095-0.0125-0.0177-0.0222 MRR: 0.0109-0.0123-0.0136-0.0143
------------------------------------------------------
ood testing
[Valid]: Precision: 0.0024-0.002-0.0014-0.0011 Recall: 0.0213-0.035-0.0608-0.0916 NDCG: 0.0105-0.014-0.0192-0.0244 MRR: 0.0079-0.009-0.0099-0.0104
[Test]: Precision: 0.0025-0.002-0.0014-0.001 Recall: 0.0219-0.0362-0.0632-0.0909 NDCG: 0.0109-0.0145-0.02-0.0246 MRR: 0.0083-0.0093-0.0102-0.0107
------------------------------------------------------
------------------------------------------------------
Runing Epoch 196 valid loss 328.1101 costs 00: 00: 12
[Valid]: Precision: 0.0032-0.0028-0.002-0.0015 Recall: 0.0152-0.0283-0.0457-0.0668 NDCG: 0.0094-0.013-0.0171-0.0211 MRR: 0.0113-0.0129-0.014-0.0145
[Test]: Precision: 0.0031-0.0026-0.002-0.0015 Recall: 0.0158-0.0265-0.049-0.0725 NDCG: 0.0095-0.0125-0.0176-0.0222 MRR: 0.0109-0.0123-0.0136-0.0143
------------------------------------------------------
ood testing
[Valid]: Precision: 0.0024-0.002-0.0014-0.0011 Recall: 0.0213-0.035-0.0605-0.0916 NDCG: 0.0105-0.014-0.0192-0.0244 MRR: 0.0079-0.009-0.0099-0.0104
[Test]: Precision: 0.0025-0.002-0.0014-0.001 Recall: 0.0219-0.0362-0.063-0.0908 NDCG: 0.0109-0.0145-0.0199-0.0246 MRR: 0.0083-0.0093-0.0102-0.0107
------------------------------------------------------
------------------------------------------------------
Runing Epoch 197 valid loss 328.1162 costs 00: 00: 12
[Valid]: Precision: 0.0032-0.0028-0.002-0.0015 Recall: 0.0152-0.0283-0.0457-0.0665 NDCG: 0.0094-0.013-0.0171-0.0211 MRR: 0.0113-0.0129-0.014-0.0145
[Test]: Precision: 0.0031-0.0026-0.002-0.0015 Recall: 0.0158-0.0265-0.0487-0.0726 NDCG: 0.0095-0.0125-0.0176-0.0222 MRR: 0.0109-0.0123-0.0136-0.0143
------------------------------------------------------
ood testing
[Valid]: Precision: 0.0024-0.002-0.0014-0.0011 Recall: 0.0213-0.035-0.0606-0.0916 NDCG: 0.0105-0.014-0.0192-0.0244 MRR: 0.0079-0.009-0.0099-0.0104
[Test]: Precision: 0.0025-0.002-0.0014-0.001 Recall: 0.0219-0.0362-0.0629-0.0913 NDCG: 0.0109-0.0145-0.0199-0.0246 MRR: 0.0083-0.0093-0.0102-0.0107
------------------------------------------------------
------------------------------------------------------
Runing Epoch 198 valid loss 328.1075 costs 00: 00: 13
[Valid]: Precision: 0.0032-0.0028-0.002-0.0015 Recall: 0.0152-0.0283-0.0458-0.0666 NDCG: 0.0094-0.013-0.0171-0.0211 MRR: 0.0113-0.0129-0.014-0.0145
[Test]: Precision: 0.0031-0.0026-0.0019-0.0015 Recall: 0.0158-0.0265-0.0487-0.0724 NDCG: 0.0095-0.0125-0.0176-0.0222 MRR: 0.0109-0.0123-0.0136-0.0143
------------------------------------------------------
ood testing
[Valid]: Precision: 0.0024-0.002-0.0014-0.0011 Recall: 0.0213-0.035-0.0607-0.0914 NDCG: 0.0105-0.014-0.0192-0.0244 MRR: 0.0079-0.009-0.0099-0.0104
[Test]: Precision: 0.0025-0.002-0.0014-0.001 Recall: 0.0219-0.0362-0.0631-0.0911 NDCG: 0.0109-0.0145-0.0199-0.0246 MRR: 0.0083-0.0093-0.0102-0.0107
------------------------------------------------------
------------------------------------------------------
Runing Epoch 199 valid loss 328.1119 costs 00: 00: 13
[Valid]: Precision: 0.0032-0.0028-0.002-0.0015 Recall: 0.0152-0.0283-0.0459-0.0667 NDCG: 0.0094-0.013-0.0171-0.0211 MRR: 0.0113-0.0129-0.014-0.0145
[Test]: Precision: 0.0031-0.0026-0.002-0.0015 Recall: 0.0158-0.0265-0.049-0.0724 NDCG: 0.0095-0.0125-0.0176-0.0222 MRR: 0.0109-0.0123-0.0136-0.0143
------------------------------------------------------
ood testing
[Valid]: Precision: 0.0024-0.002-0.0014-0.0011 Recall: 0.0213-0.035-0.0606-0.0914 NDCG: 0.0105-0.014-0.0192-0.0244 MRR: 0.0079-0.009-0.0099-0.0104
[Test]: Precision: 0.0025-0.002-0.0014-0.001 Recall: 0.0219-0.0362-0.0631-0.0907 NDCG: 0.0109-0.0145-0.0199-0.0245 MRR: 0.0083-0.0093-0.0102-0.0107
------------------------------------------------------
------------------------------------------------------
Runing Epoch 200 valid loss 328.1112 costs 00: 00: 14
[Valid]: Precision: 0.0032-0.0028-0.002-0.0015 Recall: 0.0152-0.0283-0.0459-0.0666 NDCG: 0.0094-0.013-0.0171-0.0211 MRR: 0.0113-0.0129-0.014-0.0145
[Test]: Precision: 0.0031-0.0026-0.002-0.0015 Recall: 0.0158-0.0265-0.0488-0.0724 NDCG: 0.0095-0.0125-0.0176-0.0222 MRR: 0.0109-0.0123-0.0136-0.0143
------------------------------------------------------
ood testing
[Valid]: Precision: 0.0024-0.002-0.0014-0.0011 Recall: 0.0213-0.035-0.0606-0.0914 NDCG: 0.0105-0.014-0.0192-0.0243 MRR: 0.0079-0.009-0.0099-0.0104
[Test]: Precision: 0.0025-0.002-0.0014-0.001 Recall: 0.0219-0.0362-0.0631-0.0908 NDCG: 0.0109-0.0145-0.0199-0.0246 MRR: 0.0083-0.0093-0.0102-0.0107
------------------------------------------------------
------------------------------------------------------
Runing Epoch 201 valid loss 328.1063 costs 00: 00: 12
[Valid]: Precision: 0.0032-0.0028-0.002-0.0015 Recall: 0.0152-0.0283-0.0457-0.0666 NDCG: 0.0094-0.013-0.0171-0.0211 MRR: 0.0113-0.0129-0.014-0.0145
[Test]: Precision: 0.0031-0.0026-0.002-0.0015 Recall: 0.0158-0.0265-0.0491-0.0724 NDCG: 0.0095-0.0125-0.0176-0.0222 MRR: 0.0109-0.0123-0.0136-0.0143
------------------------------------------------------
ood testing
[Valid]: Precision: 0.0024-0.002-0.0014-0.0011 Recall: 0.0213-0.035-0.0608-0.0914 NDCG: 0.0105-0.014-0.0193-0.0243 MRR: 0.0079-0.009-0.0099-0.0104
[Test]: Precision: 0.0025-0.002-0.0014-0.001 Recall: 0.0219-0.0362-0.0632-0.0908 NDCG: 0.0109-0.0145-0.02-0.0246 MRR: 0.0083-0.0093-0.0102-0.0107
------------------------------------------------------
------------------------------------------------------
Runing Epoch 202 valid loss 328.1130 costs 00: 00: 12
[Valid]: Precision: 0.0032-0.0028-0.002-0.0015 Recall: 0.0152-0.0283-0.0457-0.0666 NDCG: 0.0094-0.013-0.0171-0.0211 MRR: 0.0113-0.0129-0.014-0.0145
[Test]: Precision: 0.0031-0.0026-0.002-0.0015 Recall: 0.0158-0.0265-0.0493-0.0724 NDCG: 0.0095-0.0125-0.0177-0.0222 MRR: 0.0109-0.0123-0.0136-0.0143
------------------------------------------------------
ood testing
[Valid]: Precision: 0.0024-0.002-0.0014-0.0011 Recall: 0.0213-0.035-0.0608-0.0914 NDCG: 0.0105-0.014-0.0192-0.0244 MRR: 0.0079-0.009-0.0099-0.0104
[Test]: Precision: 0.0025-0.002-0.0014-0.001 Recall: 0.0219-0.0362-0.0632-0.0908 NDCG: 0.0109-0.0145-0.02-0.0246 MRR: 0.0083-0.0093-0.0102-0.0107
------------------------------------------------------
------------------------------------------------------
Runing Epoch 203 valid loss 328.1082 costs 00: 00: 12
[Valid]: Precision: 0.0032-0.0028-0.002-0.0015 Recall: 0.0152-0.0283-0.0457-0.0667 NDCG: 0.0094-0.013-0.0171-0.0211 MRR: 0.0113-0.0129-0.014-0.0145
[Test]: Precision: 0.0031-0.0026-0.0019-0.0015 Recall: 0.0158-0.0265-0.0487-0.0725 NDCG: 0.0095-0.0125-0.0176-0.0222 MRR: 0.0109-0.0123-0.0136-0.0143
------------------------------------------------------
ood testing
[Valid]: Precision: 0.0024-0.002-0.0014-0.0011 Recall: 0.0213-0.035-0.0606-0.0915 NDCG: 0.0105-0.014-0.0192-0.0244 MRR: 0.0079-0.009-0.0099-0.0104
[Test]: Precision: 0.0025-0.002-0.0014-0.001 Recall: 0.0219-0.0362-0.0629-0.091 NDCG: 0.0109-0.0145-0.0199-0.0246 MRR: 0.0083-0.0093-0.0102-0.0107
------------------------------------------------------
------------------------------------------------------
Runing Epoch 204 valid loss 328.1135 costs 00: 00: 13
[Valid]: Precision: 0.0032-0.0028-0.002-0.0015 Recall: 0.0152-0.0283-0.0457-0.0666 NDCG: 0.0094-0.013-0.0171-0.0211 MRR: 0.0113-0.0129-0.014-0.0145
[Test]: Precision: 0.0031-0.0026-0.002-0.0015 Recall: 0.0158-0.0265-0.0488-0.0725 NDCG: 0.0095-0.0125-0.0176-0.0222 MRR: 0.0109-0.0123-0.0136-0.0143
------------------------------------------------------
ood testing
[Valid]: Precision: 0.0024-0.002-0.0014-0.0011 Recall: 0.0213-0.035-0.0605-0.0915 NDCG: 0.0105-0.014-0.0192-0.0244 MRR: 0.0079-0.009-0.0099-0.0104
[Test]: Precision: 0.0025-0.002-0.0014-0.001 Recall: 0.0219-0.0362-0.0631-0.0909 NDCG: 0.0109-0.0145-0.0199-0.0246 MRR: 0.0083-0.0093-0.0102-0.0107
------------------------------------------------------
------------------------------------------------------
Runing Epoch 205 valid loss 328.1064 costs 00: 00: 12
[Valid]: Precision: 0.0032-0.0028-0.002-0.0015 Recall: 0.0152-0.0283-0.0457-0.0666 NDCG: 0.0094-0.013-0.0171-0.0211 MRR: 0.0113-0.0129-0.014-0.0145
[Test]: Precision: 0.0031-0.0026-0.0019-0.0015 Recall: 0.0158-0.0265-0.0487-0.0725 NDCG: 0.0095-0.0125-0.0176-0.0222 MRR: 0.0109-0.0123-0.0136-0.0143
------------------------------------------------------
ood testing
[Valid]: Precision: 0.0024-0.002-0.0014-0.0011 Recall: 0.0213-0.035-0.0606-0.0915 NDCG: 0.0105-0.014-0.0192-0.0244 MRR: 0.0079-0.009-0.0099-0.0104
[Test]: Precision: 0.0025-0.002-0.0014-0.001 Recall: 0.0219-0.0362-0.0629-0.0909 NDCG: 0.0109-0.0145-0.0199-0.0246 MRR: 0.0083-0.0093-0.0102-0.0107
------------------------------------------------------
------------------------------------------------------
Runing Epoch 206 valid loss 328.1163 costs 00: 00: 13
[Valid]: Precision: 0.0032-0.0028-0.002-0.0015 Recall: 0.0152-0.0283-0.0457-0.0666 NDCG: 0.0094-0.013-0.0171-0.0211 MRR: 0.0113-0.0129-0.014-0.0145
[Test]: Precision: 0.0031-0.0026-0.002-0.0015 Recall: 0.0158-0.0265-0.0488-0.0725 NDCG: 0.0095-0.0125-0.0176-0.0222 MRR: 0.0109-0.0123-0.0136-0.0143
------------------------------------------------------
ood testing
[Valid]: Precision: 0.0024-0.002-0.0014-0.0011 Recall: 0.0213-0.035-0.0605-0.0915 NDCG: 0.0105-0.014-0.0192-0.0244 MRR: 0.0079-0.009-0.0099-0.0104
[Test]: Precision: 0.0025-0.002-0.0014-0.001 Recall: 0.0219-0.0362-0.063-0.0909 NDCG: 0.0109-0.0145-0.0199-0.0246 MRR: 0.0083-0.0093-0.0102-0.0107
------------------------------------------------------
------------------------------------------------------
Runing Epoch 207 valid loss 328.1189 costs 00: 00: 13
[Valid]: Precision: 0.0032-0.0028-0.002-0.0015 Recall: 0.0152-0.0283-0.0457-0.0666 NDCG: 0.0094-0.013-0.0171-0.0211 MRR: 0.0113-0.0129-0.014-0.0145
[Test]: Precision: 0.0031-0.0026-0.0019-0.0015 Recall: 0.0158-0.0265-0.0487-0.0724 NDCG: 0.0095-0.0125-0.0176-0.0222 MRR: 0.0109-0.0123-0.0136-0.0143
------------------------------------------------------
ood testing
[Valid]: Precision: 0.0024-0.002-0.0014-0.0011 Recall: 0.0213-0.035-0.0606-0.0914 NDCG: 0.0105-0.014-0.0192-0.0243 MRR: 0.0079-0.009-0.0099-0.0104
[Test]: Precision: 0.0025-0.002-0.0014-0.001 Recall: 0.0219-0.0362-0.0629-0.0908 NDCG: 0.0109-0.0145-0.0199-0.0246 MRR: 0.0083-0.0093-0.0102-0.0107
------------------------------------------------------
------------------------------------------------------
Runing Epoch 208 valid loss 328.1107 costs 00: 00: 12
[Valid]: Precision: 0.0032-0.0028-0.002-0.0015 Recall: 0.0152-0.0283-0.0459-0.0665 NDCG: 0.0094-0.013-0.0171-0.0211 MRR: 0.0113-0.0129-0.014-0.0145
[Test]: Precision: 0.0031-0.0026-0.002-0.0015 Recall: 0.0158-0.0265-0.0492-0.0725 NDCG: 0.0095-0.0125-0.0177-0.0222 MRR: 0.0109-0.0123-0.0136-0.0143
------------------------------------------------------
ood testing
[Valid]: Precision: 0.0024-0.002-0.0014-0.0011 Recall: 0.0213-0.035-0.0607-0.0915 NDCG: 0.0105-0.014-0.0192-0.0244 MRR: 0.0079-0.009-0.0099-0.0104
[Test]: Precision: 0.0025-0.002-0.0014-0.001 Recall: 0.0219-0.0362-0.0629-0.0909 NDCG: 0.0109-0.0145-0.0199-0.0246 MRR: 0.0083-0.0093-0.0102-0.0107
------------------------------------------------------
------------------------------------------------------
Runing Epoch 209 valid loss 328.1080 costs 00: 00: 12
[Valid]: Precision: 0.0032-0.0028-0.002-0.0015 Recall: 0.0152-0.0283-0.0459-0.0666 NDCG: 0.0094-0.013-0.0171-0.0211 MRR: 0.0113-0.0129-0.014-0.0145
[Test]: Precision: 0.0031-0.0026-0.002-0.0015 Recall: 0.0158-0.0265-0.049-0.0725 NDCG: 0.0095-0.0125-0.0176-0.0222 MRR: 0.0109-0.0123-0.0136-0.0143
------------------------------------------------------
ood testing
[Valid]: Precision: 0.0024-0.002-0.0014-0.0011 Recall: 0.0213-0.035-0.0607-0.0916 NDCG: 0.0105-0.014-0.0192-0.0244 MRR: 0.0079-0.009-0.0099-0.0104
[Test]: Precision: 0.0025-0.002-0.0014-0.001 Recall: 0.0219-0.0362-0.0629-0.0909 NDCG: 0.0109-0.0145-0.0199-0.0246 MRR: 0.0083-0.0093-0.0102-0.0107
------------------------------------------------------
------------------------------------------------------
Runing Epoch 210 valid loss 328.1139 costs 00: 00: 13
[Valid]: Precision: 0.0032-0.0028-0.002-0.0015 Recall: 0.0152-0.0283-0.0459-0.0667 NDCG: 0.0094-0.013-0.0171-0.0211 MRR: 0.0113-0.0129-0.014-0.0145
[Test]: Precision: 0.0031-0.0026-0.002-0.0015 Recall: 0.0158-0.0265-0.049-0.0725 NDCG: 0.0095-0.0125-0.0176-0.0222 MRR: 0.0109-0.0123-0.0136-0.0143
------------------------------------------------------
ood testing
[Valid]: Precision: 0.0024-0.002-0.0014-0.0011 Recall: 0.0213-0.035-0.0608-0.0915 NDCG: 0.0105-0.014-0.0192-0.0244 MRR: 0.0079-0.009-0.0099-0.0104
[Test]: Precision: 0.0025-0.002-0.0014-0.001 Recall: 0.0219-0.0362-0.0629-0.091 NDCG: 0.0109-0.0145-0.0199-0.0246 MRR: 0.0083-0.0093-0.0102-0.0107
------------------------------------------------------
------------------------------------------------------
Runing Epoch 211 valid loss 328.1137 costs 00: 00: 12
[Valid]: Precision: 0.0032-0.0028-0.002-0.0015 Recall: 0.0152-0.0283-0.0459-0.0666 NDCG: 0.0094-0.013-0.0171-0.0211 MRR: 0.0113-0.0129-0.014-0.0145
[Test]: Precision: 0.0031-0.0026-0.002-0.0015 Recall: 0.0158-0.0265-0.049-0.0724 NDCG: 0.0095-0.0125-0.0176-0.0222 MRR: 0.0109-0.0123-0.0136-0.0143
------------------------------------------------------
ood testing
[Valid]: Precision: 0.0024-0.002-0.0014-0.0011 Recall: 0.0213-0.035-0.0608-0.0914 NDCG: 0.0105-0.014-0.0192-0.0244 MRR: 0.0079-0.009-0.0099-0.0104
[Test]: Precision: 0.0025-0.002-0.0014-0.001 Recall: 0.0219-0.0362-0.0629-0.0908 NDCG: 0.0109-0.0145-0.0199-0.0246 MRR: 0.0083-0.0093-0.0102-0.0107
------------------------------------------------------
------------------------------------------------------
Runing Epoch 212 valid loss 328.1109 costs 00: 00: 12
[Valid]: Precision: 0.0032-0.0028-0.002-0.0015 Recall: 0.0152-0.0283-0.046-0.0666 NDCG: 0.0094-0.013-0.0171-0.0211 MRR: 0.0113-0.0129-0.014-0.0145
[Test]: Precision: 0.0031-0.0026-0.002-0.0015 Recall: 0.0158-0.0265-0.049-0.0726 NDCG: 0.0095-0.0125-0.0176-0.0222 MRR: 0.0109-0.0123-0.0136-0.0143
------------------------------------------------------
ood testing
[Valid]: Precision: 0.0024-0.002-0.0014-0.0011 Recall: 0.0213-0.035-0.0609-0.0916 NDCG: 0.0105-0.014-0.0193-0.0244 MRR: 0.0079-0.009-0.0099-0.0104
[Test]: Precision: 0.0025-0.002-0.0014-0.001 Recall: 0.0219-0.0362-0.0631-0.0909 NDCG: 0.0109-0.0145-0.0199-0.0246 MRR: 0.0083-0.0093-0.0102-0.0107
------------------------------------------------------
------------------------------------------------------
Runing Epoch 213 valid loss 328.1129 costs 00: 00: 12
[Valid]: Precision: 0.0032-0.0028-0.002-0.0015 Recall: 0.0152-0.0283-0.046-0.0667 NDCG: 0.0094-0.013-0.0171-0.0211 MRR: 0.0113-0.0129-0.014-0.0145
[Test]: Precision: 0.0031-0.0026-0.002-0.0015 Recall: 0.0158-0.0265-0.049-0.0726 NDCG: 0.0095-0.0125-0.0176-0.0222 MRR: 0.0109-0.0123-0.0136-0.0143
------------------------------------------------------
ood testing
[Valid]: Precision: 0.0024-0.002-0.0014-0.0011 Recall: 0.0213-0.035-0.0608-0.0916 NDCG: 0.0105-0.014-0.0192-0.0244 MRR: 0.0079-0.009-0.0099-0.0104
[Test]: Precision: 0.0025-0.002-0.0014-0.001 Recall: 0.0219-0.0362-0.0631-0.0911 NDCG: 0.0109-0.0145-0.0199-0.0246 MRR: 0.0083-0.0093-0.0102-0.0107
------------------------------------------------------
------------------------------------------------------
Runing Epoch 214 valid loss 328.1141 costs 00: 00: 12
[Valid]: Precision: 0.0032-0.0028-0.002-0.0015 Recall: 0.0152-0.0283-0.046-0.0667 NDCG: 0.0094-0.013-0.0171-0.0211 MRR: 0.0113-0.0129-0.014-0.0145
[Test]: Precision: 0.0031-0.0026-0.002-0.0015 Recall: 0.0158-0.0265-0.049-0.0726 NDCG: 0.0095-0.0125-0.0176-0.0222 MRR: 0.0109-0.0123-0.0136-0.0143
------------------------------------------------------
ood testing
[Valid]: Precision: 0.0024-0.002-0.0014-0.0011 Recall: 0.0213-0.035-0.0609-0.0916 NDCG: 0.0105-0.014-0.0193-0.0244 MRR: 0.0079-0.009-0.0099-0.0104
[Test]: Precision: 0.0025-0.002-0.0014-0.001 Recall: 0.0219-0.0362-0.063-0.091 NDCG: 0.0109-0.0145-0.0199-0.0246 MRR: 0.0083-0.0093-0.0102-0.0107
------------------------------------------------------
------------------------------------------------------
Runing Epoch 215 valid loss 328.1136 costs 00: 00: 12
[Valid]: Precision: 0.0032-0.0028-0.002-0.0015 Recall: 0.0152-0.0283-0.0458-0.0664 NDCG: 0.0094-0.013-0.0171-0.0211 MRR: 0.0113-0.0129-0.014-0.0145
[Test]: Precision: 0.0031-0.0026-0.0019-0.0015 Recall: 0.0158-0.0265-0.0487-0.0726 NDCG: 0.0095-0.0125-0.0176-0.0222 MRR: 0.0109-0.0123-0.0136-0.0143
------------------------------------------------------
ood testing
[Valid]: Precision: 0.0024-0.002-0.0014-0.0011 Recall: 0.0213-0.035-0.0607-0.0916 NDCG: 0.0105-0.014-0.0192-0.0244 MRR: 0.0079-0.009-0.0099-0.0104
[Test]: Precision: 0.0025-0.002-0.0014-0.001 Recall: 0.0219-0.0362-0.0631-0.0909 NDCG: 0.0109-0.0145-0.0199-0.0246 MRR: 0.0083-0.0093-0.0102-0.0107
------------------------------------------------------
------------------------------------------------------
Runing Epoch 216 valid loss 328.0996 costs 00: 00: 12
[Valid]: Precision: 0.0032-0.0028-0.002-0.0015 Recall: 0.0152-0.0283-0.0458-0.0666 NDCG: 0.0094-0.013-0.0171-0.0211 MRR: 0.0113-0.0129-0.014-0.0145
[Test]: Precision: 0.0031-0.0026-0.0019-0.0015 Recall: 0.0158-0.0265-0.0487-0.0725 NDCG: 0.0095-0.0125-0.0176-0.0222 MRR: 0.0109-0.0123-0.0136-0.0143
------------------------------------------------------
ood testing
[Valid]: Precision: 0.0024-0.002-0.0014-0.0011 Recall: 0.0213-0.035-0.0608-0.0915 NDCG: 0.0105-0.014-0.0192-0.0244 MRR: 0.0079-0.009-0.0099-0.0104
[Test]: Precision: 0.0025-0.002-0.0014-0.001 Recall: 0.0219-0.0362-0.063-0.0909 NDCG: 0.0109-0.0145-0.0199-0.0246 MRR: 0.0083-0.0093-0.0102-0.0107
------------------------------------------------------
------------------------------------------------------
Runing Epoch 217 valid loss 328.1110 costs 00: 00: 12
[Valid]: Precision: 0.0032-0.0028-0.002-0.0015 Recall: 0.0152-0.0283-0.0458-0.0665 NDCG: 0.0094-0.013-0.0171-0.0211 MRR: 0.0113-0.0129-0.014-0.0145
[Test]: Precision: 0.0031-0.0026-0.002-0.0015 Recall: 0.0158-0.0265-0.0488-0.0724 NDCG: 0.0095-0.0125-0.0176-0.0222 MRR: 0.0109-0.0123-0.0136-0.0143
------------------------------------------------------
ood testing
[Valid]: Precision: 0.0024-0.002-0.0014-0.0011 Recall: 0.0213-0.035-0.0608-0.0914 NDCG: 0.0105-0.014-0.0192-0.0243 MRR: 0.0079-0.009-0.0099-0.0104
[Test]: Precision: 0.0025-0.002-0.0014-0.001 Recall: 0.0219-0.0362-0.0631-0.0908 NDCG: 0.0109-0.0145-0.0199-0.0245 MRR: 0.0083-0.0093-0.0102-0.0107
------------------------------------------------------
------------------------------------------------------
Runing Epoch 218 valid loss 328.1173 costs 00: 00: 13
[Valid]: Precision: 0.0032-0.0028-0.002-0.0015 Recall: 0.0152-0.0283-0.0458-0.0666 NDCG: 0.0094-0.013-0.0171-0.0211 MRR: 0.0113-0.0129-0.014-0.0145
[Test]: Precision: 0.0031-0.0026-0.002-0.0015 Recall: 0.0158-0.0265-0.0489-0.0725 NDCG: 0.0095-0.0125-0.0176-0.0222 MRR: 0.0109-0.0123-0.0136-0.0143
------------------------------------------------------
ood testing
[Valid]: Precision: 0.0024-0.002-0.0014-0.0011 Recall: 0.0213-0.035-0.0607-0.0916 NDCG: 0.0105-0.014-0.0192-0.0244 MRR: 0.0079-0.009-0.0099-0.0104
[Test]: Precision: 0.0025-0.002-0.0014-0.001 Recall: 0.0219-0.0362-0.0631-0.0909 NDCG: 0.0109-0.0145-0.0199-0.0246 MRR: 0.0083-0.0093-0.0102-0.0107
------------------------------------------------------
------------------------------------------------------
Runing Epoch 219 valid loss 328.1204 costs 00: 00: 13
[Valid]: Precision: 0.0032-0.0028-0.002-0.0015 Recall: 0.0152-0.0283-0.0459-0.0665 NDCG: 0.0094-0.013-0.0171-0.0211 MRR: 0.0113-0.0129-0.014-0.0145
[Test]: Precision: 0.0031-0.0026-0.002-0.0015 Recall: 0.0158-0.0265-0.0492-0.0725 NDCG: 0.0095-0.0125-0.0177-0.0222 MRR: 0.0109-0.0123-0.0136-0.0143
------------------------------------------------------
ood testing
[Valid]: Precision: 0.0024-0.002-0.0014-0.0011 Recall: 0.0213-0.035-0.0607-0.0917 NDCG: 0.0105-0.014-0.0192-0.0244 MRR: 0.0079-0.009-0.0099-0.0104
[Test]: Precision: 0.0025-0.002-0.0014-0.001 Recall: 0.0219-0.0362-0.0629-0.091 NDCG: 0.0109-0.0145-0.0199-0.0246 MRR: 0.0083-0.0093-0.0102-0.0107
------------------------------------------------------
------------------------------------------------------
Runing Epoch 220 valid loss 328.1079 costs 00: 00: 13
[Valid]: Precision: 0.0032-0.0028-0.002-0.0015 Recall: 0.0152-0.0283-0.0459-0.0667 NDCG: 0.0094-0.013-0.0171-0.0211 MRR: 0.0113-0.0129-0.014-0.0145
[Test]: Precision: 0.0031-0.0026-0.002-0.0015 Recall: 0.0158-0.0265-0.0492-0.0724 NDCG: 0.0095-0.0125-0.0177-0.0222 MRR: 0.0109-0.0123-0.0136-0.0143
------------------------------------------------------
ood testing
[Valid]: Precision: 0.0024-0.002-0.0014-0.0011 Recall: 0.0213-0.035-0.0608-0.0916 NDCG: 0.0105-0.014-0.0192-0.0244 MRR: 0.0079-0.009-0.0099-0.0104
[Test]: Precision: 0.0025-0.002-0.0014-0.001 Recall: 0.0219-0.0362-0.0629-0.091 NDCG: 0.0109-0.0145-0.0199-0.0246 MRR: 0.0083-0.0093-0.0102-0.0107
------------------------------------------------------
------------------------------------------------------
Runing Epoch 221 valid loss 328.1055 costs 00: 00: 12
[Valid]: Precision: 0.0032-0.0028-0.002-0.0015 Recall: 0.0152-0.0283-0.0459-0.0665 NDCG: 0.0094-0.013-0.0171-0.0211 MRR: 0.0113-0.0129-0.014-0.0145
[Test]: Precision: 0.0031-0.0026-0.002-0.0015 Recall: 0.0158-0.0265-0.049-0.0726 NDCG: 0.0095-0.0125-0.0176-0.0222 MRR: 0.0109-0.0123-0.0136-0.0143
------------------------------------------------------
ood testing
[Valid]: Precision: 0.0024-0.002-0.0014-0.0011 Recall: 0.0213-0.035-0.0607-0.0916 NDCG: 0.0105-0.014-0.0192-0.0244 MRR: 0.0079-0.009-0.0099-0.0104
[Test]: Precision: 0.0025-0.002-0.0014-0.001 Recall: 0.0219-0.0362-0.0629-0.091 NDCG: 0.0109-0.0145-0.0199-0.0246 MRR: 0.0083-0.0093-0.0102-0.0107
------------------------------------------------------
------------------------------------------------------
Runing Epoch 222 valid loss 328.1187 costs 00: 00: 13
[Valid]: Precision: 0.0032-0.0028-0.002-0.0015 Recall: 0.0152-0.0283-0.0459-0.0667 NDCG: 0.0094-0.013-0.0171-0.0211 MRR: 0.0113-0.0129-0.014-0.0145
[Test]: Precision: 0.0031-0.0026-0.002-0.0015 Recall: 0.0158-0.0265-0.0492-0.0724 NDCG: 0.0095-0.0125-0.0177-0.0222 MRR: 0.0109-0.0123-0.0136-0.0143
------------------------------------------------------
ood testing
[Valid]: Precision: 0.0024-0.002-0.0014-0.0011 Recall: 0.0213-0.035-0.0608-0.0916 NDCG: 0.0105-0.014-0.0192-0.0244 MRR: 0.0079-0.009-0.0099-0.0104
[Test]: Precision: 0.0025-0.002-0.0014-0.001 Recall: 0.0219-0.0362-0.0629-0.091 NDCG: 0.0109-0.0145-0.0199-0.0246 MRR: 0.0083-0.0093-0.0102-0.0107
------------------------------------------------------
------------------------------------------------------
Runing Epoch 223 valid loss 328.1086 costs 00: 00: 12
[Valid]: Precision: 0.0032-0.0028-0.002-0.0015 Recall: 0.0152-0.0283-0.0457-0.0665 NDCG: 0.0094-0.013-0.0171-0.0211 MRR: 0.0113-0.0129-0.014-0.0145
[Test]: Precision: 0.0031-0.0026-0.002-0.0015 Recall: 0.0158-0.0265-0.0489-0.0723 NDCG: 0.0095-0.0125-0.0176-0.0222 MRR: 0.0109-0.0123-0.0136-0.0143
------------------------------------------------------
ood testing
[Valid]: Precision: 0.0024-0.002-0.0014-0.0011 Recall: 0.0213-0.035-0.0606-0.0916 NDCG: 0.0105-0.014-0.0192-0.0244 MRR: 0.0079-0.009-0.0099-0.0104
[Test]: Precision: 0.0025-0.002-0.0014-0.001 Recall: 0.0219-0.0362-0.0629-0.091 NDCG: 0.0109-0.0145-0.0199-0.0246 MRR: 0.0083-0.0093-0.0102-0.0107
------------------------------------------------------
------------------------------------------------------
Runing Epoch 224 valid loss 328.1122 costs 00: 00: 12
[Valid]: Precision: 0.0032-0.0028-0.002-0.0015 Recall: 0.0152-0.0283-0.046-0.0666 NDCG: 0.0094-0.013-0.0171-0.0211 MRR: 0.0112-0.0128-0.0139-0.0144
[Test]: Precision: 0.0031-0.0026-0.002-0.0015 Recall: 0.0158-0.0265-0.0493-0.0725 NDCG: 0.0094-0.0125-0.0176-0.0221 MRR: 0.0108-0.0122-0.0135-0.0142
------------------------------------------------------
ood testing
[Valid]: Precision: 0.0024-0.002-0.0014-0.0011 Recall: 0.0213-0.035-0.0609-0.0916 NDCG: 0.0105-0.0141-0.0193-0.0244 MRR: 0.008-0.0091-0.01-0.0105
[Test]: Precision: 0.0025-0.002-0.0014-0.001 Recall: 0.0219-0.0362-0.0633-0.091 NDCG: 0.0109-0.0145-0.02-0.0246 MRR: 0.0083-0.0093-0.0102-0.0107
------------------------------------------------------
------------------------------------------------------
Runing Epoch 225 valid loss 328.1155 costs 00: 00: 12
[Valid]: Precision: 0.0032-0.0028-0.002-0.0015 Recall: 0.0152-0.0283-0.0459-0.0667 NDCG: 0.0094-0.013-0.0171-0.0211 MRR: 0.0113-0.0129-0.014-0.0145
[Test]: Precision: 0.0031-0.0026-0.002-0.0015 Recall: 0.0158-0.0265-0.0492-0.0724 NDCG: 0.0095-0.0125-0.0177-0.0222 MRR: 0.0109-0.0123-0.0136-0.0143
------------------------------------------------------
ood testing
[Valid]: Precision: 0.0024-0.002-0.0014-0.0011 Recall: 0.0213-0.035-0.0607-0.0916 NDCG: 0.0105-0.014-0.0192-0.0244 MRR: 0.0079-0.009-0.0099-0.0104
[Test]: Precision: 0.0025-0.002-0.0014-0.001 Recall: 0.0219-0.0362-0.0629-0.091 NDCG: 0.0109-0.0145-0.0199-0.0246 MRR: 0.0083-0.0093-0.0102-0.0107
------------------------------------------------------
------------------------------------------------------
Runing Epoch 226 valid loss 328.1126 costs 00: 00: 12
[Valid]: Precision: 0.0032-0.0028-0.002-0.0015 Recall: 0.0152-0.0283-0.0459-0.0665 NDCG: 0.0094-0.013-0.0171-0.0211 MRR: 0.0112-0.0128-0.0139-0.0144
[Test]: Precision: 0.0031-0.0026-0.002-0.0015 Recall: 0.0158-0.0265-0.0492-0.0725 NDCG: 0.0094-0.0125-0.0176-0.0221 MRR: 0.0108-0.0122-0.0135-0.0142
------------------------------------------------------
ood testing
[Valid]: Precision: 0.0024-0.002-0.0014-0.0011 Recall: 0.0213-0.035-0.0607-0.0916 NDCG: 0.0105-0.0141-0.0193-0.0244 MRR: 0.008-0.0091-0.01-0.0105
[Test]: Precision: 0.0025-0.002-0.0014-0.001 Recall: 0.0219-0.0362-0.0629-0.091 NDCG: 0.0109-0.0145-0.0199-0.0246 MRR: 0.0083-0.0093-0.0102-0.0107
------------------------------------------------------
------------------------------------------------------
Runing Epoch 227 valid loss 328.1094 costs 00: 00: 12
[Valid]: Precision: 0.0032-0.0028-0.002-0.0015 Recall: 0.0152-0.0283-0.0459-0.0667 NDCG: 0.0094-0.013-0.0171-0.0211 MRR: 0.0112-0.0128-0.0139-0.0144
[Test]: Precision: 0.0031-0.0026-0.002-0.0015 Recall: 0.0158-0.0265-0.0492-0.0724 NDCG: 0.0094-0.0125-0.0176-0.0221 MRR: 0.0108-0.0122-0.0135-0.0142
------------------------------------------------------
ood testing
[Valid]: Precision: 0.0024-0.002-0.0014-0.0011 Recall: 0.0213-0.035-0.0608-0.0915 NDCG: 0.0105-0.0141-0.0193-0.0244 MRR: 0.008-0.0091-0.01-0.0105
[Test]: Precision: 0.0025-0.002-0.0014-0.001 Recall: 0.0219-0.0362-0.0629-0.091 NDCG: 0.0109-0.0145-0.0199-0.0246 MRR: 0.0083-0.0093-0.0102-0.0107
------------------------------------------------------
------------------------------------------------------
Runing Epoch 228 valid loss 328.1112 costs 00: 00: 12
[Valid]: Precision: 0.0032-0.0028-0.002-0.0015 Recall: 0.0152-0.0283-0.0457-0.0665 NDCG: 0.0094-0.013-0.0171-0.0211 MRR: 0.0113-0.0129-0.014-0.0145
[Test]: Precision: 0.0031-0.0026-0.002-0.0015 Recall: 0.0158-0.0265-0.0489-0.0722 NDCG: 0.0095-0.0125-0.0176-0.0221 MRR: 0.0109-0.0123-0.0136-0.0143
------------------------------------------------------
ood testing
[Valid]: Precision: 0.0024-0.002-0.0014-0.0011 Recall: 0.0213-0.035-0.0606-0.0916 NDCG: 0.0105-0.014-0.0192-0.0244 MRR: 0.0079-0.009-0.0099-0.0104
[Test]: Precision: 0.0025-0.002-0.0014-0.001 Recall: 0.0219-0.0362-0.0629-0.091 NDCG: 0.0109-0.0145-0.0199-0.0246 MRR: 0.0083-0.0093-0.0102-0.0107
------------------------------------------------------
------------------------------------------------------
Runing Epoch 229 valid loss 328.1050 costs 00: 00: 12
[Valid]: Precision: 0.0032-0.0028-0.002-0.0015 Recall: 0.0152-0.0283-0.0459-0.0666 NDCG: 0.0094-0.013-0.0171-0.0211 MRR: 0.0113-0.0129-0.014-0.0145
[Test]: Precision: 0.0031-0.0026-0.002-0.0015 Recall: 0.0158-0.0265-0.0493-0.0723 NDCG: 0.0095-0.0125-0.0177-0.0222 MRR: 0.0109-0.0123-0.0136-0.0143
------------------------------------------------------
ood testing
[Valid]: Precision: 0.0024-0.002-0.0014-0.0011 Recall: 0.0213-0.035-0.0607-0.0916 NDCG: 0.0105-0.014-0.0192-0.0244 MRR: 0.0079-0.009-0.0099-0.0104
[Test]: Precision: 0.0025-0.002-0.0014-0.001 Recall: 0.0219-0.0362-0.0632-0.091 NDCG: 0.0109-0.0145-0.02-0.0246 MRR: 0.0083-0.0093-0.0102-0.0107
------------------------------------------------------
------------------------------------------------------
Runing Epoch 230 valid loss 328.1126 costs 00: 00: 13
[Valid]: Precision: 0.0032-0.0028-0.002-0.0015 Recall: 0.0152-0.0283-0.0459-0.0665 NDCG: 0.0094-0.013-0.0171-0.0211 MRR: 0.0113-0.0129-0.014-0.0145
[Test]: Precision: 0.0031-0.0026-0.002-0.0015 Recall: 0.0158-0.0265-0.0493-0.0723 NDCG: 0.0095-0.0125-0.0177-0.0222 MRR: 0.0109-0.0123-0.0136-0.0143
------------------------------------------------------
ood testing
[Valid]: Precision: 0.0024-0.002-0.0014-0.0011 Recall: 0.0213-0.035-0.0607-0.0915 NDCG: 0.0105-0.014-0.0192-0.0244 MRR: 0.0079-0.009-0.0099-0.0104
[Test]: Precision: 0.0025-0.002-0.0014-0.001 Recall: 0.0219-0.0362-0.0632-0.0909 NDCG: 0.0109-0.0145-0.02-0.0246 MRR: 0.0083-0.0093-0.0102-0.0107
------------------------------------------------------
------------------------------------------------------
Runing Epoch 231 valid loss 328.1129 costs 00: 00: 13
[Valid]: Precision: 0.0032-0.0028-0.002-0.0015 Recall: 0.0152-0.0283-0.0457-0.0667 NDCG: 0.0094-0.013-0.0171-0.0211 MRR: 0.0113-0.0129-0.014-0.0145
[Test]: Precision: 0.0031-0.0026-0.002-0.0015 Recall: 0.0158-0.0265-0.0493-0.0724 NDCG: 0.0095-0.0125-0.0177-0.0222 MRR: 0.0109-0.0123-0.0136-0.0143
------------------------------------------------------
ood testing
[Valid]: Precision: 0.0024-0.002-0.0014-0.0011 Recall: 0.0213-0.035-0.0606-0.0914 NDCG: 0.0105-0.014-0.0192-0.0244 MRR: 0.0079-0.009-0.0099-0.0104
[Test]: Precision: 0.0025-0.002-0.0014-0.001 Recall: 0.0219-0.0362-0.063-0.0908 NDCG: 0.0109-0.0145-0.0199-0.0246 MRR: 0.0083-0.0093-0.0102-0.0107
------------------------------------------------------
------------------------------------------------------
Runing Epoch 232 valid loss 328.1107 costs 00: 00: 13
[Valid]: Precision: 0.0032-0.0028-0.002-0.0015 Recall: 0.0152-0.0283-0.0459-0.0667 NDCG: 0.0094-0.013-0.0171-0.0211 MRR: 0.0112-0.0128-0.0139-0.0144
[Test]: Precision: 0.0031-0.0026-0.002-0.0015 Recall: 0.0158-0.0265-0.049-0.0723 NDCG: 0.0094-0.0125-0.0176-0.0221 MRR: 0.0108-0.0122-0.0135-0.0142
------------------------------------------------------
ood testing
[Valid]: Precision: 0.0024-0.002-0.0014-0.0011 Recall: 0.0213-0.035-0.0606-0.0915 NDCG: 0.0105-0.0141-0.0192-0.0244 MRR: 0.008-0.0091-0.01-0.0105
[Test]: Precision: 0.0025-0.002-0.0014-0.001 Recall: 0.0219-0.0362-0.0632-0.0908 NDCG: 0.0109-0.0145-0.02-0.0246 MRR: 0.0083-0.0093-0.0102-0.0107
------------------------------------------------------
------------------------------------------------------
Runing Epoch 233 valid loss 328.1120 costs 00: 00: 14
[Valid]: Precision: 0.0032-0.0028-0.002-0.0015 Recall: 0.0152-0.0283-0.0457-0.0665 NDCG: 0.0094-0.013-0.0171-0.0211 MRR: 0.0113-0.0129-0.014-0.0145
[Test]: Precision: 0.0031-0.0026-0.002-0.0015 Recall: 0.0158-0.0265-0.049-0.0724 NDCG: 0.0095-0.0125-0.0176-0.0222 MRR: 0.0109-0.0123-0.0136-0.0143
------------------------------------------------------
ood testing
[Valid]: Precision: 0.0024-0.002-0.0014-0.0011 Recall: 0.0213-0.035-0.0605-0.0914 NDCG: 0.0105-0.014-0.0192-0.0244 MRR: 0.0079-0.009-0.0099-0.0104
[Test]: Precision: 0.0025-0.002-0.0014-0.001 Recall: 0.0219-0.0362-0.063-0.0907 NDCG: 0.0109-0.0145-0.0199-0.0245 MRR: 0.0083-0.0093-0.0102-0.0107
------------------------------------------------------
------------------------------------------------------
Runing Epoch 234 valid loss 328.1138 costs 00: 00: 13
[Valid]: Precision: 0.0032-0.0028-0.002-0.0015 Recall: 0.0152-0.0283-0.0459-0.0668 NDCG: 0.0094-0.013-0.0171-0.0211 MRR: 0.0113-0.0129-0.014-0.0145
[Test]: Precision: 0.0031-0.0026-0.002-0.0015 Recall: 0.0158-0.0265-0.049-0.0725 NDCG: 0.0095-0.0125-0.0176-0.0222 MRR: 0.0109-0.0123-0.0136-0.0143
------------------------------------------------------
ood testing
[Valid]: Precision: 0.0024-0.002-0.0014-0.0011 Recall: 0.0213-0.035-0.0606-0.0916 NDCG: 0.0105-0.014-0.0192-0.0244 MRR: 0.0079-0.009-0.0099-0.0104
[Test]: Precision: 0.0025-0.002-0.0014-0.001 Recall: 0.0219-0.0362-0.0631-0.0908 NDCG: 0.0109-0.0145-0.0199-0.0246 MRR: 0.0083-0.0093-0.0102-0.0107
------------------------------------------------------
------------------------------------------------------
Runing Epoch 235 valid loss 328.1161 costs 00: 00: 13
[Valid]: Precision: 0.0032-0.0028-0.002-0.0015 Recall: 0.0152-0.0283-0.0459-0.0666 NDCG: 0.0094-0.013-0.0171-0.0211 MRR: 0.0113-0.0129-0.014-0.0145
[Test]: Precision: 0.0031-0.0026-0.002-0.0015 Recall: 0.0158-0.0265-0.049-0.0723 NDCG: 0.0095-0.0125-0.0176-0.0222 MRR: 0.0109-0.0123-0.0136-0.0143
------------------------------------------------------
ood testing
[Valid]: Precision: 0.0024-0.002-0.0014-0.0011 Recall: 0.0213-0.035-0.0606-0.0916 NDCG: 0.0105-0.014-0.0192-0.0244 MRR: 0.0079-0.009-0.0099-0.0104
[Test]: Precision: 0.0025-0.002-0.0014-0.001 Recall: 0.0219-0.0362-0.0631-0.091 NDCG: 0.0109-0.0145-0.0199-0.0246 MRR: 0.0083-0.0093-0.0102-0.0107
------------------------------------------------------
------------------------------------------------------
Runing Epoch 236 valid loss 328.1108 costs 00: 00: 14
[Valid]: Precision: 0.0032-0.0028-0.002-0.0015 Recall: 0.0152-0.0283-0.0457-0.0665 NDCG: 0.0094-0.013-0.0171-0.0211 MRR: 0.0113-0.0129-0.014-0.0145
[Test]: Precision: 0.0031-0.0026-0.002-0.0015 Recall: 0.0158-0.0265-0.0493-0.0722 NDCG: 0.0095-0.0125-0.0177-0.0222 MRR: 0.0109-0.0123-0.0136-0.0143
------------------------------------------------------
ood testing
[Valid]: Precision: 0.0024-0.002-0.0014-0.0011 Recall: 0.0213-0.035-0.0606-0.0916 NDCG: 0.0105-0.014-0.0192-0.0244 MRR: 0.0079-0.009-0.0099-0.0104
[Test]: Precision: 0.0025-0.002-0.0014-0.001 Recall: 0.0219-0.0362-0.063-0.0908 NDCG: 0.0109-0.0145-0.0199-0.0246 MRR: 0.0083-0.0093-0.0102-0.0107
------------------------------------------------------
------------------------------------------------------
Runing Epoch 237 valid loss 328.1124 costs 00: 00: 13
[Valid]: Precision: 0.0032-0.0028-0.002-0.0015 Recall: 0.0152-0.0283-0.0457-0.0665 NDCG: 0.0094-0.013-0.0171-0.0211 MRR: 0.0113-0.0129-0.014-0.0145
[Test]: Precision: 0.0031-0.0026-0.002-0.0015 Recall: 0.0158-0.0265-0.0493-0.0724 NDCG: 0.0095-0.0125-0.0177-0.0222 MRR: 0.0109-0.0123-0.0136-0.0143
------------------------------------------------------
ood testing
[Valid]: Precision: 0.0024-0.002-0.0014-0.0011 Recall: 0.0213-0.035-0.0606-0.0914 NDCG: 0.0105-0.014-0.0192-0.0244 MRR: 0.0079-0.009-0.0099-0.0104
[Test]: Precision: 0.0025-0.002-0.0014-0.001 Recall: 0.0219-0.0362-0.063-0.0907 NDCG: 0.0109-0.0145-0.0199-0.0245 MRR: 0.0083-0.0093-0.0102-0.0107
------------------------------------------------------
------------------------------------------------------
Runing Epoch 238 valid loss 328.1165 costs 00: 00: 16
[Valid]: Precision: 0.0032-0.0028-0.002-0.0015 Recall: 0.0152-0.0283-0.0458-0.0665 NDCG: 0.0094-0.013-0.0171-0.0211 MRR: 0.0113-0.0129-0.014-0.0145
[Test]: Precision: 0.0031-0.0026-0.002-0.0015 Recall: 0.0158-0.0265-0.0493-0.0724 NDCG: 0.0095-0.0125-0.0177-0.0222 MRR: 0.0109-0.0123-0.0136-0.0143
------------------------------------------------------
ood testing
[Valid]: Precision: 0.0024-0.002-0.0014-0.0011 Recall: 0.0213-0.035-0.0608-0.0914 NDCG: 0.0105-0.014-0.0192-0.0244 MRR: 0.0079-0.009-0.0099-0.0104
[Test]: Precision: 0.0025-0.002-0.0014-0.001 Recall: 0.0219-0.0362-0.0631-0.0908 NDCG: 0.0109-0.0145-0.0199-0.0245 MRR: 0.0083-0.0093-0.0102-0.0107
------------------------------------------------------
------------------------------------------------------
Runing Epoch 239 valid loss 328.1185 costs 00: 00: 14
[Valid]: Precision: 0.0032-0.0028-0.002-0.0015 Recall: 0.0152-0.0283-0.0458-0.0665 NDCG: 0.0094-0.013-0.0171-0.0211 MRR: 0.0113-0.0129-0.014-0.0145
[Test]: Precision: 0.0031-0.0026-0.002-0.0015 Recall: 0.0158-0.0265-0.0493-0.0723 NDCG: 0.0095-0.0125-0.0177-0.0222 MRR: 0.0109-0.0123-0.0136-0.0143
------------------------------------------------------
ood testing
[Valid]: Precision: 0.0024-0.002-0.0014-0.0011 Recall: 0.0213-0.035-0.0608-0.0916 NDCG: 0.0105-0.014-0.0193-0.0244 MRR: 0.0079-0.009-0.0099-0.0104
[Test]: Precision: 0.0025-0.002-0.0014-0.001 Recall: 0.0219-0.0362-0.0631-0.0909 NDCG: 0.0109-0.0145-0.0199-0.0246 MRR: 0.0083-0.0093-0.0102-0.0107
------------------------------------------------------
------------------------------------------------------
Runing Epoch 240 valid loss 328.1133 costs 00: 00: 13
[Valid]: Precision: 0.0032-0.0028-0.002-0.0015 Recall: 0.0152-0.0283-0.0458-0.0664 NDCG: 0.0094-0.013-0.0171-0.0211 MRR: 0.0113-0.0129-0.014-0.0145
[Test]: Precision: 0.0031-0.0026-0.002-0.0015 Recall: 0.0158-0.0265-0.0493-0.0723 NDCG: 0.0095-0.0125-0.0177-0.0222 MRR: 0.0109-0.0123-0.0136-0.0143
------------------------------------------------------
ood testing
[Valid]: Precision: 0.0024-0.002-0.0014-0.0011 Recall: 0.0213-0.035-0.0608-0.0916 NDCG: 0.0105-0.014-0.0193-0.0244 MRR: 0.0079-0.009-0.0099-0.0104
[Test]: Precision: 0.0025-0.002-0.0014-0.001 Recall: 0.0219-0.0362-0.0632-0.0909 NDCG: 0.0109-0.0145-0.02-0.0246 MRR: 0.0083-0.0093-0.0102-0.0107
------------------------------------------------------
------------------------------------------------------
Runing Epoch 241 valid loss 328.1160 costs 00: 00: 14
[Valid]: Precision: 0.0032-0.0028-0.002-0.0015 Recall: 0.0152-0.0283-0.0458-0.0664 NDCG: 0.0094-0.013-0.0171-0.0211 MRR: 0.0113-0.0129-0.014-0.0145
[Test]: Precision: 0.0031-0.0026-0.002-0.0015 Recall: 0.0158-0.0265-0.0493-0.0723 NDCG: 0.0095-0.0125-0.0177-0.0222 MRR: 0.0109-0.0123-0.0136-0.0143
------------------------------------------------------
ood testing
[Valid]: Precision: 0.0024-0.002-0.0014-0.0011 Recall: 0.0213-0.035-0.0609-0.0916 NDCG: 0.0105-0.014-0.0193-0.0244 MRR: 0.0079-0.009-0.0099-0.0104
[Test]: Precision: 0.0025-0.002-0.0014-0.001 Recall: 0.0219-0.0362-0.0634-0.0909 NDCG: 0.0109-0.0145-0.02-0.0246 MRR: 0.0083-0.0093-0.0102-0.0107
------------------------------------------------------
------------------------------------------------------
Runing Epoch 242 valid loss 328.1160 costs 00: 00: 13
[Valid]: Precision: 0.0032-0.0028-0.002-0.0015 Recall: 0.0152-0.0283-0.0459-0.0665 NDCG: 0.0094-0.013-0.0171-0.0211 MRR: 0.0113-0.0129-0.014-0.0145
[Test]: Precision: 0.0031-0.0026-0.002-0.0015 Recall: 0.0158-0.0265-0.049-0.0724 NDCG: 0.0095-0.0125-0.0176-0.0222 MRR: 0.0109-0.0123-0.0136-0.0143
------------------------------------------------------
ood testing
[Valid]: Precision: 0.0024-0.002-0.0014-0.0011 Recall: 0.0213-0.035-0.0606-0.0916 NDCG: 0.0105-0.014-0.0192-0.0244 MRR: 0.0079-0.009-0.0099-0.0104
[Test]: Precision: 0.0025-0.002-0.0014-0.001 Recall: 0.0219-0.0362-0.0632-0.091 NDCG: 0.0109-0.0145-0.02-0.0246 MRR: 0.0083-0.0093-0.0102-0.0107
------------------------------------------------------
------------------------------------------------------
Runing Epoch 243 valid loss 328.1093 costs 00: 00: 14
[Valid]: Precision: 0.0032-0.0028-0.002-0.0015 Recall: 0.0152-0.0283-0.0458-0.0665 NDCG: 0.0094-0.013-0.0171-0.0211 MRR: 0.0113-0.0129-0.014-0.0145
[Test]: Precision: 0.0031-0.0026-0.002-0.0015 Recall: 0.0158-0.0265-0.049-0.0723 NDCG: 0.0095-0.0125-0.0176-0.0222 MRR: 0.0109-0.0123-0.0136-0.0143
------------------------------------------------------
ood testing
[Valid]: Precision: 0.0024-0.002-0.0014-0.0011 Recall: 0.0213-0.035-0.0605-0.0916 NDCG: 0.0105-0.014-0.0192-0.0244 MRR: 0.0079-0.009-0.0099-0.0104
[Test]: Precision: 0.0025-0.002-0.0014-0.001 Recall: 0.0219-0.0362-0.0631-0.0909 NDCG: 0.0109-0.0145-0.0199-0.0246 MRR: 0.0083-0.0093-0.0102-0.0107
------------------------------------------------------
------------------------------------------------------
Runing Epoch 244 valid loss 328.1124 costs 00: 00: 13
[Valid]: Precision: 0.0032-0.0028-0.002-0.0015 Recall: 0.0152-0.0283-0.0458-0.0665 NDCG: 0.0094-0.013-0.0171-0.0211 MRR: 0.0112-0.0128-0.0139-0.0144
[Test]: Precision: 0.0031-0.0026-0.002-0.0015 Recall: 0.0158-0.0265-0.0493-0.0723 NDCG: 0.0094-0.0125-0.0176-0.0221 MRR: 0.0108-0.0122-0.0135-0.0142
------------------------------------------------------
ood testing
[Valid]: Precision: 0.0024-0.002-0.0014-0.0011 Recall: 0.0213-0.035-0.0608-0.0916 NDCG: 0.0105-0.0141-0.0193-0.0244 MRR: 0.008-0.0091-0.01-0.0105
[Test]: Precision: 0.0025-0.002-0.0014-0.001 Recall: 0.0219-0.0362-0.0632-0.0909 NDCG: 0.0109-0.0145-0.02-0.0246 MRR: 0.0083-0.0093-0.0102-0.0107
------------------------------------------------------
------------------------------------------------------
Runing Epoch 245 valid loss 328.1111 costs 00: 00: 13
[Valid]: Precision: 0.0032-0.0028-0.002-0.0015 Recall: 0.0152-0.0283-0.0459-0.0665 NDCG: 0.0094-0.013-0.0171-0.0211 MRR: 0.0112-0.0128-0.0139-0.0144
[Test]: Precision: 0.0031-0.0026-0.002-0.0015 Recall: 0.0158-0.0265-0.049-0.0723 NDCG: 0.0094-0.0125-0.0176-0.0221 MRR: 0.0108-0.0122-0.0135-0.0142
------------------------------------------------------
ood testing
[Valid]: Precision: 0.0024-0.002-0.0014-0.0011 Recall: 0.0213-0.035-0.0606-0.0916 NDCG: 0.0105-0.0141-0.0193-0.0244 MRR: 0.008-0.0091-0.01-0.0105
[Test]: Precision: 0.0025-0.002-0.0014-0.001 Recall: 0.0219-0.0362-0.0632-0.091 NDCG: 0.0109-0.0145-0.02-0.0246 MRR: 0.0083-0.0093-0.0102-0.0107
------------------------------------------------------
------------------------------------------------------
Runing Epoch 246 valid loss 328.1088 costs 00: 00: 13
[Valid]: Precision: 0.0032-0.0028-0.002-0.0015 Recall: 0.0152-0.0283-0.0459-0.0666 NDCG: 0.0094-0.013-0.0171-0.0211 MRR: 0.0112-0.0128-0.0139-0.0144
[Test]: Precision: 0.0031-0.0026-0.002-0.0015 Recall: 0.0158-0.0265-0.049-0.0724 NDCG: 0.0094-0.0125-0.0176-0.0221 MRR: 0.0108-0.0122-0.0135-0.0142
------------------------------------------------------
ood testing
[Valid]: Precision: 0.0024-0.002-0.0014-0.0011 Recall: 0.0213-0.035-0.0606-0.0916 NDCG: 0.0105-0.0141-0.0193-0.0244 MRR: 0.008-0.0091-0.01-0.0105
[Test]: Precision: 0.0025-0.002-0.0014-0.001 Recall: 0.0219-0.0362-0.0632-0.091 NDCG: 0.0109-0.0145-0.02-0.0246 MRR: 0.0083-0.0093-0.0102-0.0107
------------------------------------------------------
------------------------------------------------------
Runing Epoch 247 valid loss 328.1157 costs 00: 00: 13
[Valid]: Precision: 0.0032-0.0028-0.002-0.0015 Recall: 0.0152-0.0283-0.0459-0.0665 NDCG: 0.0094-0.013-0.0171-0.0211 MRR: 0.0112-0.0128-0.0139-0.0144
[Test]: Precision: 0.0031-0.0026-0.002-0.0015 Recall: 0.0158-0.0265-0.049-0.0722 NDCG: 0.0094-0.0125-0.0176-0.0221 MRR: 0.0108-0.0122-0.0135-0.0142
------------------------------------------------------
ood testing
[Valid]: Precision: 0.0024-0.002-0.0014-0.0011 Recall: 0.0213-0.035-0.0606-0.0916 NDCG: 0.0105-0.0141-0.0193-0.0244 MRR: 0.008-0.0091-0.01-0.0105
[Test]: Precision: 0.0025-0.002-0.0014-0.001 Recall: 0.0219-0.0362-0.0632-0.091 NDCG: 0.0109-0.0145-0.02-0.0246 MRR: 0.0083-0.0093-0.0102-0.0107
------------------------------------------------------
------------------------------------------------------
Runing Epoch 248 valid loss 328.1169 costs 00: 00: 13
[Valid]: Precision: 0.0032-0.0028-0.002-0.0015 Recall: 0.0152-0.0283-0.0458-0.0665 NDCG: 0.0094-0.013-0.0171-0.0211 MRR: 0.0112-0.0128-0.0139-0.0144
[Test]: Precision: 0.0031-0.0026-0.002-0.0015 Recall: 0.0158-0.0265-0.049-0.0723 NDCG: 0.0094-0.0125-0.0176-0.0221 MRR: 0.0108-0.0122-0.0135-0.0142
------------------------------------------------------
ood testing
[Valid]: Precision: 0.0024-0.002-0.0014-0.0011 Recall: 0.0213-0.035-0.0605-0.0916 NDCG: 0.0105-0.0141-0.0192-0.0244 MRR: 0.008-0.0091-0.01-0.0105
[Test]: Precision: 0.0025-0.002-0.0014-0.001 Recall: 0.0219-0.0362-0.0631-0.091 NDCG: 0.0109-0.0145-0.0199-0.0246 MRR: 0.0083-0.0093-0.0102-0.0107
------------------------------------------------------
------------------------------------------------------
Runing Epoch 249 valid loss 328.1037 costs 00: 00: 13
[Valid]: Precision: 0.0032-0.0028-0.002-0.0015 Recall: 0.0152-0.0283-0.0457-0.0666 NDCG: 0.0094-0.013-0.0171-0.0211 MRR: 0.0113-0.0129-0.014-0.0145
[Test]: Precision: 0.0031-0.0026-0.002-0.0015 Recall: 0.0158-0.0265-0.049-0.0725 NDCG: 0.0095-0.0125-0.0176-0.0222 MRR: 0.0109-0.0123-0.0136-0.0143
------------------------------------------------------
ood testing
[Valid]: Precision: 0.0024-0.002-0.0014-0.0011 Recall: 0.0213-0.035-0.0605-0.0915 NDCG: 0.0105-0.014-0.0192-0.0244 MRR: 0.0079-0.009-0.0099-0.0104
[Test]: Precision: 0.0025-0.002-0.0014-0.001 Recall: 0.0219-0.0362-0.0631-0.091 NDCG: 0.0109-0.0145-0.0199-0.0246 MRR: 0.0083-0.0093-0.0102-0.0107
------------------------------------------------------
------------------------------------------------------
Runing Epoch 250 valid loss 328.1103 costs 00: 00: 13
[Valid]: Precision: 0.0032-0.0028-0.002-0.0015 Recall: 0.0152-0.0283-0.0457-0.0664 NDCG: 0.0094-0.013-0.0171-0.0211 MRR: 0.0113-0.0129-0.014-0.0145
[Test]: Precision: 0.0031-0.0026-0.002-0.0015 Recall: 0.0158-0.0265-0.049-0.0726 NDCG: 0.0095-0.0125-0.0176-0.0222 MRR: 0.0109-0.0123-0.0136-0.0143
------------------------------------------------------
ood testing
[Valid]: Precision: 0.0024-0.002-0.0014-0.0011 Recall: 0.0213-0.035-0.0605-0.0918 NDCG: 0.0105-0.014-0.0192-0.0244 MRR: 0.0079-0.009-0.0099-0.0104
[Test]: Precision: 0.0025-0.002-0.0014-0.001 Recall: 0.0219-0.0362-0.0631-0.0911 NDCG: 0.0109-0.0145-0.0199-0.0246 MRR: 0.0083-0.0093-0.0102-0.0107
------------------------------------------------------
------------------------------------------------------
Runing Epoch 251 valid loss 328.1127 costs 00: 00: 13
[Valid]: Precision: 0.0032-0.0028-0.002-0.0015 Recall: 0.0152-0.0283-0.0458-0.0663 NDCG: 0.0094-0.013-0.0171-0.021 MRR: 0.0113-0.0129-0.014-0.0145
[Test]: Precision: 0.0031-0.0026-0.002-0.0015 Recall: 0.0158-0.0265-0.049-0.0724 NDCG: 0.0095-0.0125-0.0176-0.0222 MRR: 0.0109-0.0123-0.0136-0.0143
------------------------------------------------------
ood testing
[Valid]: Precision: 0.0024-0.002-0.0014-0.0011 Recall: 0.0213-0.035-0.0605-0.0917 NDCG: 0.0105-0.014-0.0192-0.0244 MRR: 0.0079-0.009-0.0099-0.0104
[Test]: Precision: 0.0025-0.002-0.0014-0.001 Recall: 0.0219-0.0362-0.0631-0.091 NDCG: 0.0109-0.0145-0.0199-0.0246 MRR: 0.0083-0.0093-0.0102-0.0107
------------------------------------------------------
------------------------------------------------------
Runing Epoch 252 valid loss 328.1090 costs 00: 00: 14
[Valid]: Precision: 0.0032-0.0028-0.002-0.0015 Recall: 0.0152-0.0283-0.0457-0.0665 NDCG: 0.0094-0.013-0.0171-0.021 MRR: 0.0112-0.0128-0.0139-0.0144
[Test]: Precision: 0.0031-0.0026-0.002-0.0015 Recall: 0.0158-0.0265-0.0489-0.0725 NDCG: 0.0094-0.0125-0.0176-0.0221 MRR: 0.0108-0.0122-0.0135-0.0142
------------------------------------------------------
ood testing
[Valid]: Precision: 0.0024-0.002-0.0014-0.0011 Recall: 0.0213-0.035-0.0606-0.0918 NDCG: 0.0105-0.0141-0.0193-0.0244 MRR: 0.008-0.0091-0.01-0.0105
[Test]: Precision: 0.0025-0.002-0.0014-0.001 Recall: 0.0219-0.0362-0.0629-0.091 NDCG: 0.0109-0.0145-0.0199-0.0246 MRR: 0.0083-0.0093-0.0102-0.0107
------------------------------------------------------
------------------------------------------------------
Runing Epoch 253 valid loss 328.1171 costs 00: 00: 14
[Valid]: Precision: 0.0032-0.0028-0.002-0.0015 Recall: 0.0152-0.0283-0.0458-0.0664 NDCG: 0.0094-0.013-0.0171-0.021 MRR: 0.0112-0.0128-0.0139-0.0144
[Test]: Precision: 0.0031-0.0026-0.002-0.0015 Recall: 0.0158-0.0265-0.049-0.0725 NDCG: 0.0094-0.0125-0.0176-0.0221 MRR: 0.0108-0.0122-0.0135-0.0142
------------------------------------------------------
ood testing
[Valid]: Precision: 0.0024-0.002-0.0014-0.0011 Recall: 0.0213-0.035-0.0605-0.0918 NDCG: 0.0105-0.0141-0.0192-0.0244 MRR: 0.008-0.0091-0.01-0.0105
[Test]: Precision: 0.0025-0.002-0.0014-0.001 Recall: 0.0219-0.0362-0.0631-0.091 NDCG: 0.0109-0.0145-0.0199-0.0246 MRR: 0.0083-0.0093-0.0102-0.0107
------------------------------------------------------
------------------------------------------------------
Runing Epoch 254 valid loss 328.1173 costs 00: 00: 13
[Valid]: Precision: 0.0032-0.0028-0.002-0.0015 Recall: 0.0152-0.0283-0.0457-0.0666 NDCG: 0.0094-0.013-0.0171-0.0211 MRR: 0.0112-0.0128-0.0139-0.0144
[Test]: Precision: 0.0031-0.0026-0.002-0.0015 Recall: 0.0158-0.0265-0.049-0.0726 NDCG: 0.0094-0.0125-0.0176-0.0222 MRR: 0.0108-0.0122-0.0135-0.0142
------------------------------------------------------
ood testing
[Valid]: Precision: 0.0024-0.002-0.0014-0.0011 Recall: 0.0213-0.035-0.0605-0.0918 NDCG: 0.0105-0.0141-0.0192-0.0244 MRR: 0.008-0.0091-0.01-0.0105
[Test]: Precision: 0.0025-0.002-0.0014-0.001 Recall: 0.0219-0.0362-0.0631-0.0911 NDCG: 0.0109-0.0145-0.0199-0.0246 MRR: 0.0083-0.0093-0.0102-0.0107
------------------------------------------------------
------------------------------------------------------
Runing Epoch 255 valid loss 328.1103 costs 00: 00: 13
[Valid]: Precision: 0.0032-0.0028-0.002-0.0015 Recall: 0.0152-0.0283-0.0457-0.0667 NDCG: 0.0094-0.013-0.0171-0.0211 MRR: 0.0112-0.0128-0.0139-0.0144
[Test]: Precision: 0.0031-0.0026-0.002-0.0015 Recall: 0.0158-0.0265-0.049-0.0726 NDCG: 0.0094-0.0125-0.0176-0.0222 MRR: 0.0108-0.0122-0.0135-0.0142
------------------------------------------------------
ood testing
[Valid]: Precision: 0.0024-0.002-0.0014-0.0011 Recall: 0.0213-0.035-0.0605-0.0916 NDCG: 0.0105-0.0141-0.0192-0.0244 MRR: 0.008-0.0091-0.01-0.0105
[Test]: Precision: 0.0025-0.002-0.0014-0.001 Recall: 0.0219-0.0362-0.0631-0.091 NDCG: 0.0109-0.0145-0.0199-0.0246 MRR: 0.0083-0.0093-0.0102-0.0107
------------------------------------------------------
------------------------------------------------------
Runing Epoch 256 valid loss 328.1129 costs 00: 00: 13
[Valid]: Precision: 0.0032-0.0028-0.002-0.0015 Recall: 0.0152-0.0283-0.0458-0.0667 NDCG: 0.0094-0.013-0.0171-0.0211 MRR: 0.0112-0.0128-0.0139-0.0144
[Test]: Precision: 0.0031-0.0026-0.002-0.0015 Recall: 0.0158-0.0265-0.0493-0.0726 NDCG: 0.0094-0.0125-0.0176-0.0222 MRR: 0.0108-0.0122-0.0135-0.0142
------------------------------------------------------
ood testing
[Valid]: Precision: 0.0024-0.002-0.0014-0.0011 Recall: 0.0213-0.035-0.0608-0.0916 NDCG: 0.0105-0.0141-0.0193-0.0244 MRR: 0.008-0.0091-0.01-0.0105
[Test]: Precision: 0.0025-0.002-0.0014-0.001 Recall: 0.0219-0.0362-0.0632-0.0909 NDCG: 0.0109-0.0145-0.02-0.0246 MRR: 0.0083-0.0093-0.0102-0.0107
------------------------------------------------------
------------------------------------------------------
Runing Epoch 257 valid loss 328.1089 costs 00: 00: 13
[Valid]: Precision: 0.0032-0.0028-0.002-0.0015 Recall: 0.0152-0.0283-0.0459-0.0666 NDCG: 0.0094-0.013-0.0171-0.0211 MRR: 0.0112-0.0128-0.0139-0.0144
[Test]: Precision: 0.0031-0.0026-0.002-0.0015 Recall: 0.0158-0.0265-0.0492-0.0725 NDCG: 0.0094-0.0125-0.0176-0.0221 MRR: 0.0108-0.0122-0.0135-0.0142
------------------------------------------------------
ood testing
[Valid]: Precision: 0.0024-0.002-0.0014-0.0011 Recall: 0.0213-0.035-0.0607-0.0918 NDCG: 0.0105-0.0141-0.0193-0.0244 MRR: 0.008-0.0091-0.01-0.0105
[Test]: Precision: 0.0025-0.002-0.0014-0.001 Recall: 0.0219-0.0362-0.0629-0.091 NDCG: 0.0109-0.0145-0.0199-0.0246 MRR: 0.0083-0.0093-0.0102-0.0107
------------------------------------------------------
------------------------------------------------------
Runing Epoch 258 valid loss 328.1142 costs 00: 00: 13
[Valid]: Precision: 0.0032-0.0028-0.002-0.0015 Recall: 0.0152-0.0283-0.0459-0.0666 NDCG: 0.0094-0.013-0.0171-0.0211 MRR: 0.0112-0.0128-0.0139-0.0144
[Test]: Precision: 0.0031-0.0026-0.002-0.0015 Recall: 0.0158-0.0265-0.0492-0.0725 NDCG: 0.0094-0.0125-0.0176-0.0222 MRR: 0.0108-0.0122-0.0135-0.0142
------------------------------------------------------
ood testing
[Valid]: Precision: 0.0024-0.002-0.0014-0.0011 Recall: 0.0213-0.035-0.0607-0.0918 NDCG: 0.0105-0.0141-0.0193-0.0244 MRR: 0.008-0.0091-0.01-0.0105
[Test]: Precision: 0.0025-0.002-0.0014-0.001 Recall: 0.0219-0.0362-0.0629-0.0911 NDCG: 0.0109-0.0145-0.0199-0.0246 MRR: 0.0083-0.0093-0.0102-0.0107
------------------------------------------------------
------------------------------------------------------
Runing Epoch 259 valid loss 328.1195 costs 00: 00: 13
[Valid]: Precision: 0.0032-0.0028-0.002-0.0015 Recall: 0.0152-0.0283-0.0458-0.0665 NDCG: 0.0094-0.013-0.0171-0.0211 MRR: 0.0112-0.0128-0.0139-0.0144
[Test]: Precision: 0.0031-0.0026-0.002-0.0015 Recall: 0.0158-0.0265-0.049-0.0724 NDCG: 0.0094-0.0125-0.0176-0.0221 MRR: 0.0108-0.0122-0.0135-0.0142
------------------------------------------------------
ood testing
[Valid]: Precision: 0.0024-0.002-0.0014-0.0011 Recall: 0.0213-0.035-0.0605-0.0917 NDCG: 0.0105-0.0141-0.0192-0.0244 MRR: 0.008-0.0091-0.01-0.0105
[Test]: Precision: 0.0025-0.002-0.0014-0.001 Recall: 0.0219-0.0362-0.0631-0.0911 NDCG: 0.0109-0.0145-0.0199-0.0246 MRR: 0.0083-0.0093-0.0102-0.0107
------------------------------------------------------
------------------------------------------------------
Runing Epoch 260 valid loss 328.1099 costs 00: 00: 13
[Valid]: Precision: 0.0032-0.0028-0.002-0.0015 Recall: 0.0152-0.0283-0.0458-0.0666 NDCG: 0.0094-0.013-0.0171-0.0211 MRR: 0.0113-0.0129-0.014-0.0145
[Test]: Precision: 0.0031-0.0026-0.002-0.0015 Recall: 0.0158-0.0265-0.049-0.0723 NDCG: 0.0095-0.0125-0.0176-0.0222 MRR: 0.0109-0.0123-0.0136-0.0143
------------------------------------------------------
ood testing
[Valid]: Precision: 0.0024-0.002-0.0014-0.0011 Recall: 0.0213-0.035-0.0605-0.0916 NDCG: 0.0105-0.014-0.0192-0.0244 MRR: 0.0079-0.009-0.0099-0.0104
[Test]: Precision: 0.0025-0.002-0.0014-0.001 Recall: 0.0219-0.0362-0.0631-0.0912 NDCG: 0.0109-0.0145-0.0199-0.0246 MRR: 0.0083-0.0093-0.0102-0.0107
------------------------------------------------------
------------------------------------------------------
Runing Epoch 261 valid loss 328.1112 costs 00: 00: 13
[Valid]: Precision: 0.0032-0.0028-0.002-0.0015 Recall: 0.0152-0.0283-0.0458-0.0667 NDCG: 0.0094-0.013-0.0171-0.0211 MRR: 0.0113-0.0129-0.014-0.0145
[Test]: Precision: 0.0031-0.0026-0.002-0.0015 Recall: 0.0158-0.0265-0.049-0.0726 NDCG: 0.0095-0.0125-0.0176-0.0222 MRR: 0.0109-0.0123-0.0136-0.0143
------------------------------------------------------
ood testing
[Valid]: Precision: 0.0024-0.002-0.0014-0.0011 Recall: 0.0213-0.035-0.0605-0.0917 NDCG: 0.0105-0.014-0.0192-0.0244 MRR: 0.0079-0.009-0.0099-0.0104
[Test]: Precision: 0.0025-0.002-0.0014-0.001 Recall: 0.0219-0.0362-0.0631-0.0909 NDCG: 0.0109-0.0145-0.0199-0.0246 MRR: 0.0083-0.0093-0.0102-0.0107
------------------------------------------------------
------------------------------------------------------
Runing Epoch 262 valid loss 328.1089 costs 00: 00: 13
[Valid]: Precision: 0.0032-0.0028-0.002-0.0015 Recall: 0.0152-0.0283-0.0458-0.0667 NDCG: 0.0094-0.013-0.0171-0.0211 MRR: 0.0113-0.0129-0.014-0.0145
[Test]: Precision: 0.0031-0.0026-0.002-0.0015 Recall: 0.0158-0.0265-0.049-0.0724 NDCG: 0.0095-0.0125-0.0176-0.0222 MRR: 0.0109-0.0123-0.0136-0.0143
------------------------------------------------------
ood testing
[Valid]: Precision: 0.0024-0.002-0.0014-0.0011 Recall: 0.0213-0.035-0.0605-0.0914 NDCG: 0.0105-0.014-0.0192-0.0244 MRR: 0.0079-0.009-0.0099-0.0104
[Test]: Precision: 0.0025-0.002-0.0014-0.001 Recall: 0.0219-0.0362-0.0631-0.091 NDCG: 0.0109-0.0145-0.0199-0.0246 MRR: 0.0083-0.0093-0.0102-0.0107
------------------------------------------------------
------------------------------------------------------
Runing Epoch 263 valid loss 328.1071 costs 00: 00: 13
[Valid]: Precision: 0.0032-0.0028-0.002-0.0015 Recall: 0.0152-0.0283-0.0459-0.0668 NDCG: 0.0094-0.013-0.0171-0.0211 MRR: 0.0113-0.0129-0.014-0.0145
[Test]: Precision: 0.0031-0.0026-0.002-0.0015 Recall: 0.0158-0.0265-0.049-0.0724 NDCG: 0.0095-0.0125-0.0176-0.0222 MRR: 0.0109-0.0123-0.0136-0.0143
------------------------------------------------------
ood testing
[Valid]: Precision: 0.0024-0.002-0.0014-0.0011 Recall: 0.0213-0.035-0.0606-0.0914 NDCG: 0.0105-0.014-0.0192-0.0244 MRR: 0.0079-0.009-0.0099-0.0104
[Test]: Precision: 0.0025-0.002-0.0014-0.001 Recall: 0.0219-0.0362-0.0632-0.091 NDCG: 0.0109-0.0145-0.02-0.0246 MRR: 0.0083-0.0093-0.0102-0.0107
------------------------------------------------------
------------------------------------------------------
Runing Epoch 264 valid loss 328.1174 costs 00: 00: 13
[Valid]: Precision: 0.0032-0.0028-0.002-0.0015 Recall: 0.0152-0.0283-0.0459-0.0666 NDCG: 0.0094-0.013-0.0171-0.0211 MRR: 0.0113-0.0129-0.014-0.0145
[Test]: Precision: 0.0031-0.0026-0.002-0.0015 Recall: 0.0158-0.0265-0.0488-0.0723 NDCG: 0.0095-0.0125-0.0176-0.0222 MRR: 0.0109-0.0123-0.0136-0.0143
------------------------------------------------------
ood testing
[Valid]: Precision: 0.0024-0.002-0.0014-0.0011 Recall: 0.0213-0.035-0.0606-0.0916 NDCG: 0.0105-0.014-0.0192-0.0244 MRR: 0.0079-0.009-0.0099-0.0104
[Test]: Precision: 0.0025-0.002-0.0014-0.001 Recall: 0.0219-0.0362-0.0632-0.0911 NDCG: 0.0109-0.0145-0.02-0.0246 MRR: 0.0083-0.0093-0.0102-0.0107
------------------------------------------------------
------------------------------------------------------
Runing Epoch 265 valid loss 328.1132 costs 00: 00: 13
[Valid]: Precision: 0.0032-0.0028-0.002-0.0015 Recall: 0.0152-0.0283-0.0459-0.0666 NDCG: 0.0094-0.013-0.0171-0.0211 MRR: 0.0113-0.0129-0.014-0.0145
[Test]: Precision: 0.0031-0.0026-0.002-0.0015 Recall: 0.0158-0.0265-0.049-0.0723 NDCG: 0.0095-0.0125-0.0176-0.0222 MRR: 0.0109-0.0123-0.0136-0.0143
------------------------------------------------------
ood testing
[Valid]: Precision: 0.0024-0.002-0.0014-0.0011 Recall: 0.0213-0.035-0.0606-0.0916 NDCG: 0.0105-0.014-0.0192-0.0244 MRR: 0.0079-0.009-0.0099-0.0104
[Test]: Precision: 0.0025-0.002-0.0014-0.001 Recall: 0.0219-0.0362-0.0632-0.0911 NDCG: 0.0109-0.0145-0.02-0.0246 MRR: 0.0083-0.0093-0.0102-0.0107
------------------------------------------------------
------------------------------------------------------
Runing Epoch 266 valid loss 328.1117 costs 00: 00: 14
[Valid]: Precision: 0.0032-0.0028-0.002-0.0015 Recall: 0.0152-0.0283-0.0458-0.0668 NDCG: 0.0094-0.013-0.0171-0.0211 MRR: 0.0113-0.0129-0.014-0.0145
[Test]: Precision: 0.0031-0.0026-0.002-0.0015 Recall: 0.0158-0.0265-0.049-0.0723 NDCG: 0.0095-0.0125-0.0176-0.0222 MRR: 0.0109-0.0123-0.0136-0.0143
------------------------------------------------------
ood testing
[Valid]: Precision: 0.0024-0.002-0.0014-0.0011 Recall: 0.0213-0.035-0.0605-0.0915 NDCG: 0.0105-0.014-0.0192-0.0244 MRR: 0.0079-0.009-0.0099-0.0104
[Test]: Precision: 0.0025-0.002-0.0014-0.001 Recall: 0.0219-0.0362-0.0631-0.0911 NDCG: 0.0109-0.0145-0.0199-0.0246 MRR: 0.0083-0.0093-0.0102-0.0107
------------------------------------------------------
------------------------------------------------------
Runing Epoch 267 valid loss 328.1087 costs 00: 00: 14
[Valid]: Precision: 0.0032-0.0028-0.002-0.0015 Recall: 0.0152-0.0283-0.0459-0.0667 NDCG: 0.0094-0.013-0.0171-0.0211 MRR: 0.0113-0.0129-0.014-0.0145
[Test]: Precision: 0.0031-0.0026-0.002-0.0015 Recall: 0.0158-0.0265-0.049-0.0723 NDCG: 0.0095-0.0125-0.0176-0.0222 MRR: 0.0109-0.0123-0.0136-0.0143
------------------------------------------------------
ood testing
[Valid]: Precision: 0.0024-0.002-0.0014-0.0011 Recall: 0.0213-0.035-0.0606-0.0915 NDCG: 0.0105-0.014-0.0192-0.0244 MRR: 0.0079-0.009-0.0099-0.0104
[Test]: Precision: 0.0025-0.002-0.0014-0.001 Recall: 0.0219-0.0362-0.0631-0.0911 NDCG: 0.0109-0.0145-0.0199-0.0246 MRR: 0.0083-0.0093-0.0102-0.0107
------------------------------------------------------
------------------------------------------------------
Runing Epoch 268 valid loss 328.1195 costs 00: 00: 13
[Valid]: Precision: 0.0032-0.0028-0.002-0.0015 Recall: 0.0152-0.0283-0.0459-0.0666 NDCG: 0.0094-0.013-0.0171-0.0211 MRR: 0.0113-0.0129-0.014-0.0145
[Test]: Precision: 0.0031-0.0026-0.002-0.0015 Recall: 0.0158-0.0265-0.049-0.0723 NDCG: 0.0095-0.0125-0.0176-0.0222 MRR: 0.0109-0.0123-0.0136-0.0143
------------------------------------------------------
ood testing
[Valid]: Precision: 0.0024-0.002-0.0014-0.0011 Recall: 0.0213-0.035-0.0606-0.0915 NDCG: 0.0105-0.014-0.0192-0.0244 MRR: 0.0079-0.009-0.0099-0.0104
[Test]: Precision: 0.0025-0.002-0.0014-0.001 Recall: 0.0219-0.0362-0.0632-0.0911 NDCG: 0.0109-0.0145-0.02-0.0246 MRR: 0.0083-0.0093-0.0102-0.0107
------------------------------------------------------
------------------------------------------------------
Runing Epoch 269 valid loss 328.1182 costs 00: 00: 13
[Valid]: Precision: 0.0032-0.0028-0.002-0.0015 Recall: 0.0152-0.0283-0.0459-0.0666 NDCG: 0.0094-0.013-0.0171-0.0211 MRR: 0.0113-0.0129-0.014-0.0145
[Test]: Precision: 0.0031-0.0026-0.002-0.0015 Recall: 0.0158-0.0265-0.0488-0.0723 NDCG: 0.0095-0.0125-0.0176-0.0222 MRR: 0.0109-0.0123-0.0136-0.0143
------------------------------------------------------
ood testing
[Valid]: Precision: 0.0024-0.002-0.0014-0.0011 Recall: 0.0213-0.035-0.0606-0.0916 NDCG: 0.0105-0.014-0.0192-0.0244 MRR: 0.0079-0.009-0.0099-0.0104
[Test]: Precision: 0.0025-0.002-0.0014-0.001 Recall: 0.0219-0.0362-0.0632-0.0911 NDCG: 0.0109-0.0145-0.02-0.0246 MRR: 0.0083-0.0093-0.0102-0.0107
------------------------------------------------------
------------------------------------------------------
Runing Epoch 270 valid loss 328.1138 costs 00: 00: 14
[Valid]: Precision: 0.0032-0.0028-0.002-0.0015 Recall: 0.0152-0.0283-0.0459-0.0667 NDCG: 0.0094-0.013-0.0171-0.0211 MRR: 0.0113-0.0129-0.014-0.0145
[Test]: Precision: 0.0031-0.0026-0.002-0.0015 Recall: 0.0158-0.0265-0.0488-0.0723 NDCG: 0.0095-0.0125-0.0176-0.0222 MRR: 0.0109-0.0123-0.0136-0.0143
------------------------------------------------------
ood testing
[Valid]: Precision: 0.0024-0.002-0.0014-0.0011 Recall: 0.0213-0.035-0.0606-0.0916 NDCG: 0.0105-0.014-0.0192-0.0244 MRR: 0.0079-0.009-0.0099-0.0104
[Test]: Precision: 0.0025-0.002-0.0014-0.001 Recall: 0.0219-0.0362-0.0632-0.0911 NDCG: 0.0109-0.0145-0.02-0.0246 MRR: 0.0083-0.0093-0.0102-0.0107
------------------------------------------------------
------------------------------------------------------
Runing Epoch 271 valid loss 328.1070 costs 00: 00: 13
[Valid]: Precision: 0.0032-0.0028-0.002-0.0015 Recall: 0.0152-0.0283-0.0459-0.0667 NDCG: 0.0094-0.013-0.0171-0.0211 MRR: 0.0112-0.0128-0.0139-0.0144
[Test]: Precision: 0.0031-0.0026-0.002-0.0015 Recall: 0.0158-0.0265-0.0488-0.0723 NDCG: 0.0094-0.0125-0.0175-0.0221 MRR: 0.0108-0.0122-0.0135-0.0142
------------------------------------------------------
ood testing
[Valid]: Precision: 0.0024-0.002-0.0014-0.0011 Recall: 0.0213-0.035-0.0606-0.0915 NDCG: 0.0105-0.0141-0.0192-0.0244 MRR: 0.008-0.0091-0.01-0.0105
[Test]: Precision: 0.0025-0.002-0.0014-0.001 Recall: 0.0219-0.0362-0.0631-0.0911 NDCG: 0.0109-0.0145-0.02-0.0246 MRR: 0.0083-0.0093-0.0102-0.0107
------------------------------------------------------
------------------------------------------------------
Runing Epoch 272 valid loss 328.1139 costs 00: 00: 15
[Valid]: Precision: 0.0032-0.0028-0.002-0.0015 Recall: 0.0152-0.0283-0.0459-0.0668 NDCG: 0.0094-0.013-0.0171-0.0211 MRR: 0.0112-0.0128-0.0139-0.0144
[Test]: Precision: 0.0031-0.0026-0.002-0.0015 Recall: 0.0158-0.0265-0.0488-0.0723 NDCG: 0.0094-0.0125-0.0175-0.0221 MRR: 0.0108-0.0122-0.0135-0.0141
------------------------------------------------------
ood testing
[Valid]: Precision: 0.0024-0.002-0.0014-0.0011 Recall: 0.0213-0.035-0.0606-0.0915 NDCG: 0.0105-0.0141-0.0192-0.0244 MRR: 0.008-0.0091-0.01-0.0105
[Test]: Precision: 0.0025-0.002-0.0014-0.001 Recall: 0.0219-0.0362-0.0631-0.0911 NDCG: 0.0109-0.0145-0.02-0.0246 MRR: 0.0083-0.0093-0.0102-0.0107
------------------------------------------------------
------------------------------------------------------
Runing Epoch 273 valid loss 328.1201 costs 00: 00: 13
[Valid]: Precision: 0.0032-0.0028-0.002-0.0015 Recall: 0.0152-0.0283-0.0459-0.0668 NDCG: 0.0094-0.013-0.0171-0.0211 MRR: 0.0112-0.0128-0.0139-0.0144
[Test]: Precision: 0.0031-0.0026-0.002-0.0015 Recall: 0.0158-0.0265-0.0488-0.0723 NDCG: 0.0094-0.0125-0.0175-0.0221 MRR: 0.0108-0.0122-0.0135-0.0142
------------------------------------------------------
ood testing
[Valid]: Precision: 0.0024-0.002-0.0014-0.0011 Recall: 0.0213-0.035-0.0606-0.0916 NDCG: 0.0105-0.0141-0.0192-0.0244 MRR: 0.008-0.0091-0.01-0.0105
[Test]: Precision: 0.0025-0.002-0.0014-0.001 Recall: 0.0219-0.0362-0.0631-0.0912 NDCG: 0.0109-0.0145-0.02-0.0246 MRR: 0.0083-0.0093-0.0102-0.0107
------------------------------------------------------
------------------------------------------------------
Runing Epoch 274 valid loss 328.1238 costs 00: 00: 14
[Valid]: Precision: 0.0032-0.0028-0.002-0.0015 Recall: 0.0152-0.0283-0.0457-0.0668 NDCG: 0.0094-0.013-0.0171-0.0211 MRR: 0.0112-0.0128-0.0139-0.0144
[Test]: Precision: 0.0031-0.0026-0.002-0.0015 Recall: 0.0158-0.0265-0.0487-0.0723 NDCG: 0.0094-0.0125-0.0175-0.0221 MRR: 0.0108-0.0122-0.0135-0.0142
------------------------------------------------------
ood testing
[Valid]: Precision: 0.0024-0.002-0.0014-0.0011 Recall: 0.0213-0.035-0.0606-0.0916 NDCG: 0.0105-0.0141-0.0192-0.0244 MRR: 0.008-0.0091-0.01-0.0105
[Test]: Precision: 0.0025-0.002-0.0014-0.001 Recall: 0.0219-0.0362-0.0629-0.0912 NDCG: 0.0109-0.0145-0.0199-0.0246 MRR: 0.0083-0.0093-0.0102-0.0107
------------------------------------------------------
------------------------------------------------------
Runing Epoch 275 valid loss 328.1125 costs 00: 00: 14
[Valid]: Precision: 0.0032-0.0028-0.002-0.0015 Recall: 0.0152-0.0283-0.0457-0.0667 NDCG: 0.0094-0.013-0.017-0.0211 MRR: 0.0112-0.0128-0.0139-0.0144
[Test]: Precision: 0.0031-0.0026-0.002-0.0015 Recall: 0.0158-0.0265-0.0487-0.0724 NDCG: 0.0094-0.0125-0.0175-0.0221 MRR: 0.0108-0.0122-0.0135-0.0142
------------------------------------------------------
ood testing
[Valid]: Precision: 0.0024-0.002-0.0014-0.0011 Recall: 0.0213-0.035-0.0606-0.0916 NDCG: 0.0105-0.0141-0.0192-0.0244 MRR: 0.008-0.0091-0.01-0.0105
[Test]: Precision: 0.0025-0.002-0.0014-0.001 Recall: 0.0219-0.0362-0.0629-0.0911 NDCG: 0.0109-0.0145-0.0199-0.0246 MRR: 0.0083-0.0093-0.0102-0.0107
------------------------------------------------------
------------------------------------------------------
Runing Epoch 276 valid loss 328.1110 costs 00: 00: 14
[Valid]: Precision: 0.0032-0.0028-0.002-0.0015 Recall: 0.0152-0.0283-0.0458-0.0667 NDCG: 0.0094-0.013-0.0171-0.0211 MRR: 0.0112-0.0128-0.0139-0.0144
[Test]: Precision: 0.0031-0.0026-0.0019-0.0015 Recall: 0.0158-0.0265-0.0487-0.0724 NDCG: 0.0094-0.0125-0.0175-0.0221 MRR: 0.0108-0.0122-0.0135-0.0142
------------------------------------------------------
ood testing
[Valid]: Precision: 0.0024-0.002-0.0014-0.0011 Recall: 0.0213-0.035-0.0607-0.0916 NDCG: 0.0105-0.0141-0.0193-0.0244 MRR: 0.008-0.0091-0.01-0.0105
[Test]: Precision: 0.0025-0.002-0.0014-0.001 Recall: 0.0219-0.0362-0.063-0.0911 NDCG: 0.0109-0.0145-0.0199-0.0246 MRR: 0.0083-0.0093-0.0102-0.0107
------------------------------------------------------
------------------------------------------------------
Runing Epoch 277 valid loss 328.1195 costs 00: 00: 14
[Valid]: Precision: 0.0032-0.0028-0.002-0.0015 Recall: 0.0152-0.0283-0.0458-0.0667 NDCG: 0.0094-0.013-0.0171-0.0211 MRR: 0.0112-0.0128-0.0139-0.0144
[Test]: Precision: 0.0031-0.0026-0.0019-0.0015 Recall: 0.0158-0.0265-0.0487-0.0724 NDCG: 0.0094-0.0125-0.0175-0.0221 MRR: 0.0108-0.0122-0.0135-0.0142
------------------------------------------------------
ood testing
[Valid]: Precision: 0.0024-0.002-0.0014-0.0011 Recall: 0.0213-0.035-0.0607-0.0916 NDCG: 0.0105-0.0141-0.0193-0.0244 MRR: 0.008-0.0091-0.01-0.0105
[Test]: Precision: 0.0025-0.002-0.0014-0.001 Recall: 0.0219-0.0362-0.063-0.091 NDCG: 0.0109-0.0145-0.0199-0.0246 MRR: 0.0083-0.0093-0.0102-0.0107
------------------------------------------------------
------------------------------------------------------
Runing Epoch 278 valid loss 328.1125 costs 00: 00: 13
[Valid]: Precision: 0.0032-0.0028-0.002-0.0015 Recall: 0.0152-0.0283-0.0457-0.0668 NDCG: 0.0094-0.013-0.017-0.0211 MRR: 0.0112-0.0128-0.0139-0.0144
[Test]: Precision: 0.0031-0.0026-0.0019-0.0015 Recall: 0.0158-0.0265-0.0487-0.0724 NDCG: 0.0094-0.0125-0.0175-0.0221 MRR: 0.0108-0.0122-0.0135-0.0142
------------------------------------------------------
ood testing
[Valid]: Precision: 0.0024-0.002-0.0014-0.0011 Recall: 0.0213-0.035-0.0606-0.0914 NDCG: 0.0105-0.0141-0.0192-0.0244 MRR: 0.008-0.0091-0.01-0.0105
[Test]: Precision: 0.0025-0.002-0.0014-0.001 Recall: 0.0219-0.0362-0.0629-0.091 NDCG: 0.0109-0.0145-0.0199-0.0246 MRR: 0.0083-0.0093-0.0102-0.0107
------------------------------------------------------
------------------------------------------------------
Runing Epoch 279 valid loss 328.1090 costs 00: 00: 14
[Valid]: Precision: 0.0032-0.0028-0.002-0.0015 Recall: 0.0152-0.0283-0.0458-0.0667 NDCG: 0.0094-0.013-0.0171-0.0211 MRR: 0.0112-0.0128-0.0139-0.0144
[Test]: Precision: 0.0031-0.0026-0.0019-0.0015 Recall: 0.0158-0.0265-0.0487-0.0723 NDCG: 0.0094-0.0125-0.0175-0.0221 MRR: 0.0108-0.0122-0.0135-0.0142
------------------------------------------------------
ood testing
[Valid]: Precision: 0.0024-0.002-0.0014-0.0011 Recall: 0.0213-0.035-0.0607-0.0916 NDCG: 0.0105-0.0141-0.0193-0.0244 MRR: 0.008-0.0091-0.01-0.0105
[Test]: Precision: 0.0025-0.002-0.0014-0.001 Recall: 0.0219-0.0362-0.0631-0.0912 NDCG: 0.0109-0.0145-0.0199-0.0246 MRR: 0.0083-0.0093-0.0102-0.0107
------------------------------------------------------
------------------------------------------------------
Runing Epoch 280 valid loss 328.1108 costs 00: 00: 13
[Valid]: Precision: 0.0032-0.0028-0.002-0.0015 Recall: 0.0152-0.0283-0.0459-0.0668 NDCG: 0.0094-0.013-0.0171-0.0211 MRR: 0.0112-0.0128-0.0139-0.0144
[Test]: Precision: 0.0031-0.0026-0.002-0.0015 Recall: 0.0158-0.0265-0.0488-0.0723 NDCG: 0.0094-0.0125-0.0176-0.0221 MRR: 0.0108-0.0122-0.0135-0.0142
------------------------------------------------------
ood testing
[Valid]: Precision: 0.0024-0.002-0.0014-0.0011 Recall: 0.0213-0.035-0.0606-0.0916 NDCG: 0.0105-0.0141-0.0192-0.0244 MRR: 0.008-0.0091-0.01-0.0105
[Test]: Precision: 0.0025-0.002-0.0014-0.001 Recall: 0.0219-0.0362-0.0632-0.0912 NDCG: 0.0109-0.0145-0.02-0.0246 MRR: 0.0083-0.0093-0.0102-0.0107
------------------------------------------------------
------------------------------------------------------
Runing Epoch 281 valid loss 328.1192 costs 00: 00: 13
[Valid]: Precision: 0.0032-0.0028-0.002-0.0015 Recall: 0.0152-0.0283-0.0459-0.0667 NDCG: 0.0094-0.013-0.0171-0.0211 MRR: 0.0112-0.0128-0.0139-0.0144
[Test]: Precision: 0.0031-0.0026-0.002-0.0015 Recall: 0.0158-0.0265-0.0488-0.0723 NDCG: 0.0094-0.0125-0.0175-0.0221 MRR: 0.0108-0.0122-0.0135-0.0142
------------------------------------------------------
ood testing
[Valid]: Precision: 0.0024-0.002-0.0014-0.0011 Recall: 0.0213-0.035-0.0606-0.0915 NDCG: 0.0105-0.0141-0.0192-0.0244 MRR: 0.008-0.0091-0.01-0.0105
[Test]: Precision: 0.0025-0.002-0.0014-0.001 Recall: 0.0219-0.0362-0.0632-0.0911 NDCG: 0.0109-0.0145-0.02-0.0246 MRR: 0.0083-0.0093-0.0102-0.0107
------------------------------------------------------
------------------------------------------------------
Runing Epoch 282 valid loss 328.1124 costs 00: 00: 13
[Valid]: Precision: 0.0032-0.0028-0.002-0.0015 Recall: 0.0152-0.0283-0.0458-0.0666 NDCG: 0.0094-0.013-0.0171-0.0211 MRR: 0.0112-0.0128-0.0139-0.0144
[Test]: Precision: 0.0031-0.0026-0.0019-0.0015 Recall: 0.0158-0.0265-0.0487-0.0723 NDCG: 0.0094-0.0125-0.0175-0.0221 MRR: 0.0108-0.0122-0.0135-0.0142
------------------------------------------------------
ood testing
[Valid]: Precision: 0.0024-0.002-0.0014-0.0011 Recall: 0.0213-0.035-0.0607-0.0915 NDCG: 0.0105-0.0141-0.0193-0.0244 MRR: 0.008-0.0091-0.01-0.0105
[Test]: Precision: 0.0025-0.002-0.0014-0.001 Recall: 0.0219-0.0362-0.063-0.0911 NDCG: 0.0109-0.0145-0.0199-0.0246 MRR: 0.0083-0.0093-0.0102-0.0107
------------------------------------------------------
------------------------------------------------------
Runing Epoch 283 valid loss 328.1183 costs 00: 00: 13
[Valid]: Precision: 0.0032-0.0028-0.002-0.0015 Recall: 0.0152-0.0283-0.0458-0.0666 NDCG: 0.0094-0.013-0.0171-0.0211 MRR: 0.0112-0.0128-0.0139-0.0144
[Test]: Precision: 0.0031-0.0026-0.0019-0.0015 Recall: 0.0158-0.0265-0.0487-0.0724 NDCG: 0.0094-0.0125-0.0175-0.0221 MRR: 0.0108-0.0122-0.0135-0.0142
------------------------------------------------------
ood testing
[Valid]: Precision: 0.0024-0.002-0.0014-0.0011 Recall: 0.0213-0.035-0.0607-0.0916 NDCG: 0.0105-0.0141-0.0193-0.0244 MRR: 0.008-0.0091-0.01-0.0105
[Test]: Precision: 0.0025-0.002-0.0014-0.001 Recall: 0.0219-0.0362-0.0631-0.0913 NDCG: 0.0109-0.0145-0.0199-0.0246 MRR: 0.0083-0.0093-0.0102-0.0107
------------------------------------------------------
------------------------------------------------------
Runing Epoch 284 valid loss 328.1081 costs 00: 00: 13
[Valid]: Precision: 0.0032-0.0028-0.002-0.0015 Recall: 0.0152-0.0283-0.0458-0.0667 NDCG: 0.0094-0.013-0.0171-0.0211 MRR: 0.0112-0.0128-0.0139-0.0144
[Test]: Precision: 0.0031-0.0026-0.0019-0.0015 Recall: 0.0158-0.0265-0.0487-0.0723 NDCG: 0.0094-0.0125-0.0175-0.0221 MRR: 0.0108-0.0122-0.0135-0.0142
------------------------------------------------------
ood testing
[Valid]: Precision: 0.0024-0.002-0.0014-0.0011 Recall: 0.0213-0.035-0.0607-0.0916 NDCG: 0.0105-0.0141-0.0193-0.0244 MRR: 0.008-0.0091-0.01-0.0105
[Test]: Precision: 0.0025-0.002-0.0014-0.001 Recall: 0.0219-0.0362-0.0631-0.0912 NDCG: 0.0109-0.0145-0.0199-0.0246 MRR: 0.0083-0.0093-0.0102-0.0107
------------------------------------------------------
------------------------------------------------------
Runing Epoch 285 valid loss 328.1161 costs 00: 00: 12
[Valid]: Precision: 0.0032-0.0028-0.002-0.0015 Recall: 0.0152-0.0283-0.046-0.0668 NDCG: 0.0094-0.013-0.0171-0.0211 MRR: 0.0113-0.0129-0.014-0.0145
[Test]: Precision: 0.0031-0.0026-0.002-0.0015 Recall: 0.0158-0.0265-0.049-0.0723 NDCG: 0.0095-0.0125-0.0176-0.0222 MRR: 0.0109-0.0123-0.0136-0.0143
------------------------------------------------------
ood testing
[Valid]: Precision: 0.0024-0.002-0.0014-0.0011 Recall: 0.0213-0.035-0.0608-0.0916 NDCG: 0.0105-0.014-0.0193-0.0244 MRR: 0.0079-0.009-0.0099-0.0104
[Test]: Precision: 0.0025-0.002-0.0014-0.001 Recall: 0.0219-0.0362-0.0631-0.0912 NDCG: 0.0109-0.0145-0.0199-0.0246 MRR: 0.0083-0.0093-0.0102-0.0107
------------------------------------------------------
------------------------------------------------------
Runing Epoch 286 valid loss 328.1198 costs 00: 00: 14
[Valid]: Precision: 0.0032-0.0028-0.002-0.0015 Recall: 0.0152-0.0283-0.0458-0.0666 NDCG: 0.0094-0.013-0.0171-0.0211 MRR: 0.0112-0.0128-0.0139-0.0144
[Test]: Precision: 0.0031-0.0026-0.0019-0.0015 Recall: 0.0158-0.0265-0.0487-0.0724 NDCG: 0.0094-0.0125-0.0175-0.0221 MRR: 0.0108-0.0122-0.0135-0.0142
------------------------------------------------------
ood testing
[Valid]: Precision: 0.0024-0.002-0.0014-0.0011 Recall: 0.0213-0.035-0.0607-0.0916 NDCG: 0.0105-0.0141-0.0193-0.0244 MRR: 0.008-0.0091-0.01-0.0105
[Test]: Precision: 0.0025-0.002-0.0014-0.001 Recall: 0.0219-0.0362-0.0631-0.0913 NDCG: 0.0109-0.0145-0.0199-0.0246 MRR: 0.0083-0.0093-0.0102-0.0107
------------------------------------------------------
------------------------------------------------------
Runing Epoch 287 valid loss 328.1113 costs 00: 00: 13
[Valid]: Precision: 0.0032-0.0028-0.002-0.0015 Recall: 0.0152-0.0283-0.0457-0.0667 NDCG: 0.0094-0.013-0.0171-0.0211 MRR: 0.0113-0.0129-0.014-0.0145
[Test]: Precision: 0.0031-0.0026-0.002-0.0015 Recall: 0.0158-0.0265-0.0487-0.0724 NDCG: 0.0095-0.0125-0.0176-0.0222 MRR: 0.0109-0.0123-0.0136-0.0143
------------------------------------------------------
ood testing
[Valid]: Precision: 0.0024-0.002-0.0014-0.0011 Recall: 0.0213-0.035-0.0606-0.0914 NDCG: 0.0105-0.014-0.0192-0.0244 MRR: 0.0079-0.009-0.0099-0.0104
[Test]: Precision: 0.0025-0.002-0.0014-0.001 Recall: 0.0219-0.0362-0.0629-0.091 NDCG: 0.0109-0.0145-0.0199-0.0246 MRR: 0.0083-0.0093-0.0102-0.0107
------------------------------------------------------
------------------------------------------------------
Runing Epoch 288 valid loss 328.1161 costs 00: 00: 13
[Valid]: Precision: 0.0032-0.0028-0.002-0.0015 Recall: 0.0152-0.0283-0.0457-0.0667 NDCG: 0.0094-0.013-0.0171-0.0211 MRR: 0.0113-0.0129-0.014-0.0145
[Test]: Precision: 0.0031-0.0026-0.002-0.0015 Recall: 0.0158-0.0265-0.0487-0.0724 NDCG: 0.0095-0.0125-0.0176-0.0222 MRR: 0.0109-0.0123-0.0136-0.0143
------------------------------------------------------
ood testing
[Valid]: Precision: 0.0024-0.002-0.0014-0.0011 Recall: 0.0213-0.035-0.0606-0.0914 NDCG: 0.0105-0.014-0.0192-0.0243 MRR: 0.0079-0.009-0.0099-0.0104
[Test]: Precision: 0.0025-0.002-0.0014-0.001 Recall: 0.0219-0.0362-0.0629-0.091 NDCG: 0.0109-0.0145-0.0199-0.0246 MRR: 0.0083-0.0093-0.0102-0.0107
------------------------------------------------------
------------------------------------------------------
Runing Epoch 289 valid loss 328.1162 costs 00: 00: 13
[Valid]: Precision: 0.0032-0.0028-0.002-0.0015 Recall: 0.0152-0.0283-0.0457-0.0667 NDCG: 0.0094-0.013-0.0171-0.0211 MRR: 0.0113-0.0129-0.014-0.0145
[Test]: Precision: 0.0031-0.0026-0.002-0.0015 Recall: 0.0158-0.0265-0.0487-0.0724 NDCG: 0.0095-0.0125-0.0176-0.0222 MRR: 0.0109-0.0123-0.0136-0.0143
------------------------------------------------------
ood testing
[Valid]: Precision: 0.0024-0.002-0.0014-0.0011 Recall: 0.0213-0.035-0.0606-0.0914 NDCG: 0.0105-0.014-0.0192-0.0243 MRR: 0.0079-0.009-0.0099-0.0104
[Test]: Precision: 0.0025-0.002-0.0014-0.001 Recall: 0.0219-0.0362-0.0629-0.091 NDCG: 0.0109-0.0145-0.0199-0.0246 MRR: 0.0083-0.0093-0.0102-0.0107
------------------------------------------------------
------------------------------------------------------
Runing Epoch 290 valid loss 328.1130 costs 00: 00: 13
[Valid]: Precision: 0.0032-0.0028-0.002-0.0015 Recall: 0.0152-0.0283-0.046-0.0667 NDCG: 0.0094-0.013-0.0171-0.0211 MRR: 0.0113-0.0129-0.014-0.0145
[Test]: Precision: 0.0031-0.0026-0.002-0.0015 Recall: 0.0158-0.0265-0.049-0.0724 NDCG: 0.0095-0.0125-0.0176-0.0222 MRR: 0.0109-0.0123-0.0136-0.0143
------------------------------------------------------
ood testing
[Valid]: Precision: 0.0024-0.002-0.0014-0.0011 Recall: 0.0213-0.035-0.0608-0.0914 NDCG: 0.0105-0.014-0.0193-0.0244 MRR: 0.0079-0.009-0.0099-0.0104
[Test]: Precision: 0.0025-0.002-0.0014-0.001 Recall: 0.0219-0.0362-0.0631-0.0911 NDCG: 0.0109-0.0145-0.0199-0.0246 MRR: 0.0083-0.0093-0.0102-0.0107
------------------------------------------------------
------------------------------------------------------
Runing Epoch 291 valid loss 328.1137 costs 00: 00: 14
[Valid]: Precision: 0.0032-0.0028-0.002-0.0015 Recall: 0.0152-0.0283-0.0457-0.0667 NDCG: 0.0094-0.013-0.017-0.0211 MRR: 0.0112-0.0128-0.0139-0.0144
[Test]: Precision: 0.0031-0.0026-0.002-0.0015 Recall: 0.0158-0.0265-0.0487-0.0723 NDCG: 0.0094-0.0125-0.0175-0.0221 MRR: 0.0108-0.0122-0.0135-0.0142
------------------------------------------------------
ood testing
[Valid]: Precision: 0.0024-0.002-0.0014-0.0011 Recall: 0.0213-0.035-0.0606-0.0916 NDCG: 0.0105-0.0141-0.0192-0.0244 MRR: 0.008-0.0091-0.01-0.0105
[Test]: Precision: 0.0025-0.002-0.0014-0.001 Recall: 0.0219-0.0362-0.0629-0.0912 NDCG: 0.0109-0.0145-0.0199-0.0246 MRR: 0.0083-0.0093-0.0102-0.0107
------------------------------------------------------
------------------------------------------------------
Runing Epoch 292 valid loss 328.1088 costs 00: 00: 13
[Valid]: Precision: 0.0032-0.0028-0.002-0.0015 Recall: 0.0152-0.0283-0.0457-0.0667 NDCG: 0.0094-0.013-0.017-0.0211 MRR: 0.0112-0.0128-0.0139-0.0144
[Test]: Precision: 0.0031-0.0026-0.0019-0.0015 Recall: 0.0158-0.0265-0.0487-0.0724 NDCG: 0.0094-0.0125-0.0175-0.0221 MRR: 0.0108-0.0122-0.0135-0.0142
------------------------------------------------------
ood testing
[Valid]: Precision: 0.0024-0.002-0.0014-0.0011 Recall: 0.0213-0.035-0.0606-0.0916 NDCG: 0.0105-0.0141-0.0192-0.0244 MRR: 0.008-0.0091-0.01-0.0105
[Test]: Precision: 0.0025-0.002-0.0014-0.001 Recall: 0.0219-0.0362-0.0629-0.0913 NDCG: 0.0109-0.0145-0.0199-0.0246 MRR: 0.0083-0.0093-0.0102-0.0107
------------------------------------------------------
------------------------------------------------------
Runing Epoch 293 valid loss 328.1221 costs 00: 00: 13
[Valid]: Precision: 0.0032-0.0028-0.002-0.0015 Recall: 0.0152-0.0283-0.0457-0.0668 NDCG: 0.0094-0.013-0.017-0.0211 MRR: 0.0112-0.0128-0.0139-0.0144
[Test]: Precision: 0.0031-0.0026-0.002-0.0015 Recall: 0.0158-0.0265-0.0489-0.0723 NDCG: 0.0094-0.0125-0.0176-0.0221 MRR: 0.0108-0.0122-0.0135-0.0142
------------------------------------------------------
ood testing
[Valid]: Precision: 0.0024-0.002-0.0014-0.0011 Recall: 0.0213-0.035-0.0606-0.0916 NDCG: 0.0105-0.0141-0.0192-0.0244 MRR: 0.008-0.0091-0.01-0.0105
[Test]: Precision: 0.0025-0.002-0.0014-0.001 Recall: 0.0219-0.0362-0.0629-0.0912 NDCG: 0.0109-0.0145-0.0199-0.0246 MRR: 0.0083-0.0093-0.0102-0.0107
------------------------------------------------------
------------------------------------------------------
Runing Epoch 294 valid loss 328.1150 costs 00: 00: 13
[Valid]: Precision: 0.0032-0.0028-0.002-0.0015 Recall: 0.0152-0.0283-0.0459-0.0666 NDCG: 0.0094-0.013-0.0171-0.0211 MRR: 0.0112-0.0128-0.0139-0.0144
[Test]: Precision: 0.0031-0.0026-0.002-0.0015 Recall: 0.0158-0.0265-0.049-0.0723 NDCG: 0.0094-0.0125-0.0176-0.0221 MRR: 0.0108-0.0122-0.0135-0.0142
------------------------------------------------------
ood testing
[Valid]: Precision: 0.0024-0.002-0.0014-0.0011 Recall: 0.0213-0.035-0.0608-0.0915 NDCG: 0.0105-0.0141-0.0193-0.0244 MRR: 0.008-0.0091-0.01-0.0105
[Test]: Precision: 0.0025-0.002-0.0014-0.001 Recall: 0.0219-0.0362-0.0629-0.0911 NDCG: 0.0109-0.0145-0.0199-0.0246 MRR: 0.0083-0.0093-0.0102-0.0107
------------------------------------------------------
------------------------------------------------------
Runing Epoch 295 valid loss 328.1122 costs 00: 00: 13
[Valid]: Precision: 0.0032-0.0028-0.002-0.0015 Recall: 0.0152-0.0283-0.0457-0.0667 NDCG: 0.0094-0.013-0.0171-0.0211 MRR: 0.0113-0.0129-0.014-0.0145
[Test]: Precision: 0.0031-0.0026-0.002-0.0015 Recall: 0.0158-0.0265-0.0487-0.0723 NDCG: 0.0095-0.0125-0.0176-0.0222 MRR: 0.0109-0.0123-0.0136-0.0143
------------------------------------------------------
ood testing
[Valid]: Precision: 0.0024-0.002-0.0014-0.0011 Recall: 0.0213-0.035-0.0606-0.0915 NDCG: 0.0105-0.014-0.0192-0.0244 MRR: 0.0079-0.009-0.0099-0.0104
[Test]: Precision: 0.0025-0.002-0.0014-0.001 Recall: 0.0219-0.0362-0.0629-0.0911 NDCG: 0.0109-0.0145-0.0199-0.0246 MRR: 0.0083-0.0093-0.0102-0.0107
------------------------------------------------------
------------------------------------------------------
Runing Epoch 296 valid loss 328.1127 costs 00: 00: 13
[Valid]: Precision: 0.0032-0.0028-0.002-0.0015 Recall: 0.0152-0.0283-0.0457-0.0666 NDCG: 0.0094-0.013-0.0171-0.0211 MRR: 0.0113-0.0129-0.014-0.0145
[Test]: Precision: 0.0031-0.0026-0.0019-0.0015 Recall: 0.0158-0.0265-0.0487-0.0724 NDCG: 0.0095-0.0125-0.0176-0.0222 MRR: 0.0109-0.0123-0.0136-0.0143
------------------------------------------------------
ood testing
[Valid]: Precision: 0.0024-0.002-0.0014-0.0011 Recall: 0.0213-0.035-0.0606-0.0916 NDCG: 0.0105-0.014-0.0192-0.0244 MRR: 0.0079-0.009-0.0099-0.0104
[Test]: Precision: 0.0025-0.002-0.0014-0.001 Recall: 0.0219-0.0362-0.0629-0.0913 NDCG: 0.0109-0.0145-0.0199-0.0246 MRR: 0.0083-0.0093-0.0102-0.0107
------------------------------------------------------
------------------------------------------------------
Runing Epoch 297 valid loss 328.1221 costs 00: 00: 13
[Valid]: Precision: 0.0032-0.0028-0.002-0.0015 Recall: 0.0152-0.0283-0.0457-0.0666 NDCG: 0.0094-0.013-0.0171-0.0211 MRR: 0.0113-0.0129-0.014-0.0145
[Test]: Precision: 0.0031-0.0026-0.0019-0.0015 Recall: 0.0158-0.0265-0.0487-0.0724 NDCG: 0.0095-0.0125-0.0176-0.0222 MRR: 0.0109-0.0123-0.0136-0.0143
------------------------------------------------------
ood testing
[Valid]: Precision: 0.0024-0.002-0.0014-0.0011 Recall: 0.0213-0.035-0.0606-0.0916 NDCG: 0.0105-0.014-0.0192-0.0244 MRR: 0.0079-0.009-0.0099-0.0104
[Test]: Precision: 0.0025-0.002-0.0014-0.001 Recall: 0.0219-0.0362-0.0629-0.0913 NDCG: 0.0109-0.0145-0.0199-0.0246 MRR: 0.0083-0.0093-0.0102-0.0107
------------------------------------------------------
------------------------------------------------------
Runing Epoch 298 valid loss 328.1045 costs 00: 00: 14
[Valid]: Precision: 0.0032-0.0028-0.002-0.0015 Recall: 0.0152-0.0283-0.0458-0.0667 NDCG: 0.0094-0.013-0.0171-0.0211 MRR: 0.0113-0.0129-0.014-0.0145
[Test]: Precision: 0.0031-0.0026-0.0019-0.0015 Recall: 0.0158-0.0265-0.0487-0.0723 NDCG: 0.0095-0.0125-0.0176-0.0222 MRR: 0.0109-0.0123-0.0136-0.0143
------------------------------------------------------
ood testing
[Valid]: Precision: 0.0024-0.002-0.0014-0.0011 Recall: 0.0213-0.035-0.0607-0.0916 NDCG: 0.0105-0.014-0.0192-0.0244 MRR: 0.0079-0.009-0.0099-0.0104
[Test]: Precision: 0.0025-0.002-0.0014-0.001 Recall: 0.0219-0.0362-0.063-0.0912 NDCG: 0.0109-0.0145-0.0199-0.0246 MRR: 0.0083-0.0093-0.0102-0.0107
------------------------------------------------------
------------------------------------------------------
Runing Epoch 299 valid loss 328.1139 costs 00: 00: 16
[Valid]: Precision: 0.0032-0.0028-0.002-0.0015 Recall: 0.0152-0.0283-0.0457-0.0667 NDCG: 0.0094-0.013-0.0171-0.0211 MRR: 0.0113-0.0129-0.014-0.0145
[Test]: Precision: 0.0031-0.0026-0.002-0.0015 Recall: 0.0158-0.0265-0.0487-0.0725 NDCG: 0.0095-0.0125-0.0176-0.0222 MRR: 0.0109-0.0123-0.0136-0.0143
------------------------------------------------------
ood testing
[Valid]: Precision: 0.0024-0.002-0.0014-0.0011 Recall: 0.0213-0.035-0.0606-0.0916 NDCG: 0.0105-0.014-0.0192-0.0244 MRR: 0.0079-0.009-0.0099-0.0104
[Test]: Precision: 0.0025-0.002-0.0014-0.001 Recall: 0.0219-0.0362-0.0629-0.0911 NDCG: 0.0109-0.0145-0.0199-0.0246 MRR: 0.0083-0.0093-0.0102-0.0107
------------------------------------------------------
------------------------------------------------------
Runing Epoch 300 valid loss 328.1122 costs 00: 00: 13
[Valid]: Precision: 0.0032-0.0028-0.002-0.0015 Recall: 0.0152-0.0283-0.0457-0.0666 NDCG: 0.0094-0.013-0.0171-0.0211 MRR: 0.0113-0.0129-0.014-0.0145
[Test]: Precision: 0.0031-0.0026-0.002-0.0015 Recall: 0.0158-0.0265-0.0487-0.0723 NDCG: 0.0095-0.0125-0.0176-0.0222 MRR: 0.0109-0.0123-0.0136-0.0143
------------------------------------------------------
ood testing
[Valid]: Precision: 0.0024-0.002-0.0014-0.0011 Recall: 0.0213-0.035-0.0606-0.0916 NDCG: 0.0105-0.014-0.0192-0.0244 MRR: 0.0079-0.009-0.0099-0.0104
[Test]: Precision: 0.0025-0.002-0.0014-0.001 Recall: 0.0219-0.0362-0.0629-0.0911 NDCG: 0.0109-0.0145-0.0199-0.0246 MRR: 0.0083-0.0093-0.0102-0.0107
------------------------------------------------------
------------------------------------------------------
Runing Epoch 301 valid loss 328.1181 costs 00: 00: 14
[Valid]: Precision: 0.0032-0.0028-0.002-0.0015 Recall: 0.0152-0.0283-0.0457-0.0666 NDCG: 0.0094-0.013-0.0171-0.0211 MRR: 0.0113-0.0129-0.014-0.0145
[Test]: Precision: 0.0031-0.0026-0.002-0.0015 Recall: 0.0158-0.0265-0.0489-0.0723 NDCG: 0.0095-0.0125-0.0176-0.0222 MRR: 0.0109-0.0123-0.0136-0.0143
------------------------------------------------------
ood testing
[Valid]: Precision: 0.0024-0.002-0.0014-0.0011 Recall: 0.0213-0.035-0.0606-0.0915 NDCG: 0.0105-0.014-0.0192-0.0244 MRR: 0.0079-0.009-0.0099-0.0104
[Test]: Precision: 0.0025-0.002-0.0014-0.001 Recall: 0.0219-0.0362-0.0629-0.0911 NDCG: 0.0109-0.0145-0.0199-0.0246 MRR: 0.0083-0.0093-0.0102-0.0107
------------------------------------------------------
------------------------------------------------------
Runing Epoch 302 valid loss 328.1089 costs 00: 00: 13
[Valid]: Precision: 0.0032-0.0028-0.002-0.0015 Recall: 0.0152-0.0283-0.0457-0.0667 NDCG: 0.0094-0.013-0.0171-0.0211 MRR: 0.0112-0.0128-0.0139-0.0144
[Test]: Precision: 0.0031-0.0026-0.002-0.0015 Recall: 0.0158-0.0265-0.0489-0.0723 NDCG: 0.0094-0.0125-0.0176-0.0221 MRR: 0.0108-0.0122-0.0135-0.0142
------------------------------------------------------
ood testing
[Valid]: Precision: 0.0024-0.002-0.0014-0.0011 Recall: 0.0213-0.035-0.0606-0.0915 NDCG: 0.0105-0.0141-0.0192-0.0244 MRR: 0.008-0.0091-0.01-0.0105
[Test]: Precision: 0.0025-0.002-0.0014-0.001 Recall: 0.0219-0.0362-0.0629-0.0911 NDCG: 0.0109-0.0145-0.0199-0.0246 MRR: 0.0083-0.0093-0.0102-0.0107
------------------------------------------------------
------------------------------------------------------
Runing Epoch 303 valid loss 328.1193 costs 00: 00: 13
[Valid]: Precision: 0.0032-0.0028-0.002-0.0015 Recall: 0.0152-0.0283-0.0458-0.0668 NDCG: 0.0094-0.013-0.0171-0.0211 MRR: 0.0112-0.0128-0.0139-0.0144
[Test]: Precision: 0.0031-0.0026-0.002-0.0015 Recall: 0.0158-0.0265-0.0489-0.0723 NDCG: 0.0094-0.0125-0.0176-0.0221 MRR: 0.0108-0.0122-0.0135-0.0142
------------------------------------------------------
ood testing
[Valid]: Precision: 0.0024-0.002-0.0014-0.0011 Recall: 0.0213-0.035-0.0607-0.0916 NDCG: 0.0105-0.0141-0.0193-0.0244 MRR: 0.008-0.0091-0.01-0.0105
[Test]: Precision: 0.0025-0.002-0.0014-0.001 Recall: 0.0219-0.0362-0.063-0.0912 NDCG: 0.0109-0.0145-0.0199-0.0246 MRR: 0.0083-0.0093-0.0102-0.0107
------------------------------------------------------
------------------------------------------------------
Runing Epoch 304 valid loss 328.1083 costs 00: 00: 17
[Valid]: Precision: 0.0032-0.0028-0.002-0.0015 Recall: 0.0152-0.0283-0.0458-0.0668 NDCG: 0.0094-0.013-0.0171-0.0211 MRR: 0.0112-0.0128-0.0139-0.0144
[Test]: Precision: 0.0031-0.0026-0.0019-0.0015 Recall: 0.0158-0.0265-0.0487-0.0723 NDCG: 0.0094-0.0125-0.0175-0.0221 MRR: 0.0108-0.0122-0.0135-0.0142
------------------------------------------------------
ood testing
[Valid]: Precision: 0.0024-0.002-0.0014-0.0011 Recall: 0.0213-0.035-0.0607-0.0916 NDCG: 0.0105-0.0141-0.0193-0.0244 MRR: 0.008-0.0091-0.01-0.0105
[Test]: Precision: 0.0025-0.002-0.0014-0.001 Recall: 0.0219-0.0362-0.063-0.0912 NDCG: 0.0109-0.0145-0.0199-0.0246 MRR: 0.0083-0.0093-0.0102-0.0107
------------------------------------------------------
------------------------------------------------------
Runing Epoch 305 valid loss 328.1131 costs 00: 00: 13
[Valid]: Precision: 0.0032-0.0028-0.002-0.0015 Recall: 0.0152-0.0283-0.0457-0.0667 NDCG: 0.0094-0.013-0.0171-0.0211 MRR: 0.0112-0.0128-0.0139-0.0144
[Test]: Precision: 0.0031-0.0026-0.002-0.0015 Recall: 0.0158-0.0265-0.0487-0.0723 NDCG: 0.0094-0.0125-0.0175-0.0221 MRR: 0.0108-0.0122-0.0135-0.0142
------------------------------------------------------
ood testing
[Valid]: Precision: 0.0024-0.002-0.0014-0.0011 Recall: 0.0213-0.035-0.0606-0.0915 NDCG: 0.0105-0.0141-0.0192-0.0244 MRR: 0.008-0.0091-0.01-0.0105
[Test]: Precision: 0.0025-0.002-0.0014-0.001 Recall: 0.0219-0.0362-0.0629-0.0911 NDCG: 0.0109-0.0145-0.0199-0.0246 MRR: 0.0083-0.0093-0.0102-0.0107
------------------------------------------------------
------------------------------------------------------
Runing Epoch 306 valid loss 328.1136 costs 00: 00: 13
[Valid]: Precision: 0.0032-0.0028-0.002-0.0015 Recall: 0.0152-0.0283-0.0457-0.0667 NDCG: 0.0094-0.013-0.0171-0.0211 MRR: 0.0113-0.0129-0.014-0.0145
[Test]: Precision: 0.0031-0.0026-0.002-0.0015 Recall: 0.0158-0.0265-0.0488-0.0724 NDCG: 0.0095-0.0125-0.0176-0.0222 MRR: 0.0109-0.0123-0.0136-0.0143
------------------------------------------------------
ood testing
[Valid]: Precision: 0.0024-0.002-0.0014-0.0011 Recall: 0.0213-0.035-0.0605-0.0916 NDCG: 0.0105-0.014-0.0192-0.0244 MRR: 0.0079-0.009-0.0099-0.0104
[Test]: Precision: 0.0025-0.002-0.0014-0.001 Recall: 0.0219-0.0362-0.0631-0.091 NDCG: 0.0109-0.0145-0.0199-0.0246 MRR: 0.0083-0.0093-0.0102-0.0107
------------------------------------------------------
------------------------------------------------------
Runing Epoch 307 valid loss 328.1102 costs 00: 00: 14
[Valid]: Precision: 0.0032-0.0028-0.002-0.0015 Recall: 0.0152-0.0283-0.0457-0.0665 NDCG: 0.0094-0.013-0.0171-0.0211 MRR: 0.0113-0.0129-0.014-0.0145
[Test]: Precision: 0.0031-0.0026-0.002-0.0015 Recall: 0.0158-0.0265-0.0488-0.0726 NDCG: 0.0095-0.0125-0.0176-0.0222 MRR: 0.0109-0.0123-0.0136-0.0143
------------------------------------------------------
ood testing
[Valid]: Precision: 0.0024-0.002-0.0014-0.0011 Recall: 0.0213-0.035-0.0605-0.0916 NDCG: 0.0105-0.014-0.0192-0.0244 MRR: 0.0079-0.009-0.0099-0.0104
[Test]: Precision: 0.0025-0.002-0.0014-0.001 Recall: 0.0219-0.0362-0.0631-0.0909 NDCG: 0.0109-0.0145-0.0199-0.0246 MRR: 0.0083-0.0093-0.0102-0.0107
------------------------------------------------------
------------------------------------------------------
Runing Epoch 308 valid loss 328.1171 costs 00: 00: 13
[Valid]: Precision: 0.0032-0.0028-0.002-0.0015 Recall: 0.0152-0.0283-0.0457-0.0665 NDCG: 0.0094-0.013-0.0171-0.0211 MRR: 0.0113-0.0129-0.014-0.0145
[Test]: Precision: 0.0031-0.0026-0.002-0.0015 Recall: 0.0158-0.0265-0.0488-0.0726 NDCG: 0.0095-0.0125-0.0176-0.0222 MRR: 0.0109-0.0123-0.0136-0.0143
------------------------------------------------------
ood testing
[Valid]: Precision: 0.0024-0.002-0.0014-0.0011 Recall: 0.0213-0.035-0.0605-0.0916 NDCG: 0.0105-0.014-0.0192-0.0244 MRR: 0.0079-0.009-0.0099-0.0104
[Test]: Precision: 0.0025-0.002-0.0014-0.001 Recall: 0.0219-0.0362-0.0631-0.0909 NDCG: 0.0109-0.0145-0.0199-0.0246 MRR: 0.0083-0.0093-0.0102-0.0107
------------------------------------------------------
------------------------------------------------------
Runing Epoch 309 valid loss 328.1134 costs 00: 00: 13
[Valid]: Precision: 0.0032-0.0028-0.002-0.0015 Recall: 0.0152-0.0283-0.0457-0.0666 NDCG: 0.0094-0.013-0.0171-0.0211 MRR: 0.0113-0.0129-0.014-0.0145
[Test]: Precision: 0.0031-0.0026-0.002-0.0015 Recall: 0.0158-0.0265-0.0488-0.0725 NDCG: 0.0095-0.0125-0.0176-0.0222 MRR: 0.0109-0.0123-0.0136-0.0143
------------------------------------------------------
ood testing
[Valid]: Precision: 0.0024-0.002-0.0014-0.0011 Recall: 0.0213-0.035-0.0605-0.0917 NDCG: 0.0105-0.014-0.0192-0.0244 MRR: 0.0079-0.009-0.0099-0.0104
[Test]: Precision: 0.0025-0.002-0.0014-0.001 Recall: 0.0219-0.0362-0.0631-0.0911 NDCG: 0.0109-0.0145-0.0199-0.0246 MRR: 0.0083-0.0093-0.0102-0.0107
------------------------------------------------------
------------------------------------------------------
Runing Epoch 310 valid loss 328.1180 costs 00: 00: 12
[Valid]: Precision: 0.0032-0.0028-0.002-0.0015 Recall: 0.0152-0.0283-0.0457-0.0667 NDCG: 0.0094-0.013-0.017-0.0211 MRR: 0.0112-0.0128-0.0139-0.0144
[Test]: Precision: 0.0031-0.0026-0.002-0.0015 Recall: 0.0158-0.0265-0.0487-0.0725 NDCG: 0.0094-0.0125-0.0175-0.0221 MRR: 0.0108-0.0122-0.0135-0.0142
------------------------------------------------------
ood testing
[Valid]: Precision: 0.0024-0.002-0.0014-0.0011 Recall: 0.0213-0.035-0.0606-0.0917 NDCG: 0.0105-0.0141-0.0192-0.0244 MRR: 0.008-0.0091-0.01-0.0105
[Test]: Precision: 0.0025-0.002-0.0014-0.001 Recall: 0.0219-0.0362-0.0629-0.0911 NDCG: 0.0109-0.0145-0.0199-0.0246 MRR: 0.0083-0.0093-0.0102-0.0107
------------------------------------------------------
------------------------------------------------------
Runing Epoch 311 valid loss 328.1251 costs 00: 00: 17
[Valid]: Precision: 0.0032-0.0028-0.002-0.0015 Recall: 0.0152-0.0283-0.0457-0.0667 NDCG: 0.0094-0.013-0.0171-0.0211 MRR: 0.0113-0.0129-0.014-0.0145
[Test]: Precision: 0.0031-0.0026-0.002-0.0015 Recall: 0.0158-0.0265-0.0487-0.0725 NDCG: 0.0095-0.0125-0.0176-0.0222 MRR: 0.0109-0.0123-0.0136-0.0143
------------------------------------------------------
ood testing
[Valid]: Precision: 0.0024-0.002-0.0014-0.0011 Recall: 0.0213-0.035-0.0606-0.0917 NDCG: 0.0105-0.014-0.0192-0.0244 MRR: 0.0079-0.009-0.0099-0.0104
[Test]: Precision: 0.0025-0.002-0.0014-0.001 Recall: 0.0219-0.0362-0.0629-0.0913 NDCG: 0.0109-0.0145-0.0199-0.0246 MRR: 0.0083-0.0093-0.0102-0.0107
------------------------------------------------------
------------------------------------------------------
Runing Epoch 312 valid loss 328.1114 costs 00: 00: 13
[Valid]: Precision: 0.0032-0.0028-0.002-0.0015 Recall: 0.0152-0.0283-0.0457-0.0667 NDCG: 0.0094-0.013-0.0171-0.0211 MRR: 0.0112-0.0128-0.0139-0.0144
[Test]: Precision: 0.0031-0.0026-0.002-0.0015 Recall: 0.0158-0.0265-0.0487-0.0725 NDCG: 0.0094-0.0125-0.0175-0.0221 MRR: 0.0108-0.0122-0.0135-0.0142
------------------------------------------------------
ood testing
[Valid]: Precision: 0.0024-0.002-0.0014-0.0011 Recall: 0.0213-0.035-0.0606-0.0917 NDCG: 0.0105-0.0141-0.0192-0.0244 MRR: 0.008-0.0091-0.01-0.0105
[Test]: Precision: 0.0025-0.002-0.0014-0.001 Recall: 0.0219-0.0362-0.0629-0.0913 NDCG: 0.0109-0.0145-0.0199-0.0246 MRR: 0.0083-0.0093-0.0102-0.0107
------------------------------------------------------
------------------------------------------------------
Runing Epoch 313 valid loss 328.1077 costs 00: 00: 12
[Valid]: Precision: 0.0032-0.0028-0.002-0.0015 Recall: 0.0152-0.0283-0.0458-0.0666 NDCG: 0.0094-0.013-0.0171-0.0211 MRR: 0.0112-0.0128-0.0139-0.0144
[Test]: Precision: 0.0031-0.0026-0.0019-0.0015 Recall: 0.0158-0.0265-0.0487-0.0723 NDCG: 0.0094-0.0125-0.0175-0.0221 MRR: 0.0108-0.0122-0.0135-0.0142
------------------------------------------------------
ood testing
[Valid]: Precision: 0.0024-0.002-0.0014-0.0011 Recall: 0.0213-0.035-0.0607-0.0916 NDCG: 0.0105-0.0141-0.0193-0.0244 MRR: 0.008-0.0091-0.01-0.0105
[Test]: Precision: 0.0025-0.002-0.0014-0.001 Recall: 0.0219-0.0362-0.0631-0.0912 NDCG: 0.0109-0.0145-0.0199-0.0246 MRR: 0.0083-0.0093-0.0102-0.0107
------------------------------------------------------
------------------------------------------------------
Runing Epoch 314 valid loss 328.1112 costs 00: 00: 16
[Valid]: Precision: 0.0032-0.0028-0.002-0.0015 Recall: 0.0152-0.0283-0.0459-0.0665 NDCG: 0.0094-0.013-0.0171-0.0211 MRR: 0.0112-0.0128-0.0139-0.0144
[Test]: Precision: 0.0031-0.0026-0.002-0.0015 Recall: 0.0158-0.0265-0.0488-0.0725 NDCG: 0.0094-0.0125-0.0176-0.0221 MRR: 0.0108-0.0122-0.0135-0.0142
------------------------------------------------------
ood testing
[Valid]: Precision: 0.0024-0.002-0.0014-0.0011 Recall: 0.0213-0.035-0.0606-0.0917 NDCG: 0.0105-0.0141-0.0192-0.0244 MRR: 0.008-0.0091-0.01-0.0105
[Test]: Precision: 0.0025-0.002-0.0014-0.001 Recall: 0.0219-0.0362-0.0632-0.091 NDCG: 0.0109-0.0145-0.02-0.0246 MRR: 0.0083-0.0093-0.0102-0.0107
------------------------------------------------------
------------------------------------------------------
Runing Epoch 315 valid loss 328.1139 costs 00: 00: 13
[Valid]: Precision: 0.0032-0.0028-0.002-0.0015 Recall: 0.0152-0.0283-0.0457-0.0666 NDCG: 0.0094-0.013-0.0171-0.0211 MRR: 0.0112-0.0128-0.0139-0.0144
[Test]: Precision: 0.0031-0.0026-0.002-0.0015 Recall: 0.0158-0.0265-0.0487-0.0724 NDCG: 0.0094-0.0125-0.0175-0.0221 MRR: 0.0108-0.0122-0.0135-0.0142
------------------------------------------------------
ood testing
[Valid]: Precision: 0.0024-0.002-0.0014-0.0011 Recall: 0.0213-0.035-0.0606-0.0916 NDCG: 0.0105-0.0141-0.0192-0.0244 MRR: 0.008-0.0091-0.01-0.0105
[Test]: Precision: 0.0025-0.002-0.0014-0.001 Recall: 0.0219-0.0362-0.0629-0.0913 NDCG: 0.0109-0.0145-0.0199-0.0246 MRR: 0.0083-0.0093-0.0102-0.0107
------------------------------------------------------
------------------------------------------------------
Runing Epoch 316 valid loss 328.1199 costs 00: 00: 12
[Valid]: Precision: 0.0032-0.0028-0.002-0.0015 Recall: 0.0152-0.0283-0.0457-0.0666 NDCG: 0.0094-0.013-0.0171-0.0211 MRR: 0.0112-0.0128-0.0139-0.0144
[Test]: Precision: 0.0031-0.0026-0.002-0.0015 Recall: 0.0158-0.0265-0.0487-0.0724 NDCG: 0.0094-0.0125-0.0175-0.0221 MRR: 0.0108-0.0122-0.0135-0.0142
------------------------------------------------------
ood testing
[Valid]: Precision: 0.0024-0.002-0.0014-0.0011 Recall: 0.0213-0.035-0.0606-0.0916 NDCG: 0.0105-0.0141-0.0192-0.0244 MRR: 0.008-0.0091-0.01-0.0105
[Test]: Precision: 0.0025-0.002-0.0014-0.001 Recall: 0.0219-0.0362-0.0629-0.0913 NDCG: 0.0109-0.0145-0.0199-0.0246 MRR: 0.0083-0.0093-0.0102-0.0107
------------------------------------------------------
------------------------------------------------------
Runing Epoch 317 valid loss 328.1142 costs 00: 00: 15
[Valid]: Precision: 0.0032-0.0028-0.002-0.0015 Recall: 0.0152-0.0283-0.0457-0.0666 NDCG: 0.0094-0.013-0.017-0.0211 MRR: 0.0112-0.0128-0.0139-0.0144
[Test]: Precision: 0.0031-0.0026-0.002-0.0015 Recall: 0.0158-0.0265-0.0487-0.0724 NDCG: 0.0094-0.0125-0.0175-0.0221 MRR: 0.0108-0.0122-0.0135-0.0142
------------------------------------------------------
ood testing
[Valid]: Precision: 0.0024-0.002-0.0014-0.0011 Recall: 0.0213-0.035-0.0606-0.0916 NDCG: 0.0105-0.0141-0.0192-0.0244 MRR: 0.008-0.0091-0.01-0.0105
[Test]: Precision: 0.0025-0.002-0.0014-0.001 Recall: 0.0219-0.0362-0.0629-0.0913 NDCG: 0.0109-0.0145-0.0199-0.0246 MRR: 0.0083-0.0093-0.0102-0.0107
------------------------------------------------------
------------------------------------------------------
Runing Epoch 318 valid loss 328.1078 costs 00: 00: 13
[Valid]: Precision: 0.0032-0.0028-0.002-0.0015 Recall: 0.0152-0.0283-0.0457-0.0667 NDCG: 0.0094-0.013-0.017-0.0211 MRR: 0.0112-0.0128-0.0139-0.0144
[Test]: Precision: 0.0031-0.0026-0.002-0.0015 Recall: 0.0158-0.0265-0.0487-0.0725 NDCG: 0.0094-0.0125-0.0175-0.0221 MRR: 0.0108-0.0122-0.0135-0.0142
------------------------------------------------------
ood testing
[Valid]: Precision: 0.0024-0.002-0.0014-0.0011 Recall: 0.0213-0.035-0.0606-0.0917 NDCG: 0.0105-0.0141-0.0192-0.0244 MRR: 0.008-0.0091-0.01-0.0105
[Test]: Precision: 0.0025-0.002-0.0014-0.001 Recall: 0.0219-0.0362-0.0629-0.0913 NDCG: 0.0109-0.0145-0.0199-0.0246 MRR: 0.0083-0.0093-0.0102-0.0107
------------------------------------------------------
------------------------------------------------------
Runing Epoch 319 valid loss 328.1098 costs 00: 00: 12
[Valid]: Precision: 0.0032-0.0028-0.002-0.0015 Recall: 0.0152-0.0283-0.0457-0.0666 NDCG: 0.0094-0.013-0.017-0.0211 MRR: 0.0112-0.0128-0.0139-0.0144
[Test]: Precision: 0.0031-0.0026-0.002-0.0015 Recall: 0.0158-0.0265-0.0487-0.0723 NDCG: 0.0094-0.0125-0.0175-0.0221 MRR: 0.0108-0.0122-0.0135-0.0142
------------------------------------------------------
ood testing
[Valid]: Precision: 0.0024-0.002-0.0014-0.0011 Recall: 0.0213-0.035-0.0606-0.0916 NDCG: 0.0105-0.0141-0.0192-0.0244 MRR: 0.008-0.0091-0.01-0.0105
[Test]: Precision: 0.0025-0.002-0.0014-0.001 Recall: 0.0219-0.0362-0.0629-0.0912 NDCG: 0.0109-0.0145-0.0199-0.0246 MRR: 0.0083-0.0093-0.0102-0.0107
------------------------------------------------------
------------------------------------------------------
Runing Epoch 320 valid loss 328.1138 costs 00: 00: 12
[Valid]: Precision: 0.0032-0.0028-0.002-0.0015 Recall: 0.0152-0.0283-0.0459-0.0667 NDCG: 0.0094-0.013-0.0171-0.0211 MRR: 0.0112-0.0128-0.0139-0.0144
[Test]: Precision: 0.0031-0.0026-0.002-0.0015 Recall: 0.0158-0.0265-0.0491-0.0725 NDCG: 0.0094-0.0125-0.0176-0.0221 MRR: 0.0108-0.0122-0.0135-0.0142
------------------------------------------------------
ood testing
[Valid]: Precision: 0.0024-0.002-0.0014-0.0011 Recall: 0.0213-0.035-0.0607-0.0917 NDCG: 0.0105-0.0141-0.0193-0.0244 MRR: 0.008-0.0091-0.01-0.0105
[Test]: Precision: 0.0025-0.002-0.0014-0.001 Recall: 0.0219-0.0362-0.0629-0.0913 NDCG: 0.0109-0.0145-0.0199-0.0246 MRR: 0.0083-0.0093-0.0102-0.0107
------------------------------------------------------
------------------------------------------------------
Runing Epoch 321 valid loss 328.1126 costs 00: 00: 13
[Valid]: Precision: 0.0032-0.0028-0.002-0.0015 Recall: 0.0152-0.0283-0.0457-0.0665 NDCG: 0.0094-0.013-0.017-0.0211 MRR: 0.0112-0.0128-0.0139-0.0144
[Test]: Precision: 0.0031-0.0026-0.002-0.0015 Recall: 0.0158-0.0265-0.0487-0.0725 NDCG: 0.0094-0.0125-0.0175-0.0221 MRR: 0.0108-0.0122-0.0135-0.0142
------------------------------------------------------
ood testing
[Valid]: Precision: 0.0024-0.002-0.0014-0.0011 Recall: 0.0213-0.035-0.0606-0.0917 NDCG: 0.0105-0.0141-0.0192-0.0244 MRR: 0.008-0.0091-0.01-0.0105
[Test]: Precision: 0.0025-0.002-0.0014-0.001 Recall: 0.0219-0.0362-0.0629-0.091 NDCG: 0.0109-0.0145-0.0199-0.0246 MRR: 0.0083-0.0093-0.0102-0.0107
------------------------------------------------------
------------------------------------------------------
Runing Epoch 322 valid loss 328.1112 costs 00: 00: 12
[Valid]: Precision: 0.0032-0.0028-0.002-0.0015 Recall: 0.0152-0.0283-0.0457-0.0666 NDCG: 0.0094-0.013-0.017-0.0211 MRR: 0.0112-0.0128-0.0139-0.0144
[Test]: Precision: 0.0031-0.0026-0.002-0.0015 Recall: 0.0158-0.0265-0.0487-0.0725 NDCG: 0.0094-0.0125-0.0175-0.0221 MRR: 0.0108-0.0122-0.0135-0.0142
------------------------------------------------------
ood testing
[Valid]: Precision: 0.0024-0.002-0.0014-0.0011 Recall: 0.0213-0.035-0.0606-0.0917 NDCG: 0.0105-0.0141-0.0192-0.0244 MRR: 0.008-0.0091-0.01-0.0105
[Test]: Precision: 0.0025-0.002-0.0014-0.001 Recall: 0.0219-0.0362-0.0629-0.091 NDCG: 0.0109-0.0145-0.0199-0.0246 MRR: 0.0083-0.0093-0.0102-0.0107
------------------------------------------------------
------------------------------------------------------
Runing Epoch 323 valid loss 328.1214 costs 00: 00: 12
[Valid]: Precision: 0.0032-0.0028-0.002-0.0015 Recall: 0.0152-0.0283-0.0457-0.0667 NDCG: 0.0094-0.013-0.0171-0.0211 MRR: 0.0113-0.0129-0.014-0.0145
[Test]: Precision: 0.0031-0.0026-0.002-0.0015 Recall: 0.0158-0.0265-0.0489-0.0725 NDCG: 0.0095-0.0125-0.0176-0.0222 MRR: 0.0109-0.0123-0.0136-0.0143
------------------------------------------------------
ood testing
[Valid]: Precision: 0.0024-0.002-0.0014-0.0011 Recall: 0.0213-0.035-0.0606-0.0917 NDCG: 0.0105-0.014-0.0192-0.0244 MRR: 0.0079-0.009-0.0099-0.0104
[Test]: Precision: 0.0025-0.002-0.0014-0.001 Recall: 0.0219-0.0362-0.0629-0.0911 NDCG: 0.0109-0.0145-0.0199-0.0246 MRR: 0.0083-0.0093-0.0102-0.0107
------------------------------------------------------
------------------------------------------------------
Runing Epoch 324 valid loss 328.1103 costs 00: 00: 16
[Valid]: Precision: 0.0032-0.0028-0.002-0.0015 Recall: 0.0152-0.0283-0.0458-0.0667 NDCG: 0.0094-0.013-0.0171-0.0211 MRR: 0.0113-0.0129-0.014-0.0145
[Test]: Precision: 0.0031-0.0026-0.002-0.0015 Recall: 0.0158-0.0265-0.0489-0.0725 NDCG: 0.0095-0.0125-0.0176-0.0222 MRR: 0.0109-0.0123-0.0136-0.0143
------------------------------------------------------
ood testing
[Valid]: Precision: 0.0024-0.002-0.0014-0.0011 Recall: 0.0213-0.035-0.0607-0.0917 NDCG: 0.0105-0.014-0.0192-0.0244 MRR: 0.0079-0.009-0.0099-0.0104
[Test]: Precision: 0.0025-0.002-0.0014-0.001 Recall: 0.0219-0.0362-0.0631-0.0913 NDCG: 0.0109-0.0145-0.0199-0.0246 MRR: 0.0083-0.0093-0.0102-0.0107
------------------------------------------------------
------------------------------------------------------
Runing Epoch 325 valid loss 328.1052 costs 00: 00: 13
[Valid]: Precision: 0.0032-0.0028-0.002-0.0015 Recall: 0.0152-0.0283-0.0457-0.0667 NDCG: 0.0094-0.013-0.017-0.0211 MRR: 0.0112-0.0128-0.0139-0.0144
[Test]: Precision: 0.0031-0.0026-0.002-0.0015 Recall: 0.0158-0.0265-0.0489-0.0725 NDCG: 0.0094-0.0125-0.0176-0.0221 MRR: 0.0108-0.0122-0.0135-0.0142
------------------------------------------------------
ood testing
[Valid]: Precision: 0.0024-0.002-0.0014-0.0011 Recall: 0.0213-0.035-0.0606-0.0917 NDCG: 0.0105-0.0141-0.0192-0.0244 MRR: 0.008-0.0091-0.01-0.0105
[Test]: Precision: 0.0025-0.002-0.0014-0.001 Recall: 0.0219-0.0362-0.0629-0.0913 NDCG: 0.0109-0.0145-0.0199-0.0246 MRR: 0.0083-0.0093-0.0102-0.0107
------------------------------------------------------
------------------------------------------------------
Runing Epoch 326 valid loss 328.1130 costs 00: 00: 13
[Valid]: Precision: 0.0032-0.0028-0.002-0.0015 Recall: 0.0152-0.0283-0.0459-0.0665 NDCG: 0.0094-0.013-0.0171-0.0211 MRR: 0.0113-0.0129-0.014-0.0145
[Test]: Precision: 0.0031-0.0026-0.002-0.0015 Recall: 0.0158-0.0265-0.0492-0.0725 NDCG: 0.0095-0.0125-0.0177-0.0222 MRR: 0.0109-0.0123-0.0136-0.0143
------------------------------------------------------
ood testing
[Valid]: Precision: 0.0024-0.002-0.0014-0.0011 Recall: 0.0213-0.035-0.0607-0.0917 NDCG: 0.0105-0.014-0.0192-0.0244 MRR: 0.0079-0.009-0.0099-0.0104
[Test]: Precision: 0.0025-0.002-0.0014-0.001 Recall: 0.0219-0.0362-0.0629-0.0911 NDCG: 0.0109-0.0145-0.0199-0.0246 MRR: 0.0083-0.0093-0.0102-0.0107
------------------------------------------------------
------------------------------------------------------
Runing Epoch 327 valid loss 328.1144 costs 00: 00: 16
[Valid]: Precision: 0.0032-0.0028-0.002-0.0015 Recall: 0.0152-0.0283-0.0459-0.0666 NDCG: 0.0094-0.013-0.0171-0.0211 MRR: 0.0112-0.0128-0.0139-0.0144
[Test]: Precision: 0.0031-0.0026-0.002-0.0015 Recall: 0.0158-0.0265-0.0492-0.0723 NDCG: 0.0094-0.0125-0.0176-0.0221 MRR: 0.0108-0.0122-0.0135-0.0142
------------------------------------------------------
ood testing
[Valid]: Precision: 0.0024-0.002-0.0014-0.0011 Recall: 0.0213-0.035-0.0607-0.0916 NDCG: 0.0105-0.0141-0.0193-0.0244 MRR: 0.008-0.0091-0.01-0.0105
[Test]: Precision: 0.0025-0.002-0.0014-0.001 Recall: 0.0219-0.0362-0.0629-0.0912 NDCG: 0.0109-0.0145-0.0199-0.0246 MRR: 0.0083-0.0093-0.0102-0.0107
------------------------------------------------------
------------------------------------------------------
Runing Epoch 328 valid loss 328.1159 costs 00: 00: 13
[Valid]: Precision: 0.0032-0.0028-0.002-0.0015 Recall: 0.0152-0.0283-0.046-0.0668 NDCG: 0.0094-0.013-0.0171-0.0211 MRR: 0.0113-0.0129-0.014-0.0145
[Test]: Precision: 0.0031-0.0026-0.002-0.0015 Recall: 0.0158-0.0265-0.0492-0.0725 NDCG: 0.0095-0.0125-0.0177-0.0222 MRR: 0.0109-0.0123-0.0136-0.0143
------------------------------------------------------
ood testing
[Valid]: Precision: 0.0024-0.002-0.0014-0.0011 Recall: 0.0213-0.035-0.0608-0.0916 NDCG: 0.0105-0.014-0.0193-0.0244 MRR: 0.0079-0.009-0.0099-0.0104
[Test]: Precision: 0.0025-0.002-0.0014-0.001 Recall: 0.0219-0.0362-0.063-0.0912 NDCG: 0.0109-0.0145-0.0199-0.0246 MRR: 0.0083-0.0093-0.0102-0.0107
------------------------------------------------------
------------------------------------------------------
Runing Epoch 329 valid loss 328.1051 costs 00: 00: 12
[Valid]: Precision: 0.0032-0.0028-0.002-0.0015 Recall: 0.0152-0.0283-0.0459-0.0667 NDCG: 0.0094-0.013-0.0171-0.0211 MRR: 0.0112-0.0128-0.0139-0.0144
[Test]: Precision: 0.0031-0.0026-0.002-0.0015 Recall: 0.0158-0.0265-0.0492-0.0724 NDCG: 0.0094-0.0125-0.0176-0.0221 MRR: 0.0108-0.0122-0.0135-0.0142
------------------------------------------------------
ood testing
[Valid]: Precision: 0.0024-0.002-0.0014-0.0011 Recall: 0.0213-0.035-0.0607-0.0915 NDCG: 0.0105-0.0141-0.0193-0.0244 MRR: 0.008-0.0091-0.01-0.0105
[Test]: Precision: 0.0025-0.002-0.0014-0.001 Recall: 0.0219-0.0362-0.0629-0.091 NDCG: 0.0109-0.0145-0.0199-0.0246 MRR: 0.0083-0.0093-0.0102-0.0107
------------------------------------------------------
------------------------------------------------------
Runing Epoch 330 valid loss 328.1069 costs 00: 00: 12
[Valid]: Precision: 0.0032-0.0028-0.002-0.0015 Recall: 0.0152-0.0283-0.0459-0.0668 NDCG: 0.0094-0.013-0.0171-0.0211 MRR: 0.0112-0.0128-0.0139-0.0144
[Test]: Precision: 0.0031-0.0026-0.002-0.0015 Recall: 0.0158-0.0265-0.0492-0.0724 NDCG: 0.0094-0.0125-0.0176-0.0221 MRR: 0.0108-0.0122-0.0135-0.0142
------------------------------------------------------
ood testing
[Valid]: Precision: 0.0024-0.002-0.0014-0.0011 Recall: 0.0213-0.035-0.0607-0.0916 NDCG: 0.0105-0.0141-0.0193-0.0244 MRR: 0.008-0.0091-0.01-0.0105
[Test]: Precision: 0.0025-0.002-0.0014-0.001 Recall: 0.0219-0.0362-0.0629-0.0912 NDCG: 0.0109-0.0145-0.0199-0.0246 MRR: 0.0083-0.0093-0.0102-0.0107
------------------------------------------------------
------------------------------------------------------
Runing Epoch 331 valid loss 328.1243 costs 00: 00: 13
[Valid]: Precision: 0.0032-0.0028-0.002-0.0015 Recall: 0.0152-0.0283-0.0459-0.0666 NDCG: 0.0094-0.013-0.0171-0.0211 MRR: 0.0113-0.0129-0.014-0.0145
[Test]: Precision: 0.0031-0.0026-0.002-0.0015 Recall: 0.0158-0.0265-0.0492-0.0726 NDCG: 0.0095-0.0125-0.0177-0.0222 MRR: 0.0109-0.0123-0.0136-0.0143
------------------------------------------------------
ood testing
[Valid]: Precision: 0.0024-0.002-0.0014-0.0011 Recall: 0.0213-0.035-0.0608-0.0916 NDCG: 0.0105-0.014-0.0192-0.0244 MRR: 0.0079-0.009-0.0099-0.0104
[Test]: Precision: 0.0025-0.002-0.0014-0.001 Recall: 0.0219-0.0362-0.0632-0.0911 NDCG: 0.0109-0.0145-0.02-0.0246 MRR: 0.0083-0.0093-0.0102-0.0107
------------------------------------------------------
------------------------------------------------------
Runing Epoch 332 valid loss 328.1152 costs 00: 00: 12
[Valid]: Precision: 0.0032-0.0028-0.002-0.0015 Recall: 0.0152-0.0283-0.0457-0.0667 NDCG: 0.0094-0.013-0.0171-0.0211 MRR: 0.0112-0.0128-0.0139-0.0144
[Test]: Precision: 0.0031-0.0026-0.002-0.0015 Recall: 0.0158-0.0265-0.0487-0.0725 NDCG: 0.0094-0.0125-0.0175-0.0221 MRR: 0.0108-0.0122-0.0135-0.0142
------------------------------------------------------
ood testing
[Valid]: Precision: 0.0024-0.002-0.0014-0.0011 Recall: 0.0213-0.035-0.0606-0.0917 NDCG: 0.0105-0.0141-0.0192-0.0244 MRR: 0.008-0.0091-0.01-0.0105
[Test]: Precision: 0.0025-0.002-0.0014-0.001 Recall: 0.0219-0.0362-0.0629-0.091 NDCG: 0.0109-0.0145-0.0199-0.0246 MRR: 0.0083-0.0093-0.0102-0.0107
------------------------------------------------------
------------------------------------------------------
Runing Epoch 333 valid loss 328.1056 costs 00: 00: 12
[Valid]: Precision: 0.0032-0.0028-0.002-0.0015 Recall: 0.0152-0.0283-0.0458-0.0665 NDCG: 0.0094-0.013-0.0171-0.0211 MRR: 0.0112-0.0128-0.0139-0.0144
[Test]: Precision: 0.0031-0.0026-0.002-0.0015 Recall: 0.0158-0.0265-0.049-0.0725 NDCG: 0.0094-0.0125-0.0176-0.0221 MRR: 0.0108-0.0122-0.0135-0.0142
------------------------------------------------------
ood testing
[Valid]: Precision: 0.0024-0.002-0.0014-0.0011 Recall: 0.0213-0.035-0.0605-0.0917 NDCG: 0.0105-0.0141-0.0192-0.0244 MRR: 0.008-0.0091-0.01-0.0105
[Test]: Precision: 0.0025-0.002-0.0014-0.001 Recall: 0.0219-0.0362-0.0631-0.0911 NDCG: 0.0109-0.0145-0.0199-0.0246 MRR: 0.0083-0.0093-0.0102-0.0107
------------------------------------------------------
------------------------------------------------------
Runing Epoch 334 valid loss 328.1080 costs 00: 00: 16
[Valid]: Precision: 0.0032-0.0028-0.002-0.0015 Recall: 0.0152-0.0283-0.0458-0.0666 NDCG: 0.0094-0.013-0.0171-0.0211 MRR: 0.0112-0.0128-0.0139-0.0144
[Test]: Precision: 0.0031-0.0026-0.002-0.0015 Recall: 0.0158-0.0265-0.0489-0.0726 NDCG: 0.0094-0.0125-0.0176-0.0222 MRR: 0.0108-0.0122-0.0135-0.0142
------------------------------------------------------
ood testing
[Valid]: Precision: 0.0024-0.002-0.0014-0.0011 Recall: 0.0213-0.035-0.0607-0.0916 NDCG: 0.0105-0.0141-0.0193-0.0244 MRR: 0.008-0.0091-0.01-0.0105
[Test]: Precision: 0.0025-0.002-0.0014-0.001 Recall: 0.0219-0.0362-0.0631-0.0911 NDCG: 0.0109-0.0145-0.0199-0.0246 MRR: 0.0083-0.0093-0.0102-0.0107
------------------------------------------------------
------------------------------------------------------
Runing Epoch 335 valid loss 328.1168 costs 00: 00: 12
[Valid]: Precision: 0.0032-0.0028-0.002-0.0015 Recall: 0.0152-0.0283-0.0458-0.0665 NDCG: 0.0094-0.013-0.0171-0.0211 MRR: 0.0112-0.0128-0.0139-0.0144
[Test]: Precision: 0.0031-0.0026-0.002-0.0015 Recall: 0.0158-0.0265-0.049-0.0725 NDCG: 0.0094-0.0125-0.0176-0.0221 MRR: 0.0108-0.0122-0.0135-0.0142
------------------------------------------------------
ood testing
[Valid]: Precision: 0.0024-0.002-0.0014-0.0011 Recall: 0.0213-0.035-0.0604-0.0917 NDCG: 0.0105-0.0141-0.0192-0.0244 MRR: 0.008-0.0091-0.01-0.0105
[Test]: Precision: 0.0025-0.002-0.0014-0.001 Recall: 0.0219-0.0362-0.0631-0.091 NDCG: 0.0109-0.0145-0.0199-0.0246 MRR: 0.0083-0.0093-0.0102-0.0107
------------------------------------------------------
------------------------------------------------------
Runing Epoch 336 valid loss 328.1098 costs 00: 00: 12
[Valid]: Precision: 0.0032-0.0028-0.002-0.0015 Recall: 0.0152-0.0283-0.0459-0.0665 NDCG: 0.0094-0.013-0.0171-0.0211 MRR: 0.0112-0.0128-0.0139-0.0144
[Test]: Precision: 0.0031-0.0026-0.002-0.0015 Recall: 0.0158-0.0265-0.049-0.0725 NDCG: 0.0094-0.0125-0.0176-0.0221 MRR: 0.0108-0.0122-0.0135-0.0142
------------------------------------------------------
ood testing
[Valid]: Precision: 0.0024-0.002-0.0014-0.0011 Recall: 0.0213-0.035-0.0606-0.0917 NDCG: 0.0105-0.0141-0.0192-0.0244 MRR: 0.008-0.0091-0.01-0.0105
[Test]: Precision: 0.0025-0.002-0.0014-0.001 Recall: 0.0219-0.0362-0.0632-0.091 NDCG: 0.0109-0.0145-0.02-0.0246 MRR: 0.0083-0.0093-0.0102-0.0107
------------------------------------------------------
------------------------------------------------------
Runing Epoch 337 valid loss 328.1152 costs 00: 00: 14
[Valid]: Precision: 0.0032-0.0028-0.002-0.0015 Recall: 0.0152-0.0283-0.0458-0.0666 NDCG: 0.0094-0.013-0.0171-0.0211 MRR: 0.0112-0.0128-0.0139-0.0144
[Test]: Precision: 0.0031-0.0026-0.002-0.0015 Recall: 0.0158-0.0265-0.0493-0.0725 NDCG: 0.0094-0.0125-0.0176-0.0221 MRR: 0.0108-0.0122-0.0135-0.0142
------------------------------------------------------
ood testing
[Valid]: Precision: 0.0024-0.002-0.0014-0.0011 Recall: 0.0213-0.035-0.0607-0.0917 NDCG: 0.0105-0.0141-0.0193-0.0244 MRR: 0.008-0.0091-0.01-0.0105
[Test]: Precision: 0.0025-0.002-0.0014-0.001 Recall: 0.0219-0.0362-0.0632-0.091 NDCG: 0.0109-0.0145-0.02-0.0246 MRR: 0.0083-0.0093-0.0102-0.0107
------------------------------------------------------
------------------------------------------------------
Runing Epoch 338 valid loss 328.1162 costs 00: 00: 13
[Valid]: Precision: 0.0032-0.0028-0.002-0.0015 Recall: 0.0152-0.0283-0.0458-0.0668 NDCG: 0.0094-0.013-0.0171-0.0211 MRR: 0.0112-0.0128-0.0139-0.0144
[Test]: Precision: 0.0031-0.0026-0.002-0.0015 Recall: 0.0158-0.0265-0.0493-0.0723 NDCG: 0.0094-0.0125-0.0177-0.0221 MRR: 0.0108-0.0122-0.0135-0.0142
------------------------------------------------------
ood testing
[Valid]: Precision: 0.0024-0.002-0.0014-0.0011 Recall: 0.0213-0.035-0.0606-0.0915 NDCG: 0.0105-0.0141-0.0192-0.0244 MRR: 0.008-0.0091-0.01-0.0105
[Test]: Precision: 0.0025-0.002-0.0014-0.001 Recall: 0.0219-0.0362-0.0631-0.0911 NDCG: 0.0109-0.0145-0.0199-0.0246 MRR: 0.0083-0.0093-0.0102-0.0107
------------------------------------------------------
------------------------------------------------------
Runing Epoch 339 valid loss 328.1101 costs 00: 00: 12
[Valid]: Precision: 0.0032-0.0028-0.002-0.0015 Recall: 0.0152-0.0283-0.0458-0.0664 NDCG: 0.0094-0.013-0.0171-0.0211 MRR: 0.0112-0.0128-0.0139-0.0144
[Test]: Precision: 0.0031-0.0026-0.002-0.0015 Recall: 0.0158-0.0265-0.0491-0.0724 NDCG: 0.0094-0.0125-0.0176-0.0221 MRR: 0.0108-0.0122-0.0135-0.0142
------------------------------------------------------
ood testing
[Valid]: Precision: 0.0024-0.002-0.0014-0.0011 Recall: 0.0213-0.035-0.0608-0.0917 NDCG: 0.0105-0.0141-0.0193-0.0244 MRR: 0.008-0.0091-0.01-0.0105
[Test]: Precision: 0.0025-0.002-0.0014-0.001 Recall: 0.0219-0.0362-0.0631-0.091 NDCG: 0.0109-0.0145-0.02-0.0246 MRR: 0.0083-0.0093-0.0102-0.0107
------------------------------------------------------
------------------------------------------------------
Runing Epoch 340 valid loss 328.1148 costs 00: 00: 12
[Valid]: Precision: 0.0032-0.0028-0.002-0.0015 Recall: 0.0152-0.0283-0.0458-0.0667 NDCG: 0.0094-0.013-0.0171-0.0211 MRR: 0.0113-0.0129-0.014-0.0145
[Test]: Precision: 0.0031-0.0026-0.002-0.0015 Recall: 0.0158-0.0265-0.0493-0.0724 NDCG: 0.0095-0.0125-0.0177-0.0222 MRR: 0.0109-0.0123-0.0136-0.0143
------------------------------------------------------
ood testing
[Valid]: Precision: 0.0024-0.002-0.0014-0.0011 Recall: 0.0213-0.035-0.0606-0.0916 NDCG: 0.0105-0.014-0.0192-0.0244 MRR: 0.0079-0.009-0.0099-0.0104
[Test]: Precision: 0.0025-0.002-0.0014-0.001 Recall: 0.0219-0.0362-0.0631-0.091 NDCG: 0.0109-0.0145-0.0199-0.0246 MRR: 0.0083-0.0093-0.0102-0.0107
------------------------------------------------------
------------------------------------------------------
Runing Epoch 341 valid loss 328.1137 costs 00: 00: 13
[Valid]: Precision: 0.0032-0.0028-0.002-0.0015 Recall: 0.0152-0.0283-0.0458-0.0666 NDCG: 0.0094-0.013-0.0171-0.0211 MRR: 0.0112-0.0128-0.0139-0.0144
[Test]: Precision: 0.0031-0.0026-0.002-0.0015 Recall: 0.0158-0.0265-0.0493-0.0725 NDCG: 0.0094-0.0125-0.0177-0.0221 MRR: 0.0108-0.0122-0.0135-0.0142
------------------------------------------------------
ood testing
[Valid]: Precision: 0.0024-0.002-0.0014-0.0011 Recall: 0.0213-0.035-0.0606-0.0916 NDCG: 0.0105-0.0141-0.0192-0.0244 MRR: 0.008-0.0091-0.01-0.0105
[Test]: Precision: 0.0025-0.002-0.0014-0.001 Recall: 0.0219-0.0362-0.0631-0.091 NDCG: 0.0109-0.0145-0.0199-0.0246 MRR: 0.0083-0.0093-0.0102-0.0107
------------------------------------------------------
------------------------------------------------------
Runing Epoch 342 valid loss 328.1121 costs 00: 00: 12
[Valid]: Precision: 0.0032-0.0028-0.002-0.0015 Recall: 0.0152-0.0283-0.0458-0.0664 NDCG: 0.0094-0.013-0.0171-0.0211 MRR: 0.0113-0.0129-0.014-0.0145
[Test]: Precision: 0.0031-0.0026-0.002-0.0015 Recall: 0.0158-0.0265-0.0493-0.0725 NDCG: 0.0095-0.0125-0.0177-0.0222 MRR: 0.0109-0.0123-0.0136-0.0143
------------------------------------------------------
ood testing
[Valid]: Precision: 0.0024-0.002-0.0014-0.0011 Recall: 0.0213-0.035-0.0606-0.0917 NDCG: 0.0105-0.014-0.0192-0.0244 MRR: 0.0079-0.009-0.0099-0.0104
[Test]: Precision: 0.0025-0.002-0.0014-0.001 Recall: 0.0219-0.0362-0.0631-0.091 NDCG: 0.0109-0.0145-0.0199-0.0246 MRR: 0.0083-0.0093-0.0102-0.0107
------------------------------------------------------
------------------------------------------------------
Runing Epoch 343 valid loss 328.1191 costs 00: 00: 12
[Valid]: Precision: 0.0032-0.0028-0.002-0.0015 Recall: 0.0152-0.0283-0.0458-0.0665 NDCG: 0.0094-0.013-0.0171-0.0211 MRR: 0.0112-0.0128-0.0139-0.0144
[Test]: Precision: 0.0031-0.0026-0.002-0.0015 Recall: 0.0158-0.0265-0.049-0.0725 NDCG: 0.0094-0.0125-0.0176-0.0221 MRR: 0.0108-0.0122-0.0135-0.0142
------------------------------------------------------
ood testing
[Valid]: Precision: 0.0024-0.002-0.0014-0.0011 Recall: 0.0213-0.035-0.0605-0.0917 NDCG: 0.0105-0.0141-0.0192-0.0244 MRR: 0.008-0.0091-0.01-0.0105
[Test]: Precision: 0.0025-0.002-0.0014-0.001 Recall: 0.0219-0.0362-0.0631-0.0911 NDCG: 0.0109-0.0145-0.0199-0.0246 MRR: 0.0083-0.0093-0.0102-0.0107
------------------------------------------------------
------------------------------------------------------
Runing Epoch 344 valid loss 328.1165 costs 00: 00: 14
[Valid]: Precision: 0.0032-0.0028-0.002-0.0015 Recall: 0.0152-0.0283-0.0458-0.0666 NDCG: 0.0094-0.013-0.0171-0.0211 MRR: 0.0112-0.0128-0.0139-0.0144
[Test]: Precision: 0.0031-0.0026-0.002-0.0015 Recall: 0.0158-0.0265-0.0493-0.0725 NDCG: 0.0094-0.0125-0.0176-0.0221 MRR: 0.0108-0.0122-0.0135-0.0142
------------------------------------------------------
ood testing
[Valid]: Precision: 0.0024-0.002-0.0014-0.0011 Recall: 0.0213-0.035-0.0607-0.0917 NDCG: 0.0105-0.0141-0.0193-0.0244 MRR: 0.008-0.0091-0.01-0.0105
[Test]: Precision: 0.0025-0.002-0.0014-0.001 Recall: 0.0219-0.0362-0.0631-0.091 NDCG: 0.0109-0.0145-0.0199-0.0246 MRR: 0.0083-0.0093-0.0102-0.0107
------------------------------------------------------
------------------------------------------------------
Runing Epoch 345 valid loss 328.1111 costs 00: 00: 12
[Valid]: Precision: 0.0032-0.0028-0.002-0.0015 Recall: 0.0152-0.0283-0.0457-0.0666 NDCG: 0.0094-0.013-0.0171-0.0211 MRR: 0.0112-0.0128-0.0139-0.0144
[Test]: Precision: 0.0031-0.0026-0.002-0.0015 Recall: 0.0158-0.0265-0.0493-0.0725 NDCG: 0.0094-0.0125-0.0176-0.0221 MRR: 0.0108-0.0122-0.0135-0.0142
------------------------------------------------------
ood testing
[Valid]: Precision: 0.0024-0.002-0.0014-0.0011 Recall: 0.0213-0.035-0.0608-0.0917 NDCG: 0.0105-0.0141-0.0193-0.0244 MRR: 0.008-0.0091-0.01-0.0105
[Test]: Precision: 0.0025-0.002-0.0014-0.001 Recall: 0.0219-0.0362-0.0632-0.091 NDCG: 0.0109-0.0145-0.02-0.0246 MRR: 0.0083-0.0093-0.0102-0.0107
------------------------------------------------------
------------------------------------------------------
Runing Epoch 346 valid loss 328.1095 costs 00: 00: 12
[Valid]: Precision: 0.0032-0.0028-0.002-0.0015 Recall: 0.0152-0.0283-0.0459-0.0665 NDCG: 0.0094-0.013-0.0171-0.0211 MRR: 0.0112-0.0128-0.0139-0.0144
[Test]: Precision: 0.0031-0.0026-0.002-0.0015 Recall: 0.0158-0.0265-0.049-0.0725 NDCG: 0.0094-0.0125-0.0176-0.0221 MRR: 0.0108-0.0122-0.0135-0.0142
------------------------------------------------------
ood testing
[Valid]: Precision: 0.0024-0.002-0.0014-0.0011 Recall: 0.0213-0.035-0.0606-0.0917 NDCG: 0.0105-0.0141-0.0192-0.0244 MRR: 0.008-0.0091-0.01-0.0105
[Test]: Precision: 0.0025-0.002-0.0014-0.001 Recall: 0.0219-0.0362-0.0632-0.091 NDCG: 0.0109-0.0145-0.02-0.0246 MRR: 0.0083-0.0093-0.0102-0.0107
------------------------------------------------------
------------------------------------------------------
Runing Epoch 347 valid loss 328.1122 costs 00: 00: 16
[Valid]: Precision: 0.0032-0.0028-0.002-0.0015 Recall: 0.0152-0.0283-0.0458-0.0666 NDCG: 0.0094-0.013-0.0171-0.0211 MRR: 0.0112-0.0128-0.0139-0.0144
[Test]: Precision: 0.0031-0.0026-0.002-0.0015 Recall: 0.0158-0.0265-0.0493-0.0725 NDCG: 0.0094-0.0125-0.0176-0.0221 MRR: 0.0108-0.0122-0.0135-0.0142
------------------------------------------------------
ood testing
[Valid]: Precision: 0.0024-0.002-0.0014-0.0011 Recall: 0.0213-0.035-0.0608-0.0917 NDCG: 0.0105-0.0141-0.0193-0.0244 MRR: 0.008-0.0091-0.01-0.0105
[Test]: Precision: 0.0025-0.002-0.0014-0.001 Recall: 0.0219-0.0362-0.0632-0.091 NDCG: 0.0109-0.0145-0.02-0.0246 MRR: 0.0083-0.0093-0.0102-0.0107
------------------------------------------------------
------------------------------------------------------
Runing Epoch 348 valid loss 328.1150 costs 00: 00: 13
[Valid]: Precision: 0.0032-0.0028-0.002-0.0015 Recall: 0.0152-0.0283-0.0459-0.0666 NDCG: 0.0094-0.013-0.0171-0.0211 MRR: 0.0112-0.0128-0.0139-0.0144
[Test]: Precision: 0.0031-0.0026-0.002-0.0015 Recall: 0.0158-0.0265-0.049-0.0725 NDCG: 0.0094-0.0125-0.0176-0.0221 MRR: 0.0108-0.0122-0.0135-0.0142
------------------------------------------------------
ood testing
[Valid]: Precision: 0.0024-0.002-0.0014-0.0011 Recall: 0.0213-0.035-0.0606-0.0917 NDCG: 0.0105-0.0141-0.0192-0.0244 MRR: 0.008-0.0091-0.01-0.0105
[Test]: Precision: 0.0025-0.002-0.0014-0.001 Recall: 0.0219-0.0362-0.0632-0.091 NDCG: 0.0109-0.0145-0.02-0.0246 MRR: 0.0083-0.0093-0.0102-0.0107
------------------------------------------------------
------------------------------------------------------
Runing Epoch 349 valid loss 328.1163 costs 00: 00: 12
[Valid]: Precision: 0.0032-0.0028-0.002-0.0015 Recall: 0.0152-0.0283-0.0458-0.0665 NDCG: 0.0094-0.013-0.0171-0.0211 MRR: 0.0112-0.0128-0.0139-0.0144
[Test]: Precision: 0.0031-0.0026-0.002-0.0015 Recall: 0.0158-0.0265-0.0493-0.0725 NDCG: 0.0094-0.0125-0.0176-0.0221 MRR: 0.0108-0.0122-0.0135-0.0142
------------------------------------------------------
ood testing
[Valid]: Precision: 0.0024-0.002-0.0014-0.0011 Recall: 0.0213-0.035-0.0608-0.0917 NDCG: 0.0105-0.0141-0.0193-0.0244 MRR: 0.008-0.0091-0.01-0.0105
[Test]: Precision: 0.0025-0.002-0.0014-0.001 Recall: 0.0219-0.0362-0.0631-0.091 NDCG: 0.0109-0.0145-0.02-0.0246 MRR: 0.0083-0.0093-0.0102-0.0107
------------------------------------------------------
------------------------------------------------------
Runing Epoch 350 valid loss 328.1119 costs 00: 00: 12
[Valid]: Precision: 0.0032-0.0028-0.002-0.0015 Recall: 0.0152-0.0283-0.0459-0.0666 NDCG: 0.0094-0.013-0.0171-0.0211 MRR: 0.0113-0.0129-0.014-0.0145
[Test]: Precision: 0.0031-0.0026-0.002-0.0015 Recall: 0.0158-0.0265-0.049-0.0725 NDCG: 0.0095-0.0125-0.0176-0.0222 MRR: 0.0109-0.0123-0.0136-0.0143
------------------------------------------------------
ood testing
[Valid]: Precision: 0.0024-0.002-0.0014-0.0011 Recall: 0.0213-0.035-0.0606-0.0917 NDCG: 0.0105-0.014-0.0192-0.0244 MRR: 0.0079-0.009-0.0099-0.0104
[Test]: Precision: 0.0025-0.002-0.0014-0.001 Recall: 0.0219-0.0362-0.0632-0.091 NDCG: 0.0109-0.0145-0.02-0.0246 MRR: 0.0083-0.0093-0.0102-0.0107
------------------------------------------------------
------------------------------------------------------
Runing Epoch 351 valid loss 328.1205 costs 00: 00: 13
[Valid]: Precision: 0.0032-0.0028-0.002-0.0015 Recall: 0.0152-0.0283-0.0459-0.0665 NDCG: 0.0094-0.013-0.0171-0.0211 MRR: 0.0112-0.0128-0.0139-0.0144
[Test]: Precision: 0.0031-0.0026-0.002-0.0015 Recall: 0.0158-0.0265-0.049-0.0725 NDCG: 0.0094-0.0125-0.0176-0.0221 MRR: 0.0108-0.0122-0.0135-0.0142
------------------------------------------------------
ood testing
[Valid]: Precision: 0.0024-0.002-0.0014-0.0011 Recall: 0.0213-0.035-0.0606-0.0918 NDCG: 0.0105-0.0141-0.0192-0.0245 MRR: 0.008-0.0091-0.01-0.0105
[Test]: Precision: 0.0025-0.002-0.0014-0.001 Recall: 0.0219-0.0362-0.0632-0.091 NDCG: 0.0109-0.0145-0.02-0.0246 MRR: 0.0083-0.0093-0.0102-0.0107
------------------------------------------------------
------------------------------------------------------
Runing Epoch 352 valid loss 328.1068 costs 00: 00: 13
[Valid]: Precision: 0.0032-0.0028-0.002-0.0015 Recall: 0.0152-0.0283-0.0458-0.0666 NDCG: 0.0094-0.013-0.0171-0.0211 MRR: 0.0113-0.0129-0.014-0.0145
[Test]: Precision: 0.0031-0.0026-0.002-0.0015 Recall: 0.0158-0.0265-0.049-0.0725 NDCG: 0.0095-0.0125-0.0176-0.0222 MRR: 0.0109-0.0123-0.0136-0.0143
------------------------------------------------------
ood testing
[Valid]: Precision: 0.0024-0.002-0.0014-0.0011 Recall: 0.0213-0.035-0.0605-0.0918 NDCG: 0.0105-0.014-0.0192-0.0244 MRR: 0.0079-0.009-0.0099-0.0104
[Test]: Precision: 0.0025-0.002-0.0014-0.001 Recall: 0.0219-0.0362-0.0631-0.091 NDCG: 0.0109-0.0145-0.0199-0.0246 MRR: 0.0083-0.0093-0.0102-0.0107
------------------------------------------------------
------------------------------------------------------
Runing Epoch 353 valid loss 328.1119 costs 00: 00: 12
[Valid]: Precision: 0.0032-0.0028-0.002-0.0015 Recall: 0.0152-0.0283-0.0458-0.0666 NDCG: 0.0094-0.013-0.0171-0.0211 MRR: 0.0112-0.0128-0.0139-0.0144
[Test]: Precision: 0.0031-0.0026-0.002-0.0015 Recall: 0.0158-0.0265-0.0493-0.0725 NDCG: 0.0094-0.0125-0.0177-0.0221 MRR: 0.0108-0.0122-0.0135-0.0142
------------------------------------------------------
ood testing
[Valid]: Precision: 0.0024-0.002-0.0014-0.0011 Recall: 0.0213-0.035-0.0606-0.0918 NDCG: 0.0105-0.0141-0.0193-0.0245 MRR: 0.008-0.0091-0.01-0.0105
[Test]: Precision: 0.0025-0.002-0.0014-0.001 Recall: 0.0219-0.0362-0.0631-0.091 NDCG: 0.0109-0.0145-0.0199-0.0246 MRR: 0.0083-0.0093-0.0102-0.0107
------------------------------------------------------
------------------------------------------------------
Runing Epoch 354 valid loss 328.1121 costs 00: 00: 13
[Valid]: Precision: 0.0032-0.0028-0.002-0.0015 Recall: 0.0152-0.0283-0.0457-0.0666 NDCG: 0.0094-0.013-0.0171-0.0211 MRR: 0.0112-0.0128-0.0139-0.0144
[Test]: Precision: 0.0031-0.0026-0.002-0.0015 Recall: 0.0158-0.0265-0.0493-0.0725 NDCG: 0.0094-0.0125-0.0177-0.0221 MRR: 0.0108-0.0122-0.0135-0.0142
------------------------------------------------------
ood testing
[Valid]: Precision: 0.0024-0.002-0.0014-0.0011 Recall: 0.0213-0.035-0.0607-0.0918 NDCG: 0.0105-0.0141-0.0193-0.0245 MRR: 0.008-0.0091-0.01-0.0105
[Test]: Precision: 0.0025-0.002-0.0014-0.001 Recall: 0.0219-0.0362-0.0632-0.091 NDCG: 0.0109-0.0145-0.02-0.0246 MRR: 0.0083-0.0093-0.0102-0.0107
------------------------------------------------------
------------------------------------------------------
Runing Epoch 355 valid loss 328.1160 costs 00: 00: 12
[Valid]: Precision: 0.0032-0.0028-0.002-0.0015 Recall: 0.0152-0.0283-0.0458-0.0666 NDCG: 0.0094-0.013-0.0171-0.0211 MRR: 0.0112-0.0128-0.0139-0.0144
[Test]: Precision: 0.0031-0.0026-0.002-0.0015 Recall: 0.0158-0.0265-0.049-0.0725 NDCG: 0.0094-0.0125-0.0176-0.0221 MRR: 0.0108-0.0122-0.0135-0.0142
------------------------------------------------------
ood testing
[Valid]: Precision: 0.0024-0.002-0.0014-0.0011 Recall: 0.0213-0.035-0.0604-0.0917 NDCG: 0.0105-0.0141-0.0192-0.0244 MRR: 0.008-0.0091-0.01-0.0105
[Test]: Precision: 0.0025-0.002-0.0014-0.001 Recall: 0.0219-0.0362-0.0631-0.091 NDCG: 0.0109-0.0145-0.0199-0.0246 MRR: 0.0083-0.0093-0.0102-0.0107
------------------------------------------------------
------------------------------------------------------
Runing Epoch 356 valid loss 328.1155 costs 00: 00: 12
[Valid]: Precision: 0.0032-0.0028-0.002-0.0015 Recall: 0.0152-0.0283-0.0459-0.0666 NDCG: 0.0094-0.013-0.0171-0.0211 MRR: 0.0113-0.0129-0.014-0.0145
[Test]: Precision: 0.0031-0.0026-0.002-0.0015 Recall: 0.0158-0.0265-0.049-0.0724 NDCG: 0.0095-0.0125-0.0176-0.0222 MRR: 0.0109-0.0123-0.0136-0.0143
------------------------------------------------------
ood testing
[Valid]: Precision: 0.0024-0.002-0.0014-0.0011 Recall: 0.0213-0.035-0.0606-0.0917 NDCG: 0.0105-0.014-0.0192-0.0244 MRR: 0.0079-0.009-0.0099-0.0104
[Test]: Precision: 0.0025-0.002-0.0014-0.001 Recall: 0.0219-0.0362-0.0632-0.091 NDCG: 0.0109-0.0145-0.02-0.0246 MRR: 0.0083-0.0093-0.0102-0.0107
------------------------------------------------------
------------------------------------------------------
Runing Epoch 357 valid loss 328.1109 costs 00: 00: 17
[Valid]: Precision: 0.0032-0.0028-0.002-0.0015 Recall: 0.0152-0.0283-0.0459-0.0665 NDCG: 0.0094-0.013-0.0171-0.0211 MRR: 0.0112-0.0128-0.0139-0.0144
[Test]: Precision: 0.0031-0.0026-0.002-0.0015 Recall: 0.0158-0.0265-0.049-0.0725 NDCG: 0.0094-0.0125-0.0176-0.0221 MRR: 0.0108-0.0122-0.0135-0.0142
------------------------------------------------------
ood testing
[Valid]: Precision: 0.0024-0.002-0.0014-0.0011 Recall: 0.0213-0.035-0.0606-0.0917 NDCG: 0.0105-0.0141-0.0192-0.0244 MRR: 0.008-0.0091-0.01-0.0105
[Test]: Precision: 0.0025-0.002-0.0014-0.001 Recall: 0.0219-0.0362-0.0632-0.091 NDCG: 0.0109-0.0145-0.02-0.0246 MRR: 0.0083-0.0093-0.0102-0.0107
------------------------------------------------------
------------------------------------------------------
Runing Epoch 358 valid loss 328.1111 costs 00: 00: 13
[Valid]: Precision: 0.0032-0.0028-0.002-0.0015 Recall: 0.0152-0.0283-0.0459-0.0666 NDCG: 0.0094-0.013-0.0171-0.0211 MRR: 0.0112-0.0128-0.0139-0.0144
[Test]: Precision: 0.0031-0.0026-0.002-0.0015 Recall: 0.0158-0.0265-0.0488-0.0725 NDCG: 0.0094-0.0125-0.0175-0.0221 MRR: 0.0108-0.0122-0.0135-0.0142
------------------------------------------------------
ood testing
[Valid]: Precision: 0.0024-0.002-0.0014-0.0011 Recall: 0.0213-0.035-0.0606-0.0917 NDCG: 0.0105-0.0141-0.0192-0.0244 MRR: 0.008-0.0091-0.01-0.0105
[Test]: Precision: 0.0025-0.002-0.0014-0.001 Recall: 0.0219-0.0362-0.0631-0.091 NDCG: 0.0109-0.0145-0.02-0.0246 MRR: 0.0083-0.0093-0.0102-0.0107
------------------------------------------------------
------------------------------------------------------
Runing Epoch 359 valid loss 328.1115 costs 00: 00: 12
[Valid]: Precision: 0.0032-0.0028-0.002-0.0015 Recall: 0.0152-0.0283-0.0458-0.0666 NDCG: 0.0094-0.013-0.0171-0.0211 MRR: 0.0112-0.0128-0.0139-0.0144
[Test]: Precision: 0.0031-0.0026-0.002-0.0015 Recall: 0.0158-0.0265-0.0491-0.0725 NDCG: 0.0094-0.0125-0.0176-0.0221 MRR: 0.0108-0.0122-0.0135-0.0142
------------------------------------------------------
ood testing
[Valid]: Precision: 0.0024-0.002-0.0014-0.0011 Recall: 0.0213-0.035-0.0607-0.0917 NDCG: 0.0105-0.0141-0.0193-0.0244 MRR: 0.008-0.0091-0.01-0.0105
[Test]: Precision: 0.0025-0.002-0.0014-0.001 Recall: 0.0219-0.0362-0.0631-0.091 NDCG: 0.0109-0.0145-0.02-0.0246 MRR: 0.0083-0.0093-0.0102-0.0107
------------------------------------------------------
------------------------------------------------------
Runing Epoch 360 valid loss 328.1097 costs 00: 00: 16
[Valid]: Precision: 0.0032-0.0028-0.002-0.0015 Recall: 0.0152-0.0283-0.0457-0.0666 NDCG: 0.0094-0.013-0.0171-0.0211 MRR: 0.0112-0.0128-0.0139-0.0144
[Test]: Precision: 0.0031-0.0026-0.002-0.0015 Recall: 0.0158-0.0265-0.0488-0.0725 NDCG: 0.0094-0.0125-0.0175-0.0221 MRR: 0.0108-0.0122-0.0135-0.0142
------------------------------------------------------
ood testing
[Valid]: Precision: 0.0024-0.002-0.0014-0.0011 Recall: 0.0213-0.035-0.0605-0.0918 NDCG: 0.0105-0.0141-0.0192-0.0245 MRR: 0.008-0.0091-0.01-0.0105
[Test]: Precision: 0.0025-0.002-0.0014-0.001 Recall: 0.0219-0.0362-0.0631-0.091 NDCG: 0.0109-0.0145-0.0199-0.0246 MRR: 0.0083-0.0093-0.0102-0.0107
------------------------------------------------------
------------------------------------------------------
Runing Epoch 361 valid loss 328.1135 costs 00: 00: 13
[Valid]: Precision: 0.0032-0.0028-0.002-0.0015 Recall: 0.0152-0.0283-0.0457-0.0666 NDCG: 0.0094-0.013-0.0171-0.0211 MRR: 0.0112-0.0128-0.0139-0.0144
[Test]: Precision: 0.0031-0.0026-0.002-0.0015 Recall: 0.0158-0.0265-0.0488-0.0726 NDCG: 0.0094-0.0125-0.0176-0.0222 MRR: 0.0108-0.0122-0.0135-0.0142
------------------------------------------------------
ood testing
[Valid]: Precision: 0.0024-0.002-0.0014-0.0011 Recall: 0.0213-0.035-0.0604-0.0917 NDCG: 0.0105-0.0141-0.0192-0.0244 MRR: 0.008-0.0091-0.01-0.0105
[Test]: Precision: 0.0025-0.002-0.0014-0.001 Recall: 0.0219-0.0362-0.0631-0.0909 NDCG: 0.0109-0.0145-0.0199-0.0246 MRR: 0.0083-0.0093-0.0102-0.0107
------------------------------------------------------
------------------------------------------------------
Runing Epoch 362 valid loss 328.1126 costs 00: 00: 12
[Valid]: Precision: 0.0032-0.0028-0.002-0.0015 Recall: 0.0152-0.0283-0.0457-0.0665 NDCG: 0.0094-0.013-0.0171-0.0211 MRR: 0.0112-0.0128-0.0139-0.0144
[Test]: Precision: 0.0031-0.0026-0.002-0.0015 Recall: 0.0158-0.0265-0.0488-0.0725 NDCG: 0.0094-0.0125-0.0176-0.0221 MRR: 0.0108-0.0122-0.0135-0.0142
------------------------------------------------------
ood testing
[Valid]: Precision: 0.0024-0.002-0.0014-0.0011 Recall: 0.0213-0.035-0.0604-0.0917 NDCG: 0.0105-0.0141-0.0192-0.0244 MRR: 0.008-0.0091-0.01-0.0105
[Test]: Precision: 0.0025-0.002-0.0014-0.001 Recall: 0.0219-0.0362-0.0631-0.091 NDCG: 0.0109-0.0145-0.0199-0.0246 MRR: 0.0083-0.0093-0.0102-0.0107
------------------------------------------------------
------------------------------------------------------
Runing Epoch 363 valid loss 328.1136 costs 00: 00: 12
[Valid]: Precision: 0.0032-0.0028-0.002-0.0015 Recall: 0.0152-0.0283-0.0459-0.0665 NDCG: 0.0094-0.013-0.0171-0.0211 MRR: 0.0112-0.0128-0.0139-0.0144
[Test]: Precision: 0.0031-0.0026-0.002-0.0015 Recall: 0.0158-0.0265-0.049-0.0725 NDCG: 0.0094-0.0125-0.0176-0.0221 MRR: 0.0108-0.0122-0.0135-0.0142
------------------------------------------------------
ood testing
[Valid]: Precision: 0.0024-0.002-0.0014-0.0011 Recall: 0.0213-0.035-0.0606-0.0917 NDCG: 0.0105-0.0141-0.0192-0.0244 MRR: 0.008-0.0091-0.01-0.0105
[Test]: Precision: 0.0025-0.002-0.0014-0.001 Recall: 0.0219-0.0362-0.0632-0.091 NDCG: 0.0109-0.0145-0.02-0.0246 MRR: 0.0083-0.0093-0.0102-0.0107
------------------------------------------------------
------------------------------------------------------
Runing Epoch 364 valid loss 328.1091 costs 00: 00: 13
[Valid]: Precision: 0.0032-0.0028-0.002-0.0015 Recall: 0.0152-0.0283-0.0459-0.0665 NDCG: 0.0094-0.013-0.0171-0.0211 MRR: 0.0113-0.0129-0.014-0.0145
[Test]: Precision: 0.0031-0.0026-0.002-0.0015 Recall: 0.0158-0.0265-0.049-0.0725 NDCG: 0.0095-0.0125-0.0176-0.0222 MRR: 0.0109-0.0123-0.0136-0.0143
------------------------------------------------------
ood testing
[Valid]: Precision: 0.0024-0.002-0.0014-0.0011 Recall: 0.0213-0.035-0.0606-0.0917 NDCG: 0.0105-0.014-0.0192-0.0244 MRR: 0.0079-0.009-0.0099-0.0104
[Test]: Precision: 0.0025-0.002-0.0014-0.001 Recall: 0.0219-0.0362-0.0632-0.091 NDCG: 0.0109-0.0145-0.02-0.0246 MRR: 0.0083-0.0093-0.0102-0.0107
------------------------------------------------------
------------------------------------------------------
Runing Epoch 365 valid loss 328.1155 costs 00: 00: 12
[Valid]: Precision: 0.0032-0.0028-0.002-0.0015 Recall: 0.0152-0.0283-0.0459-0.0666 NDCG: 0.0094-0.013-0.0171-0.0211 MRR: 0.0112-0.0128-0.0139-0.0144
[Test]: Precision: 0.0031-0.0026-0.002-0.0015 Recall: 0.0158-0.0265-0.049-0.0725 NDCG: 0.0094-0.0125-0.0176-0.0221 MRR: 0.0108-0.0122-0.0135-0.0142
------------------------------------------------------
ood testing
[Valid]: Precision: 0.0024-0.002-0.0014-0.0011 Recall: 0.0213-0.035-0.0606-0.0918 NDCG: 0.0105-0.0141-0.0192-0.0245 MRR: 0.008-0.0091-0.01-0.0105
[Test]: Precision: 0.0025-0.002-0.0014-0.001 Recall: 0.0219-0.0362-0.0631-0.091 NDCG: 0.0109-0.0145-0.02-0.0246 MRR: 0.0083-0.0093-0.0102-0.0107
------------------------------------------------------
------------------------------------------------------
Runing Epoch 366 valid loss 328.1140 costs 00: 00: 12
[Valid]: Precision: 0.0032-0.0028-0.002-0.0015 Recall: 0.0152-0.0283-0.0459-0.0665 NDCG: 0.0094-0.013-0.0171-0.0211 MRR: 0.0113-0.0129-0.014-0.0145
[Test]: Precision: 0.0031-0.0026-0.002-0.0015 Recall: 0.0158-0.0265-0.049-0.0725 NDCG: 0.0095-0.0125-0.0176-0.0222 MRR: 0.0109-0.0123-0.0136-0.0143
------------------------------------------------------
ood testing
[Valid]: Precision: 0.0024-0.002-0.0014-0.0011 Recall: 0.0213-0.035-0.0606-0.0917 NDCG: 0.0105-0.014-0.0192-0.0244 MRR: 0.0079-0.009-0.0099-0.0104
[Test]: Precision: 0.0025-0.002-0.0014-0.001 Recall: 0.0219-0.0362-0.0632-0.091 NDCG: 0.0109-0.0145-0.02-0.0246 MRR: 0.0083-0.0093-0.0102-0.0107
------------------------------------------------------
------------------------------------------------------
Runing Epoch 367 valid loss 328.1097 costs 00: 00: 16
[Valid]: Precision: 0.0032-0.0028-0.002-0.0015 Recall: 0.0152-0.0283-0.0457-0.0666 NDCG: 0.0094-0.013-0.0171-0.0211 MRR: 0.0113-0.0129-0.014-0.0145
[Test]: Precision: 0.0031-0.0026-0.002-0.0015 Recall: 0.0158-0.0265-0.049-0.0725 NDCG: 0.0095-0.0125-0.0176-0.0222 MRR: 0.0109-0.0123-0.0136-0.0143
------------------------------------------------------
ood testing
[Valid]: Precision: 0.0024-0.002-0.0014-0.0011 Recall: 0.0213-0.035-0.0605-0.0917 NDCG: 0.0105-0.014-0.0192-0.0244 MRR: 0.0079-0.009-0.0099-0.0104
[Test]: Precision: 0.0025-0.002-0.0014-0.001 Recall: 0.0219-0.0362-0.0631-0.091 NDCG: 0.0109-0.0145-0.0199-0.0246 MRR: 0.0083-0.0093-0.0102-0.0107
------------------------------------------------------
------------------------------------------------------
Runing Epoch 368 valid loss 328.1176 costs 00: 00: 13
[Valid]: Precision: 0.0032-0.0028-0.002-0.0015 Recall: 0.0152-0.0283-0.0458-0.0666 NDCG: 0.0094-0.013-0.0171-0.0211 MRR: 0.0112-0.0128-0.0139-0.0144
[Test]: Precision: 0.0031-0.0026-0.002-0.0015 Recall: 0.0158-0.0265-0.0493-0.0724 NDCG: 0.0094-0.0125-0.0176-0.0221 MRR: 0.0108-0.0122-0.0135-0.0142
------------------------------------------------------
ood testing
[Valid]: Precision: 0.0024-0.002-0.0014-0.0011 Recall: 0.0213-0.035-0.0608-0.0917 NDCG: 0.0105-0.0141-0.0193-0.0244 MRR: 0.008-0.0091-0.01-0.0105
[Test]: Precision: 0.0025-0.002-0.0014-0.001 Recall: 0.0219-0.0362-0.0631-0.091 NDCG: 0.0109-0.0145-0.02-0.0246 MRR: 0.0083-0.0093-0.0102-0.0107
------------------------------------------------------
------------------------------------------------------
Runing Epoch 369 valid loss 328.1127 costs 00: 00: 12
[Valid]: Precision: 0.0032-0.0028-0.002-0.0015 Recall: 0.0152-0.0283-0.0458-0.0666 NDCG: 0.0094-0.013-0.0171-0.0211 MRR: 0.0112-0.0128-0.0139-0.0144
[Test]: Precision: 0.0031-0.0026-0.002-0.0015 Recall: 0.0158-0.0265-0.049-0.0725 NDCG: 0.0094-0.0125-0.0176-0.0221 MRR: 0.0108-0.0122-0.0135-0.0142
------------------------------------------------------
ood testing
[Valid]: Precision: 0.0024-0.002-0.0014-0.0011 Recall: 0.0213-0.035-0.0605-0.0917 NDCG: 0.0105-0.0141-0.0192-0.0244 MRR: 0.008-0.0091-0.01-0.0105
[Test]: Precision: 0.0025-0.002-0.0014-0.001 Recall: 0.0219-0.0362-0.0631-0.091 NDCG: 0.0109-0.0145-0.0199-0.0246 MRR: 0.0083-0.0093-0.0102-0.0107
------------------------------------------------------
------------------------------------------------------
Runing Epoch 370 valid loss 328.1062 costs 00: 00: 14
[Valid]: Precision: 0.0032-0.0028-0.002-0.0015 Recall: 0.0152-0.0283-0.0458-0.0666 NDCG: 0.0094-0.013-0.0171-0.0211 MRR: 0.0112-0.0128-0.0139-0.0144
[Test]: Precision: 0.0031-0.0026-0.002-0.0015 Recall: 0.0158-0.0265-0.049-0.0724 NDCG: 0.0094-0.0125-0.0176-0.0221 MRR: 0.0108-0.0122-0.0135-0.0142
------------------------------------------------------
ood testing
[Valid]: Precision: 0.0024-0.002-0.0014-0.0011 Recall: 0.0213-0.035-0.0605-0.0917 NDCG: 0.0105-0.0141-0.0192-0.0244 MRR: 0.008-0.0091-0.01-0.0105
[Test]: Precision: 0.0025-0.002-0.0014-0.001 Recall: 0.0219-0.0362-0.0631-0.091 NDCG: 0.0109-0.0145-0.0199-0.0246 MRR: 0.0083-0.0093-0.0102-0.0107
------------------------------------------------------
------------------------------------------------------
Runing Epoch 371 valid loss 328.1091 costs 00: 00: 13
[Valid]: Precision: 0.0032-0.0028-0.002-0.0015 Recall: 0.0152-0.0283-0.0459-0.0666 NDCG: 0.0094-0.013-0.0171-0.0211 MRR: 0.0113-0.0129-0.014-0.0145
[Test]: Precision: 0.0031-0.0026-0.002-0.0015 Recall: 0.0158-0.0265-0.0488-0.0725 NDCG: 0.0095-0.0125-0.0176-0.0222 MRR: 0.0109-0.0123-0.0136-0.0143
------------------------------------------------------
ood testing
[Valid]: Precision: 0.0024-0.002-0.0014-0.0011 Recall: 0.0213-0.035-0.0606-0.0917 NDCG: 0.0105-0.014-0.0192-0.0244 MRR: 0.0079-0.009-0.0099-0.0104
[Test]: Precision: 0.0025-0.002-0.0014-0.001 Recall: 0.0219-0.0362-0.0632-0.091 NDCG: 0.0109-0.0145-0.02-0.0246 MRR: 0.0083-0.0093-0.0102-0.0107
------------------------------------------------------
------------------------------------------------------
Runing Epoch 372 valid loss 328.1165 costs 00: 00: 13
[Valid]: Precision: 0.0032-0.0028-0.002-0.0015 Recall: 0.0152-0.0283-0.0457-0.0666 NDCG: 0.0094-0.013-0.0171-0.0211 MRR: 0.0113-0.0129-0.014-0.0145
[Test]: Precision: 0.0031-0.0026-0.002-0.0015 Recall: 0.0158-0.0265-0.0488-0.0724 NDCG: 0.0095-0.0125-0.0176-0.0222 MRR: 0.0109-0.0123-0.0136-0.0143
------------------------------------------------------
ood testing
[Valid]: Precision: 0.0024-0.002-0.0014-0.0011 Recall: 0.0213-0.035-0.0605-0.0917 NDCG: 0.0105-0.014-0.0192-0.0244 MRR: 0.0079-0.009-0.0099-0.0104
[Test]: Precision: 0.0025-0.002-0.0014-0.001 Recall: 0.0219-0.0362-0.0631-0.091 NDCG: 0.0109-0.0145-0.0199-0.0246 MRR: 0.0083-0.0093-0.0102-0.0107
------------------------------------------------------
------------------------------------------------------
Runing Epoch 373 valid loss 328.1172 costs 00: 00: 12
[Valid]: Precision: 0.0032-0.0028-0.002-0.0015 Recall: 0.0152-0.0283-0.0457-0.0666 NDCG: 0.0094-0.013-0.0171-0.0211 MRR: 0.0112-0.0128-0.0139-0.0144
[Test]: Precision: 0.0031-0.0026-0.002-0.0015 Recall: 0.0158-0.0265-0.0492-0.0725 NDCG: 0.0094-0.0125-0.0176-0.0221 MRR: 0.0108-0.0122-0.0135-0.0142
------------------------------------------------------
ood testing
[Valid]: Precision: 0.0024-0.002-0.0014-0.0011 Recall: 0.0213-0.035-0.0606-0.0917 NDCG: 0.0105-0.0141-0.0193-0.0244 MRR: 0.008-0.0091-0.01-0.0105
[Test]: Precision: 0.0025-0.002-0.0014-0.001 Recall: 0.0219-0.0362-0.0631-0.091 NDCG: 0.0109-0.0145-0.0199-0.0246 MRR: 0.0083-0.0093-0.0102-0.0107
------------------------------------------------------
------------------------------------------------------
Runing Epoch 374 valid loss 328.1105 costs 00: 00: 13
[Valid]: Precision: 0.0032-0.0028-0.002-0.0015 Recall: 0.0152-0.0283-0.0458-0.0667 NDCG: 0.0094-0.013-0.0171-0.0211 MRR: 0.0112-0.0128-0.0139-0.0144
[Test]: Precision: 0.0031-0.0026-0.002-0.0015 Recall: 0.0158-0.0265-0.0493-0.0725 NDCG: 0.0094-0.0125-0.0176-0.0221 MRR: 0.0108-0.0122-0.0135-0.0142
------------------------------------------------------
ood testing
[Valid]: Precision: 0.0024-0.002-0.0014-0.0011 Recall: 0.0213-0.035-0.0608-0.0915 NDCG: 0.0105-0.0141-0.0193-0.0244 MRR: 0.008-0.0091-0.01-0.0105
[Test]: Precision: 0.0025-0.002-0.0014-0.001 Recall: 0.0219-0.0362-0.0631-0.0909 NDCG: 0.0109-0.0145-0.02-0.0246 MRR: 0.0083-0.0093-0.0102-0.0107
------------------------------------------------------
------------------------------------------------------
Runing Epoch 375 valid loss 328.1043 costs 00: 00: 12
[Valid]: Precision: 0.0032-0.0028-0.002-0.0015 Recall: 0.0152-0.0283-0.0457-0.0666 NDCG: 0.0094-0.013-0.0171-0.0211 MRR: 0.0112-0.0128-0.0139-0.0144
[Test]: Precision: 0.0031-0.0026-0.002-0.0015 Recall: 0.0158-0.0265-0.0493-0.0725 NDCG: 0.0094-0.0125-0.0176-0.0221 MRR: 0.0108-0.0122-0.0135-0.0142
------------------------------------------------------
ood testing
[Valid]: Precision: 0.0024-0.002-0.0014-0.0011 Recall: 0.0213-0.035-0.0606-0.0917 NDCG: 0.0105-0.0141-0.0193-0.0244 MRR: 0.008-0.0091-0.01-0.0105
[Test]: Precision: 0.0025-0.002-0.0014-0.001 Recall: 0.0219-0.0362-0.063-0.091 NDCG: 0.0109-0.0145-0.0199-0.0246 MRR: 0.0083-0.0093-0.0102-0.0107
------------------------------------------------------
------------------------------------------------------
Runing Epoch 376 valid loss 328.1136 costs 00: 00: 12
[Valid]: Precision: 0.0032-0.0028-0.002-0.0015 Recall: 0.0152-0.0283-0.0459-0.0667 NDCG: 0.0094-0.013-0.0171-0.0211 MRR: 0.0112-0.0128-0.0139-0.0144
[Test]: Precision: 0.0031-0.0026-0.002-0.0015 Recall: 0.0158-0.0265-0.049-0.0725 NDCG: 0.0094-0.0125-0.0176-0.0221 MRR: 0.0108-0.0122-0.0135-0.0142
------------------------------------------------------
ood testing
[Valid]: Precision: 0.0024-0.002-0.0014-0.0011 Recall: 0.0213-0.035-0.0606-0.0915 NDCG: 0.0105-0.0141-0.0192-0.0244 MRR: 0.008-0.0091-0.01-0.0105
[Test]: Precision: 0.0025-0.002-0.0014-0.001 Recall: 0.0219-0.0362-0.0632-0.0909 NDCG: 0.0109-0.0145-0.02-0.0246 MRR: 0.0083-0.0093-0.0102-0.0107
------------------------------------------------------
------------------------------------------------------
Runing Epoch 377 valid loss 328.1209 costs 00: 00: 13
[Valid]: Precision: 0.0032-0.0028-0.002-0.0015 Recall: 0.0152-0.0283-0.0459-0.0667 NDCG: 0.0094-0.013-0.0171-0.0211 MRR: 0.0113-0.0129-0.014-0.0145
[Test]: Precision: 0.0031-0.0026-0.002-0.0015 Recall: 0.0158-0.0265-0.0488-0.0723 NDCG: 0.0095-0.0125-0.0176-0.0222 MRR: 0.0109-0.0123-0.0136-0.0143
------------------------------------------------------
ood testing
[Valid]: Precision: 0.0024-0.002-0.0014-0.0011 Recall: 0.0213-0.035-0.0606-0.0916 NDCG: 0.0105-0.014-0.0192-0.0244 MRR: 0.0079-0.009-0.0099-0.0104
[Test]: Precision: 0.0025-0.002-0.0014-0.001 Recall: 0.0219-0.0362-0.0632-0.091 NDCG: 0.0109-0.0145-0.02-0.0246 MRR: 0.0083-0.0093-0.0102-0.0107
------------------------------------------------------
------------------------------------------------------
Runing Epoch 378 valid loss 328.1101 costs 00: 00: 13
[Valid]: Precision: 0.0032-0.0028-0.002-0.0015 Recall: 0.0152-0.0283-0.0459-0.0667 NDCG: 0.0094-0.013-0.0171-0.0211 MRR: 0.0113-0.0129-0.014-0.0145
[Test]: Precision: 0.0031-0.0026-0.002-0.0015 Recall: 0.0158-0.0265-0.0488-0.0723 NDCG: 0.0095-0.0125-0.0176-0.0222 MRR: 0.0109-0.0123-0.0136-0.0143
------------------------------------------------------
ood testing
[Valid]: Precision: 0.0024-0.002-0.0014-0.0011 Recall: 0.0213-0.035-0.0606-0.0916 NDCG: 0.0105-0.014-0.0192-0.0244 MRR: 0.0079-0.009-0.0099-0.0104
[Test]: Precision: 0.0025-0.002-0.0014-0.001 Recall: 0.0219-0.0362-0.0632-0.0908 NDCG: 0.0109-0.0145-0.02-0.0246 MRR: 0.0083-0.0093-0.0102-0.0107
------------------------------------------------------
------------------------------------------------------
Runing Epoch 379 valid loss 328.1054 costs 00: 00: 12
[Valid]: Precision: 0.0032-0.0028-0.002-0.0015 Recall: 0.0152-0.0283-0.0459-0.0668 NDCG: 0.0094-0.013-0.0171-0.0211 MRR: 0.0113-0.0129-0.014-0.0145
[Test]: Precision: 0.0031-0.0026-0.002-0.0015 Recall: 0.0158-0.0265-0.049-0.0724 NDCG: 0.0095-0.0125-0.0176-0.0222 MRR: 0.0109-0.0123-0.0136-0.0143
------------------------------------------------------
ood testing
[Valid]: Precision: 0.0024-0.002-0.0014-0.0011 Recall: 0.0213-0.035-0.0606-0.0914 NDCG: 0.0105-0.014-0.0192-0.0243 MRR: 0.0079-0.009-0.0099-0.0104
[Test]: Precision: 0.0025-0.002-0.0014-0.001 Recall: 0.0219-0.0362-0.0632-0.0909 NDCG: 0.0109-0.0145-0.02-0.0246 MRR: 0.0083-0.0093-0.0102-0.0107
------------------------------------------------------
------------------------------------------------------
Runing Epoch 380 valid loss 328.1159 costs 00: 00: 16
[Valid]: Precision: 0.0032-0.0028-0.002-0.0015 Recall: 0.0152-0.0283-0.0458-0.0667 NDCG: 0.0094-0.013-0.0171-0.0211 MRR: 0.0113-0.0129-0.014-0.0145
[Test]: Precision: 0.0031-0.0026-0.002-0.0015 Recall: 0.0158-0.0265-0.0493-0.0724 NDCG: 0.0095-0.0125-0.0177-0.0222 MRR: 0.0109-0.0123-0.0136-0.0143
------------------------------------------------------
ood testing
[Valid]: Precision: 0.0024-0.002-0.0014-0.0011 Recall: 0.0213-0.035-0.0607-0.0914 NDCG: 0.0105-0.014-0.0192-0.0244 MRR: 0.0079-0.009-0.0099-0.0104
[Test]: Precision: 0.0025-0.002-0.0014-0.001 Recall: 0.0219-0.0362-0.0631-0.0908 NDCG: 0.0109-0.0145-0.0199-0.0246 MRR: 0.0083-0.0093-0.0102-0.0107
------------------------------------------------------
------------------------------------------------------
Runing Epoch 381 valid loss 328.1132 costs 00: 00: 13
[Valid]: Precision: 0.0032-0.0028-0.002-0.0015 Recall: 0.0152-0.0283-0.0459-0.0666 NDCG: 0.0094-0.013-0.0171-0.0211 MRR: 0.0113-0.0129-0.014-0.0145
[Test]: Precision: 0.0031-0.0026-0.002-0.0015 Recall: 0.0158-0.0265-0.049-0.0723 NDCG: 0.0095-0.0125-0.0176-0.0222 MRR: 0.0109-0.0123-0.0136-0.0143
------------------------------------------------------
ood testing
[Valid]: Precision: 0.0024-0.002-0.0014-0.0011 Recall: 0.0213-0.035-0.0606-0.0916 NDCG: 0.0105-0.014-0.0192-0.0244 MRR: 0.0079-0.009-0.0099-0.0104
[Test]: Precision: 0.0025-0.002-0.0014-0.001 Recall: 0.0219-0.0362-0.0632-0.091 NDCG: 0.0109-0.0145-0.02-0.0246 MRR: 0.0083-0.0093-0.0102-0.0107
------------------------------------------------------
------------------------------------------------------
Runing Epoch 382 valid loss 328.1128 costs 00: 00: 12
[Valid]: Precision: 0.0032-0.0028-0.002-0.0015 Recall: 0.0152-0.0283-0.0459-0.0666 NDCG: 0.0094-0.013-0.0171-0.0211 MRR: 0.0113-0.0129-0.014-0.0145
[Test]: Precision: 0.0031-0.0026-0.002-0.0015 Recall: 0.0158-0.0265-0.0488-0.0722 NDCG: 0.0095-0.0125-0.0176-0.0221 MRR: 0.0109-0.0123-0.0136-0.0143
------------------------------------------------------
ood testing
[Valid]: Precision: 0.0024-0.002-0.0014-0.0011 Recall: 0.0213-0.035-0.0606-0.0916 NDCG: 0.0105-0.014-0.0192-0.0244 MRR: 0.0079-0.009-0.0099-0.0104
[Test]: Precision: 0.0025-0.002-0.0014-0.001 Recall: 0.0219-0.0362-0.0631-0.091 NDCG: 0.0109-0.0145-0.0199-0.0246 MRR: 0.0083-0.0093-0.0102-0.0107
------------------------------------------------------
------------------------------------------------------
Runing Epoch 383 valid loss 328.1193 costs 00: 00: 16
[Valid]: Precision: 0.0032-0.0028-0.002-0.0015 Recall: 0.0152-0.0283-0.0458-0.0667 NDCG: 0.0094-0.013-0.0171-0.0211 MRR: 0.0113-0.0129-0.014-0.0145
[Test]: Precision: 0.0031-0.0026-0.002-0.0015 Recall: 0.0158-0.0265-0.0491-0.0723 NDCG: 0.0095-0.0125-0.0177-0.0222 MRR: 0.0109-0.0123-0.0136-0.0143
------------------------------------------------------
ood testing
[Valid]: Precision: 0.0024-0.002-0.0014-0.0011 Recall: 0.0213-0.035-0.0608-0.0916 NDCG: 0.0105-0.014-0.0192-0.0244 MRR: 0.0079-0.009-0.0099-0.0104
[Test]: Precision: 0.0025-0.002-0.0014-0.001 Recall: 0.0219-0.0362-0.0632-0.091 NDCG: 0.0109-0.0145-0.02-0.0246 MRR: 0.0083-0.0093-0.0102-0.0107
------------------------------------------------------
------------------------------------------------------
Runing Epoch 384 valid loss 328.1074 costs 00: 00: 13
[Valid]: Precision: 0.0032-0.0028-0.002-0.0015 Recall: 0.0152-0.0283-0.0458-0.0666 NDCG: 0.0094-0.013-0.0171-0.0211 MRR: 0.0113-0.0129-0.014-0.0145
[Test]: Precision: 0.0031-0.0026-0.002-0.0015 Recall: 0.0158-0.0265-0.0491-0.0725 NDCG: 0.0095-0.0125-0.0177-0.0222 MRR: 0.0109-0.0123-0.0136-0.0143
------------------------------------------------------
ood testing
[Valid]: Precision: 0.0024-0.002-0.0014-0.0011 Recall: 0.0213-0.035-0.0606-0.0918 NDCG: 0.0105-0.014-0.0192-0.0244 MRR: 0.0079-0.009-0.0099-0.0104
[Test]: Precision: 0.0025-0.002-0.0014-0.001 Recall: 0.0219-0.0362-0.0631-0.091 NDCG: 0.0109-0.0145-0.0199-0.0246 MRR: 0.0083-0.0093-0.0102-0.0107
------------------------------------------------------
------------------------------------------------------
Runing Epoch 385 valid loss 328.1110 costs 00: 00: 12
[Valid]: Precision: 0.0032-0.0028-0.002-0.0015 Recall: 0.0152-0.0283-0.0458-0.0666 NDCG: 0.0094-0.013-0.0171-0.0211 MRR: 0.0113-0.0129-0.014-0.0145
[Test]: Precision: 0.0031-0.0026-0.002-0.0015 Recall: 0.0158-0.0265-0.0491-0.0725 NDCG: 0.0095-0.0125-0.0177-0.0222 MRR: 0.0109-0.0123-0.0136-0.0143
------------------------------------------------------
ood testing
[Valid]: Precision: 0.0024-0.002-0.0014-0.0011 Recall: 0.0213-0.035-0.0606-0.0917 NDCG: 0.0105-0.014-0.0192-0.0244 MRR: 0.0079-0.009-0.0099-0.0104
[Test]: Precision: 0.0025-0.002-0.0014-0.001 Recall: 0.0219-0.0362-0.0631-0.091 NDCG: 0.0109-0.0145-0.0199-0.0246 MRR: 0.0083-0.0093-0.0102-0.0107
------------------------------------------------------
------------------------------------------------------
Runing Epoch 386 valid loss 328.1136 costs 00: 00: 12
[Valid]: Precision: 0.0032-0.0028-0.002-0.0015 Recall: 0.0152-0.0283-0.0457-0.0666 NDCG: 0.0094-0.013-0.0171-0.0211 MRR: 0.0113-0.0129-0.014-0.0145
[Test]: Precision: 0.0031-0.0026-0.002-0.0015 Recall: 0.0158-0.0265-0.0488-0.0725 NDCG: 0.0095-0.0125-0.0176-0.0222 MRR: 0.0109-0.0123-0.0136-0.0143
------------------------------------------------------
ood testing
[Valid]: Precision: 0.0024-0.002-0.0014-0.0011 Recall: 0.0213-0.035-0.0605-0.0917 NDCG: 0.0105-0.014-0.0192-0.0244 MRR: 0.0079-0.009-0.0099-0.0104
[Test]: Precision: 0.0025-0.002-0.0014-0.001 Recall: 0.0219-0.0362-0.063-0.091 NDCG: 0.0109-0.0145-0.0199-0.0246 MRR: 0.0083-0.0093-0.0102-0.0107
------------------------------------------------------
------------------------------------------------------
Runing Epoch 387 valid loss 328.1058 costs 00: 00: 13
[Valid]: Precision: 0.0032-0.0028-0.002-0.0015 Recall: 0.0152-0.0283-0.0459-0.0667 NDCG: 0.0094-0.013-0.0171-0.0211 MRR: 0.0113-0.0129-0.014-0.0145
[Test]: Precision: 0.0031-0.0026-0.002-0.0015 Recall: 0.0158-0.0265-0.0488-0.0726 NDCG: 0.0095-0.0125-0.0176-0.0222 MRR: 0.0109-0.0123-0.0136-0.0143
------------------------------------------------------
ood testing
[Valid]: Precision: 0.0024-0.002-0.0014-0.0011 Recall: 0.0213-0.035-0.0606-0.0916 NDCG: 0.0105-0.014-0.0192-0.0244 MRR: 0.0079-0.009-0.0099-0.0104
[Test]: Precision: 0.0025-0.002-0.0014-0.001 Recall: 0.0219-0.0362-0.0631-0.0909 NDCG: 0.0109-0.0145-0.0199-0.0246 MRR: 0.0083-0.0093-0.0102-0.0107
------------------------------------------------------
------------------------------------------------------
Runing Epoch 388 valid loss 328.1118 costs 00: 00: 12
[Valid]: Precision: 0.0032-0.0028-0.002-0.0015 Recall: 0.0152-0.0283-0.0459-0.0666 NDCG: 0.0094-0.013-0.0171-0.0211 MRR: 0.0113-0.0129-0.014-0.0145
[Test]: Precision: 0.0031-0.0026-0.002-0.0015 Recall: 0.0158-0.0265-0.0488-0.0725 NDCG: 0.0095-0.0125-0.0176-0.0222 MRR: 0.0109-0.0123-0.0136-0.0143
------------------------------------------------------
ood testing
[Valid]: Precision: 0.0024-0.002-0.0014-0.0011 Recall: 0.0213-0.035-0.0606-0.0917 NDCG: 0.0105-0.014-0.0192-0.0244 MRR: 0.0079-0.009-0.0099-0.0104
[Test]: Precision: 0.0025-0.002-0.0014-0.001 Recall: 0.0219-0.0362-0.0632-0.091 NDCG: 0.0109-0.0145-0.02-0.0246 MRR: 0.0083-0.0093-0.0102-0.0107
------------------------------------------------------
------------------------------------------------------
Runing Epoch 389 valid loss 328.1155 costs 00: 00: 12
[Valid]: Precision: 0.0032-0.0028-0.002-0.0015 Recall: 0.0152-0.0283-0.0458-0.0665 NDCG: 0.0094-0.013-0.0171-0.0211 MRR: 0.0113-0.0129-0.014-0.0145
[Test]: Precision: 0.0031-0.0026-0.002-0.0015 Recall: 0.0158-0.0265-0.0489-0.0724 NDCG: 0.0095-0.0125-0.0176-0.0222 MRR: 0.0109-0.0123-0.0136-0.0143
------------------------------------------------------
ood testing
[Valid]: Precision: 0.0024-0.002-0.0014-0.0011 Recall: 0.0213-0.035-0.0607-0.0917 NDCG: 0.0105-0.014-0.0192-0.0244 MRR: 0.0079-0.009-0.0099-0.0104
[Test]: Precision: 0.0025-0.002-0.0014-0.001 Recall: 0.0219-0.0362-0.0631-0.091 NDCG: 0.0109-0.0145-0.0199-0.0246 MRR: 0.0083-0.0093-0.0102-0.0107
------------------------------------------------------
------------------------------------------------------
Runing Epoch 390 valid loss 328.1118 costs 00: 00: 17
[Valid]: Precision: 0.0032-0.0028-0.002-0.0015 Recall: 0.0152-0.0283-0.0459-0.0666 NDCG: 0.0094-0.013-0.0171-0.0211 MRR: 0.0113-0.0129-0.014-0.0145
[Test]: Precision: 0.0031-0.0026-0.002-0.0015 Recall: 0.0158-0.0265-0.049-0.0725 NDCG: 0.0095-0.0125-0.0176-0.0222 MRR: 0.0109-0.0123-0.0136-0.0143
------------------------------------------------------
ood testing
[Valid]: Precision: 0.0024-0.002-0.0014-0.0011 Recall: 0.0213-0.035-0.0606-0.0917 NDCG: 0.0105-0.014-0.0192-0.0244 MRR: 0.0079-0.009-0.0099-0.0104
[Test]: Precision: 0.0025-0.002-0.0014-0.001 Recall: 0.0219-0.0362-0.0632-0.091 NDCG: 0.0109-0.0145-0.02-0.0246 MRR: 0.0083-0.0093-0.0102-0.0107
------------------------------------------------------
------------------------------------------------------
Runing Epoch 391 valid loss 328.1096 costs 00: 00: 13
[Valid]: Precision: 0.0032-0.0028-0.002-0.0015 Recall: 0.0152-0.0283-0.0458-0.0665 NDCG: 0.0094-0.013-0.0171-0.0211 MRR: 0.0113-0.0129-0.014-0.0145
[Test]: Precision: 0.0031-0.0026-0.002-0.0015 Recall: 0.0158-0.0265-0.0488-0.0725 NDCG: 0.0095-0.0125-0.0176-0.0222 MRR: 0.0109-0.0123-0.0136-0.0143
------------------------------------------------------
ood testing
[Valid]: Precision: 0.0024-0.002-0.0014-0.0011 Recall: 0.0213-0.035-0.0605-0.0917 NDCG: 0.0105-0.014-0.0192-0.0244 MRR: 0.0079-0.009-0.0099-0.0104
[Test]: Precision: 0.0025-0.002-0.0014-0.001 Recall: 0.0219-0.0362-0.0631-0.091 NDCG: 0.0109-0.0145-0.0199-0.0246 MRR: 0.0083-0.0093-0.0102-0.0107
------------------------------------------------------
------------------------------------------------------
Runing Epoch 392 valid loss 328.1144 costs 00: 00: 12
[Valid]: Precision: 0.0032-0.0028-0.002-0.0015 Recall: 0.0152-0.0283-0.0457-0.0666 NDCG: 0.0094-0.013-0.0171-0.0211 MRR: 0.0113-0.0129-0.014-0.0145
[Test]: Precision: 0.0031-0.0026-0.002-0.0015 Recall: 0.0158-0.0265-0.0487-0.0726 NDCG: 0.0095-0.0125-0.0176-0.0222 MRR: 0.0109-0.0123-0.0136-0.0143
------------------------------------------------------
ood testing
[Valid]: Precision: 0.0024-0.002-0.0014-0.0011 Recall: 0.0213-0.035-0.0606-0.0916 NDCG: 0.0105-0.014-0.0192-0.0244 MRR: 0.0079-0.009-0.0099-0.0104
[Test]: Precision: 0.0025-0.002-0.0014-0.001 Recall: 0.0219-0.0362-0.0629-0.0909 NDCG: 0.0109-0.0145-0.0199-0.0246 MRR: 0.0083-0.0093-0.0102-0.0107
------------------------------------------------------
------------------------------------------------------
Runing Epoch 393 valid loss 328.1154 costs 00: 00: 16
[Valid]: Precision: 0.0032-0.0028-0.002-0.0015 Recall: 0.0152-0.0283-0.0458-0.0667 NDCG: 0.0094-0.013-0.0171-0.0211 MRR: 0.0113-0.0129-0.014-0.0145
[Test]: Precision: 0.0031-0.0026-0.002-0.0015 Recall: 0.0158-0.0265-0.0488-0.0724 NDCG: 0.0095-0.0125-0.0176-0.0222 MRR: 0.0109-0.0123-0.0136-0.0143
------------------------------------------------------
ood testing
[Valid]: Precision: 0.0024-0.002-0.0014-0.0011 Recall: 0.0213-0.035-0.0605-0.0914 NDCG: 0.0105-0.014-0.0192-0.0244 MRR: 0.0079-0.009-0.0099-0.0104
[Test]: Precision: 0.0025-0.002-0.0014-0.001 Recall: 0.0219-0.0362-0.0631-0.0907 NDCG: 0.0109-0.0145-0.0199-0.0245 MRR: 0.0083-0.0093-0.0102-0.0107
------------------------------------------------------
------------------------------------------------------
Runing Epoch 394 valid loss 328.1141 costs 00: 00: 13
[Valid]: Precision: 0.0032-0.0028-0.002-0.0015 Recall: 0.0152-0.0283-0.0458-0.0667 NDCG: 0.0094-0.013-0.0171-0.0211 MRR: 0.0113-0.0129-0.014-0.0145
[Test]: Precision: 0.0031-0.0026-0.0019-0.0015 Recall: 0.0158-0.0265-0.0487-0.0725 NDCG: 0.0095-0.0125-0.0176-0.0222 MRR: 0.0109-0.0123-0.0136-0.0143
------------------------------------------------------
ood testing
[Valid]: Precision: 0.0024-0.002-0.0014-0.0011 Recall: 0.0213-0.035-0.0607-0.0916 NDCG: 0.0105-0.014-0.0192-0.0244 MRR: 0.0079-0.009-0.0099-0.0104
[Test]: Precision: 0.0025-0.002-0.0014-0.001 Recall: 0.0219-0.0362-0.0631-0.0909 NDCG: 0.0109-0.0145-0.0199-0.0246 MRR: 0.0083-0.0093-0.0102-0.0107
------------------------------------------------------
------------------------------------------------------
Runing Epoch 395 valid loss 328.1041 costs 00: 00: 12
[Valid]: Precision: 0.0032-0.0028-0.002-0.0015 Recall: 0.0152-0.0283-0.0457-0.0666 NDCG: 0.0094-0.013-0.0171-0.0211 MRR: 0.0113-0.0129-0.014-0.0145
[Test]: Precision: 0.0031-0.0026-0.002-0.0015 Recall: 0.0158-0.0265-0.0488-0.0725 NDCG: 0.0095-0.0125-0.0176-0.0222 MRR: 0.0109-0.0123-0.0136-0.0143
------------------------------------------------------
ood testing
[Valid]: Precision: 0.0024-0.002-0.0014-0.0011 Recall: 0.0213-0.035-0.0605-0.0918 NDCG: 0.0105-0.014-0.0192-0.0244 MRR: 0.0079-0.009-0.0099-0.0104
[Test]: Precision: 0.0025-0.002-0.0014-0.001 Recall: 0.0219-0.0362-0.063-0.0911 NDCG: 0.0109-0.0145-0.0199-0.0246 MRR: 0.0083-0.0093-0.0102-0.0107
------------------------------------------------------
------------------------------------------------------
Runing Epoch 396 valid loss 328.1154 costs 00: 00: 16
[Valid]: Precision: 0.0032-0.0028-0.002-0.0015 Recall: 0.0152-0.0283-0.0458-0.0666 NDCG: 0.0094-0.013-0.0171-0.0211 MRR: 0.0113-0.0129-0.014-0.0145
[Test]: Precision: 0.0031-0.0026-0.0019-0.0015 Recall: 0.0158-0.0265-0.0487-0.0725 NDCG: 0.0095-0.0125-0.0176-0.0222 MRR: 0.0109-0.0123-0.0136-0.0143
------------------------------------------------------
ood testing
[Valid]: Precision: 0.0024-0.002-0.0014-0.0011 Recall: 0.0213-0.035-0.0607-0.0918 NDCG: 0.0105-0.014-0.0192-0.0244 MRR: 0.0079-0.009-0.0099-0.0104
[Test]: Precision: 0.0025-0.002-0.0014-0.001 Recall: 0.0219-0.0362-0.063-0.091 NDCG: 0.0109-0.0145-0.0199-0.0246 MRR: 0.0083-0.0093-0.0102-0.0107
------------------------------------------------------
------------------------------------------------------
Runing Epoch 397 valid loss 328.1173 costs 00: 00: 13
[Valid]: Precision: 0.0032-0.0028-0.002-0.0015 Recall: 0.0152-0.0283-0.0457-0.0666 NDCG: 0.0094-0.013-0.0171-0.0211 MRR: 0.0113-0.0129-0.014-0.0145
[Test]: Precision: 0.0031-0.0026-0.002-0.0015 Recall: 0.0158-0.0265-0.0487-0.0723 NDCG: 0.0095-0.0125-0.0176-0.0222 MRR: 0.0109-0.0123-0.0136-0.0143
------------------------------------------------------
ood testing
[Valid]: Precision: 0.0024-0.002-0.0014-0.0011 Recall: 0.0213-0.035-0.0606-0.0916 NDCG: 0.0105-0.014-0.0192-0.0244 MRR: 0.0079-0.009-0.0099-0.0104
[Test]: Precision: 0.0025-0.002-0.0014-0.001 Recall: 0.0219-0.0362-0.0629-0.0912 NDCG: 0.0109-0.0145-0.0199-0.0246 MRR: 0.0083-0.0093-0.0102-0.0107
------------------------------------------------------
------------------------------------------------------
Runing Epoch 398 valid loss 328.1108 costs 00: 00: 12
[Valid]: Precision: 0.0032-0.0028-0.002-0.0015 Recall: 0.0152-0.0283-0.0457-0.0667 NDCG: 0.0094-0.013-0.0171-0.0211 MRR: 0.0113-0.0129-0.014-0.0145
[Test]: Precision: 0.0031-0.0026-0.002-0.0015 Recall: 0.0158-0.0265-0.0488-0.0724 NDCG: 0.0095-0.0125-0.0176-0.0222 MRR: 0.0109-0.0123-0.0136-0.0143
------------------------------------------------------
ood testing
[Valid]: Precision: 0.0024-0.002-0.0014-0.0011 Recall: 0.0213-0.035-0.0605-0.0916 NDCG: 0.0105-0.014-0.0192-0.0244 MRR: 0.0079-0.009-0.0099-0.0104
[Test]: Precision: 0.0025-0.002-0.0014-0.001 Recall: 0.0219-0.0362-0.0631-0.0913 NDCG: 0.0109-0.0145-0.0199-0.0246 MRR: 0.0083-0.0093-0.0102-0.0107
------------------------------------------------------
------------------------------------------------------
Runing Epoch 399 valid loss 328.1095 costs 00: 00: 12
[Valid]: Precision: 0.0032-0.0028-0.002-0.0015 Recall: 0.0152-0.0283-0.0457-0.0666 NDCG: 0.0094-0.013-0.0171-0.0211 MRR: 0.0113-0.0129-0.014-0.0145
[Test]: Precision: 0.0031-0.0026-0.002-0.0015 Recall: 0.0158-0.0265-0.0488-0.0724 NDCG: 0.0095-0.0125-0.0176-0.0222 MRR: 0.0109-0.0123-0.0136-0.0143
------------------------------------------------------
ood testing
[Valid]: Precision: 0.0024-0.002-0.0014-0.0011 Recall: 0.0213-0.035-0.0605-0.0916 NDCG: 0.0105-0.014-0.0192-0.0244 MRR: 0.0079-0.009-0.0099-0.0104
[Test]: Precision: 0.0025-0.002-0.0014-0.001 Recall: 0.0219-0.0362-0.0631-0.0911 NDCG: 0.0109-0.0145-0.0199-0.0246 MRR: 0.0083-0.0093-0.0102-0.0107
------------------------------------------------------
------------------------------------------------------
Runing Epoch 400 valid loss 328.1098 costs 00: 00: 13
[Valid]: Precision: 0.0032-0.0028-0.002-0.0015 Recall: 0.0152-0.0283-0.0457-0.0668 NDCG: 0.0094-0.013-0.0171-0.0211 MRR: 0.0113-0.0129-0.014-0.0145
[Test]: Precision: 0.0031-0.0026-0.002-0.0015 Recall: 0.0158-0.0265-0.0487-0.0723 NDCG: 0.0095-0.0125-0.0176-0.0222 MRR: 0.0109-0.0123-0.0136-0.0143
------------------------------------------------------
ood testing
[Valid]: Precision: 0.0024-0.002-0.0014-0.0011 Recall: 0.0213-0.035-0.0606-0.0916 NDCG: 0.0105-0.014-0.0192-0.0244 MRR: 0.0079-0.009-0.0099-0.0104
[Test]: Precision: 0.0025-0.002-0.0014-0.001 Recall: 0.0219-0.0362-0.0629-0.0912 NDCG: 0.0109-0.0145-0.0199-0.0246 MRR: 0.0083-0.0093-0.0102-0.0107
------------------------------------------------------
------------------------------------------------------
Runing Epoch 401 valid loss 328.1062 costs 00: 00: 12
[Valid]: Precision: 0.0032-0.0028-0.002-0.0015 Recall: 0.0152-0.0283-0.0459-0.0667 NDCG: 0.0094-0.013-0.0171-0.0211 MRR: 0.0113-0.0129-0.014-0.0145
[Test]: Precision: 0.0031-0.0026-0.002-0.0015 Recall: 0.0158-0.0265-0.049-0.0724 NDCG: 0.0095-0.0125-0.0176-0.0222 MRR: 0.0109-0.0123-0.0136-0.0143
------------------------------------------------------
ood testing
[Valid]: Precision: 0.0024-0.002-0.0014-0.0011 Recall: 0.0213-0.035-0.0607-0.0916 NDCG: 0.0105-0.014-0.0192-0.0244 MRR: 0.0079-0.009-0.0099-0.0104
[Test]: Precision: 0.0025-0.002-0.0014-0.001 Recall: 0.0219-0.0362-0.0629-0.0911 NDCG: 0.0109-0.0145-0.0199-0.0246 MRR: 0.0083-0.0093-0.0102-0.0107
------------------------------------------------------
------------------------------------------------------
Runing Epoch 402 valid loss 328.1188 costs 00: 00: 17
[Valid]: Precision: 0.0032-0.0028-0.002-0.0015 Recall: 0.0152-0.0283-0.0457-0.0668 NDCG: 0.0094-0.013-0.0171-0.0211 MRR: 0.0113-0.0129-0.014-0.0145
[Test]: Precision: 0.0031-0.0026-0.002-0.0015 Recall: 0.0158-0.0265-0.0488-0.0723 NDCG: 0.0095-0.0125-0.0176-0.0222 MRR: 0.0109-0.0123-0.0136-0.0143
------------------------------------------------------
ood testing
[Valid]: Precision: 0.0024-0.002-0.0014-0.0011 Recall: 0.0213-0.035-0.0605-0.0915 NDCG: 0.0105-0.014-0.0192-0.0244 MRR: 0.0079-0.009-0.0099-0.0104
[Test]: Precision: 0.0025-0.002-0.0014-0.001 Recall: 0.0219-0.0362-0.0631-0.0911 NDCG: 0.0109-0.0145-0.0199-0.0246 MRR: 0.0083-0.0093-0.0102-0.0107
------------------------------------------------------
------------------------------------------------------
Runing Epoch 403 valid loss 328.1061 costs 00: 00: 14
[Valid]: Precision: 0.0032-0.0028-0.002-0.0015 Recall: 0.0152-0.0283-0.0459-0.0666 NDCG: 0.0094-0.013-0.0171-0.0211 MRR: 0.0113-0.0129-0.014-0.0145
[Test]: Precision: 0.0031-0.0026-0.002-0.0015 Recall: 0.0158-0.0265-0.049-0.0724 NDCG: 0.0095-0.0125-0.0176-0.0222 MRR: 0.0109-0.0123-0.0136-0.0143
------------------------------------------------------
ood testing
[Valid]: Precision: 0.0024-0.002-0.0014-0.0011 Recall: 0.0213-0.035-0.0606-0.0916 NDCG: 0.0105-0.014-0.0192-0.0244 MRR: 0.0079-0.009-0.0099-0.0104
[Test]: Precision: 0.0025-0.002-0.0014-0.001 Recall: 0.0219-0.0362-0.0632-0.0911 NDCG: 0.0109-0.0145-0.02-0.0246 MRR: 0.0083-0.0093-0.0102-0.0107
------------------------------------------------------
------------------------------------------------------
Runing Epoch 404 valid loss 328.1041 costs 00: 00: 14
[Valid]: Precision: 0.0032-0.0028-0.002-0.0015 Recall: 0.0152-0.0283-0.0457-0.0668 NDCG: 0.0094-0.013-0.0171-0.0211 MRR: 0.0113-0.0129-0.014-0.0145
[Test]: Precision: 0.0031-0.0026-0.002-0.0015 Recall: 0.0158-0.0265-0.0487-0.0724 NDCG: 0.0095-0.0125-0.0176-0.0222 MRR: 0.0109-0.0123-0.0136-0.0143
------------------------------------------------------
ood testing
[Valid]: Precision: 0.0024-0.002-0.0014-0.0011 Recall: 0.0213-0.035-0.0606-0.0914 NDCG: 0.0105-0.014-0.0192-0.0243 MRR: 0.0079-0.009-0.0099-0.0104
[Test]: Precision: 0.0025-0.002-0.0014-0.001 Recall: 0.0219-0.0362-0.0629-0.091 NDCG: 0.0109-0.0145-0.0199-0.0246 MRR: 0.0083-0.0093-0.0102-0.0107
------------------------------------------------------
------------------------------------------------------
Runing Epoch 405 valid loss 328.1153 costs 00: 00: 13
[Valid]: Precision: 0.0032-0.0028-0.002-0.0015 Recall: 0.0152-0.0283-0.0457-0.0668 NDCG: 0.0094-0.013-0.0171-0.0211 MRR: 0.0113-0.0129-0.014-0.0145
[Test]: Precision: 0.0031-0.0026-0.002-0.0015 Recall: 0.0158-0.0265-0.0487-0.0725 NDCG: 0.0095-0.0125-0.0176-0.0222 MRR: 0.0109-0.0123-0.0136-0.0143
------------------------------------------------------
ood testing
[Valid]: Precision: 0.0024-0.002-0.0014-0.0011 Recall: 0.0213-0.035-0.0606-0.0916 NDCG: 0.0105-0.014-0.0192-0.0244 MRR: 0.0079-0.009-0.0099-0.0104
[Test]: Precision: 0.0025-0.002-0.0014-0.001 Recall: 0.0219-0.0362-0.0629-0.0912 NDCG: 0.0109-0.0145-0.0199-0.0246 MRR: 0.0083-0.0093-0.0102-0.0107
------------------------------------------------------
------------------------------------------------------
Runing Epoch 406 valid loss 328.1161 costs 00: 00: 14
[Valid]: Precision: 0.0032-0.0028-0.002-0.0015 Recall: 0.0152-0.0283-0.0457-0.0668 NDCG: 0.0094-0.013-0.0171-0.0211 MRR: 0.0113-0.0129-0.014-0.0145
[Test]: Precision: 0.0031-0.0026-0.0019-0.0015 Recall: 0.0158-0.0265-0.0487-0.0725 NDCG: 0.0095-0.0125-0.0176-0.0222 MRR: 0.0109-0.0123-0.0136-0.0143
------------------------------------------------------
ood testing
[Valid]: Precision: 0.0024-0.002-0.0014-0.0011 Recall: 0.0213-0.035-0.0606-0.0915 NDCG: 0.0105-0.014-0.0192-0.0244 MRR: 0.0079-0.009-0.0099-0.0104
[Test]: Precision: 0.0025-0.002-0.0014-0.001 Recall: 0.0219-0.0362-0.0629-0.0911 NDCG: 0.0109-0.0145-0.0199-0.0246 MRR: 0.0083-0.0093-0.0102-0.0107
------------------------------------------------------
------------------------------------------------------
Runing Epoch 407 valid loss 328.1100 costs 00: 00: 14
[Valid]: Precision: 0.0032-0.0028-0.002-0.0015 Recall: 0.0152-0.0283-0.0457-0.0668 NDCG: 0.0094-0.013-0.0171-0.0211 MRR: 0.0113-0.0129-0.014-0.0145
[Test]: Precision: 0.0031-0.0026-0.0019-0.0015 Recall: 0.0158-0.0265-0.0487-0.0725 NDCG: 0.0095-0.0125-0.0176-0.0222 MRR: 0.0109-0.0123-0.0136-0.0143
------------------------------------------------------
ood testing
[Valid]: Precision: 0.0024-0.002-0.0014-0.0011 Recall: 0.0213-0.035-0.0606-0.0914 NDCG: 0.0105-0.014-0.0192-0.0243 MRR: 0.0079-0.009-0.0099-0.0104
[Test]: Precision: 0.0025-0.002-0.0014-0.001 Recall: 0.0219-0.0362-0.0629-0.091 NDCG: 0.0109-0.0145-0.0199-0.0246 MRR: 0.0083-0.0093-0.0102-0.0107
------------------------------------------------------
------------------------------------------------------
Runing Epoch 408 valid loss 328.1123 costs 00: 00: 14
[Valid]: Precision: 0.0032-0.0028-0.002-0.0015 Recall: 0.0152-0.0283-0.0457-0.0668 NDCG: 0.0094-0.013-0.0171-0.0211 MRR: 0.0113-0.0129-0.014-0.0145
[Test]: Precision: 0.0031-0.0026-0.002-0.0015 Recall: 0.0158-0.0265-0.0488-0.0723 NDCG: 0.0095-0.0125-0.0176-0.0222 MRR: 0.0109-0.0123-0.0136-0.0143
------------------------------------------------------
ood testing
[Valid]: Precision: 0.0024-0.002-0.0014-0.0011 Recall: 0.0213-0.035-0.0606-0.0915 NDCG: 0.0105-0.014-0.0192-0.0244 MRR: 0.0079-0.009-0.0099-0.0104
[Test]: Precision: 0.0025-0.002-0.0014-0.001 Recall: 0.0219-0.0362-0.0629-0.0911 NDCG: 0.0109-0.0145-0.0199-0.0246 MRR: 0.0083-0.0093-0.0102-0.0107
------------------------------------------------------
------------------------------------------------------
Runing Epoch 409 valid loss 328.1153 costs 00: 00: 14
[Valid]: Precision: 0.0032-0.0028-0.002-0.0015 Recall: 0.0152-0.0283-0.0457-0.0668 NDCG: 0.0094-0.013-0.0171-0.0211 MRR: 0.0113-0.0129-0.014-0.0145
[Test]: Precision: 0.0031-0.0026-0.002-0.0015 Recall: 0.0158-0.0265-0.0489-0.0723 NDCG: 0.0095-0.0125-0.0176-0.0222 MRR: 0.0109-0.0123-0.0136-0.0143
------------------------------------------------------
ood testing
[Valid]: Precision: 0.0024-0.002-0.0014-0.0011 Recall: 0.0213-0.035-0.0606-0.0915 NDCG: 0.0105-0.014-0.0192-0.0244 MRR: 0.0079-0.009-0.0099-0.0104
[Test]: Precision: 0.0025-0.002-0.0014-0.001 Recall: 0.0219-0.0362-0.0629-0.0911 NDCG: 0.0109-0.0145-0.0199-0.0246 MRR: 0.0083-0.0093-0.0102-0.0107
------------------------------------------------------
------------------------------------------------------
Runing Epoch 410 valid loss 328.1074 costs 00: 00: 13
[Valid]: Precision: 0.0032-0.0028-0.002-0.0015 Recall: 0.0152-0.0283-0.0459-0.0668 NDCG: 0.0094-0.013-0.0171-0.0211 MRR: 0.0113-0.0129-0.014-0.0145
[Test]: Precision: 0.0031-0.0026-0.002-0.0015 Recall: 0.0158-0.0265-0.0492-0.0723 NDCG: 0.0095-0.0125-0.0177-0.0222 MRR: 0.0109-0.0123-0.0136-0.0143
------------------------------------------------------
ood testing
[Valid]: Precision: 0.0024-0.002-0.0014-0.0011 Recall: 0.0213-0.035-0.0607-0.0916 NDCG: 0.0105-0.014-0.0192-0.0244 MRR: 0.0079-0.009-0.0099-0.0104
[Test]: Precision: 0.0025-0.002-0.0014-0.001 Recall: 0.0219-0.0362-0.0629-0.0911 NDCG: 0.0109-0.0145-0.0199-0.0246 MRR: 0.0083-0.0093-0.0102-0.0107
------------------------------------------------------
------------------------------------------------------
Runing Epoch 411 valid loss 328.1096 costs 00: 00: 13
[Valid]: Precision: 0.0032-0.0028-0.002-0.0015 Recall: 0.0152-0.0283-0.0459-0.0666 NDCG: 0.0094-0.013-0.0171-0.0211 MRR: 0.0113-0.0129-0.014-0.0145
[Test]: Precision: 0.0031-0.0026-0.002-0.0015 Recall: 0.0158-0.0265-0.049-0.0723 NDCG: 0.0095-0.0125-0.0176-0.0222 MRR: 0.0109-0.0123-0.0136-0.0143
------------------------------------------------------
ood testing
[Valid]: Precision: 0.0024-0.002-0.0014-0.0011 Recall: 0.0213-0.035-0.0607-0.0915 NDCG: 0.0105-0.014-0.0192-0.0244 MRR: 0.0079-0.009-0.0099-0.0104
[Test]: Precision: 0.0025-0.002-0.0014-0.001 Recall: 0.0219-0.0362-0.0629-0.091 NDCG: 0.0109-0.0145-0.0199-0.0246 MRR: 0.0083-0.0093-0.0102-0.0107
------------------------------------------------------
------------------------------------------------------
Runing Epoch 412 valid loss 328.1195 costs 00: 00: 13
[Valid]: Precision: 0.0032-0.0028-0.002-0.0015 Recall: 0.0152-0.0283-0.0459-0.0666 NDCG: 0.0094-0.013-0.0171-0.0211 MRR: 0.0113-0.0129-0.014-0.0145
[Test]: Precision: 0.0031-0.0026-0.002-0.0015 Recall: 0.0158-0.0265-0.0492-0.0724 NDCG: 0.0095-0.0125-0.0177-0.0222 MRR: 0.0109-0.0123-0.0136-0.0143
------------------------------------------------------
ood testing
[Valid]: Precision: 0.0024-0.002-0.0014-0.0011 Recall: 0.0213-0.035-0.0608-0.0915 NDCG: 0.0105-0.014-0.0192-0.0244 MRR: 0.0079-0.009-0.0099-0.0104
[Test]: Precision: 0.0025-0.002-0.0014-0.001 Recall: 0.0219-0.0362-0.0629-0.0909 NDCG: 0.0109-0.0145-0.0199-0.0246 MRR: 0.0083-0.0093-0.0102-0.0107
------------------------------------------------------
------------------------------------------------------
Runing Epoch 413 valid loss 328.1160 costs 00: 00: 13
[Valid]: Precision: 0.0032-0.0028-0.002-0.0015 Recall: 0.0152-0.0283-0.0459-0.0668 NDCG: 0.0094-0.013-0.0171-0.0211 MRR: 0.0113-0.0129-0.014-0.0145
[Test]: Precision: 0.0031-0.0026-0.002-0.0015 Recall: 0.0158-0.0265-0.049-0.0725 NDCG: 0.0095-0.0125-0.0176-0.0222 MRR: 0.0109-0.0123-0.0136-0.0143
------------------------------------------------------
ood testing
[Valid]: Precision: 0.0024-0.002-0.0014-0.0011 Recall: 0.0213-0.035-0.0608-0.0915 NDCG: 0.0105-0.014-0.0192-0.0244 MRR: 0.0079-0.009-0.0099-0.0104
[Test]: Precision: 0.0025-0.002-0.0014-0.001 Recall: 0.0219-0.0362-0.0629-0.0911 NDCG: 0.0109-0.0145-0.0199-0.0246 MRR: 0.0083-0.0093-0.0102-0.0107
------------------------------------------------------
------------------------------------------------------
Runing Epoch 414 valid loss 328.1056 costs 00: 00: 14
[Valid]: Precision: 0.0032-0.0028-0.002-0.0015 Recall: 0.0152-0.0283-0.0459-0.0666 NDCG: 0.0094-0.013-0.0171-0.0211 MRR: 0.0113-0.0129-0.014-0.0145
[Test]: Precision: 0.0031-0.0026-0.002-0.0015 Recall: 0.0158-0.0265-0.049-0.0724 NDCG: 0.0095-0.0125-0.0176-0.0222 MRR: 0.0109-0.0123-0.0136-0.0143
------------------------------------------------------
ood testing
[Valid]: Precision: 0.0024-0.002-0.0014-0.0011 Recall: 0.0213-0.035-0.0607-0.0915 NDCG: 0.0105-0.014-0.0192-0.0244 MRR: 0.0079-0.009-0.0099-0.0104
[Test]: Precision: 0.0025-0.002-0.0014-0.001 Recall: 0.0219-0.0362-0.0629-0.091 NDCG: 0.0109-0.0145-0.0199-0.0246 MRR: 0.0083-0.0093-0.0102-0.0107
------------------------------------------------------
------------------------------------------------------
Runing Epoch 415 valid loss 328.1085 costs 00: 00: 13
[Valid]: Precision: 0.0032-0.0028-0.002-0.0015 Recall: 0.0152-0.0283-0.0459-0.0666 NDCG: 0.0094-0.013-0.0171-0.0211 MRR: 0.0112-0.0128-0.0139-0.0144
[Test]: Precision: 0.0031-0.0026-0.002-0.0015 Recall: 0.0158-0.0265-0.049-0.0724 NDCG: 0.0094-0.0125-0.0176-0.0221 MRR: 0.0108-0.0122-0.0135-0.0142
------------------------------------------------------
ood testing
[Valid]: Precision: 0.0024-0.002-0.0014-0.0011 Recall: 0.0213-0.035-0.0607-0.0916 NDCG: 0.0105-0.0141-0.0193-0.0244 MRR: 0.008-0.0091-0.01-0.0105
[Test]: Precision: 0.0025-0.002-0.0014-0.001 Recall: 0.0219-0.0362-0.0629-0.091 NDCG: 0.0109-0.0145-0.0199-0.0246 MRR: 0.0083-0.0093-0.0102-0.0107
------------------------------------------------------
------------------------------------------------------
Runing Epoch 416 valid loss 328.1146 costs 00: 00: 13
[Valid]: Precision: 0.0032-0.0028-0.002-0.0015 Recall: 0.0152-0.0283-0.0459-0.0666 NDCG: 0.0094-0.013-0.0171-0.0211 MRR: 0.0112-0.0128-0.0139-0.0144
[Test]: Precision: 0.0031-0.0026-0.002-0.0015 Recall: 0.0158-0.0265-0.049-0.0724 NDCG: 0.0094-0.0125-0.0176-0.0221 MRR: 0.0108-0.0122-0.0135-0.0142
------------------------------------------------------
ood testing
[Valid]: Precision: 0.0024-0.002-0.0014-0.0011 Recall: 0.0213-0.035-0.0607-0.0916 NDCG: 0.0105-0.0141-0.0193-0.0244 MRR: 0.008-0.0091-0.01-0.0105
[Test]: Precision: 0.0025-0.002-0.0014-0.001 Recall: 0.0219-0.0362-0.0629-0.091 NDCG: 0.0109-0.0145-0.0199-0.0246 MRR: 0.0083-0.0093-0.0102-0.0107
------------------------------------------------------
------------------------------------------------------
Runing Epoch 417 valid loss 328.1126 costs 00: 00: 13
[Valid]: Precision: 0.0032-0.0028-0.002-0.0015 Recall: 0.0152-0.0283-0.0457-0.0668 NDCG: 0.0094-0.013-0.0171-0.0211 MRR: 0.0113-0.0129-0.014-0.0145
[Test]: Precision: 0.0031-0.0026-0.0019-0.0015 Recall: 0.0158-0.0265-0.0487-0.0723 NDCG: 0.0095-0.0125-0.0176-0.0222 MRR: 0.0109-0.0123-0.0136-0.0143
------------------------------------------------------
ood testing
[Valid]: Precision: 0.0024-0.002-0.0014-0.0011 Recall: 0.0213-0.035-0.0606-0.0915 NDCG: 0.0105-0.014-0.0192-0.0244 MRR: 0.0079-0.009-0.0099-0.0104
[Test]: Precision: 0.0025-0.002-0.0014-0.001 Recall: 0.0219-0.0362-0.0629-0.0911 NDCG: 0.0109-0.0145-0.0199-0.0246 MRR: 0.0083-0.0093-0.0102-0.0107
------------------------------------------------------
------------------------------------------------------
Runing Epoch 418 valid loss 328.1108 costs 00: 00: 14
[Valid]: Precision: 0.0032-0.0028-0.002-0.0015 Recall: 0.0152-0.0283-0.0459-0.0667 NDCG: 0.0094-0.013-0.0171-0.0211 MRR: 0.0113-0.0129-0.014-0.0145
[Test]: Precision: 0.0031-0.0026-0.002-0.0015 Recall: 0.0158-0.0265-0.049-0.0724 NDCG: 0.0095-0.0125-0.0176-0.0222 MRR: 0.0109-0.0123-0.0136-0.0143
------------------------------------------------------
ood testing
[Valid]: Precision: 0.0024-0.002-0.0014-0.0011 Recall: 0.0213-0.035-0.0607-0.0916 NDCG: 0.0105-0.014-0.0192-0.0244 MRR: 0.0079-0.009-0.0099-0.0104
[Test]: Precision: 0.0025-0.002-0.0014-0.001 Recall: 0.0219-0.0362-0.0629-0.0911 NDCG: 0.0109-0.0145-0.0199-0.0246 MRR: 0.0083-0.0093-0.0102-0.0107
------------------------------------------------------
------------------------------------------------------
Runing Epoch 419 valid loss 328.1148 costs 00: 00: 13
[Valid]: Precision: 0.0032-0.0028-0.002-0.0015 Recall: 0.0152-0.0283-0.0458-0.0666 NDCG: 0.0094-0.013-0.0171-0.0211 MRR: 0.0113-0.0129-0.014-0.0145
[Test]: Precision: 0.0031-0.0026-0.0019-0.0015 Recall: 0.0158-0.0265-0.0487-0.0724 NDCG: 0.0095-0.0125-0.0176-0.0222 MRR: 0.0109-0.0123-0.0136-0.0143
------------------------------------------------------
ood testing
[Valid]: Precision: 0.0024-0.002-0.0014-0.0011 Recall: 0.0213-0.035-0.0607-0.0916 NDCG: 0.0105-0.014-0.0192-0.0244 MRR: 0.0079-0.009-0.0099-0.0104
[Test]: Precision: 0.0025-0.002-0.0014-0.001 Recall: 0.0219-0.0362-0.063-0.091 NDCG: 0.0109-0.0145-0.0199-0.0246 MRR: 0.0083-0.0093-0.0102-0.0107
------------------------------------------------------
------------------------------------------------------
Runing Epoch 420 valid loss 328.1117 costs 00: 00: 13
[Valid]: Precision: 0.0032-0.0028-0.002-0.0015 Recall: 0.0152-0.0283-0.0458-0.0667 NDCG: 0.0094-0.013-0.0171-0.0211 MRR: 0.0113-0.0129-0.014-0.0145
[Test]: Precision: 0.0031-0.0026-0.0019-0.0015 Recall: 0.0158-0.0265-0.0487-0.0724 NDCG: 0.0095-0.0125-0.0176-0.0222 MRR: 0.0109-0.0123-0.0136-0.0143
------------------------------------------------------
ood testing
[Valid]: Precision: 0.0024-0.002-0.0014-0.0011 Recall: 0.0213-0.035-0.0607-0.0916 NDCG: 0.0105-0.014-0.0192-0.0244 MRR: 0.0079-0.009-0.0099-0.0104
[Test]: Precision: 0.0025-0.002-0.0014-0.001 Recall: 0.0219-0.0362-0.063-0.091 NDCG: 0.0109-0.0145-0.0199-0.0246 MRR: 0.0083-0.0093-0.0102-0.0107
------------------------------------------------------
------------------------------------------------------
Runing Epoch 421 valid loss 328.1099 costs 00: 00: 13
[Valid]: Precision: 0.0032-0.0028-0.002-0.0015 Recall: 0.0152-0.0283-0.0457-0.0666 NDCG: 0.0094-0.013-0.017-0.0211 MRR: 0.0112-0.0128-0.0139-0.0144
[Test]: Precision: 0.0031-0.0026-0.0019-0.0015 Recall: 0.0158-0.0265-0.0487-0.0723 NDCG: 0.0094-0.0125-0.0175-0.0221 MRR: 0.0108-0.0122-0.0135-0.0142
------------------------------------------------------
ood testing
[Valid]: Precision: 0.0024-0.002-0.0014-0.0011 Recall: 0.0213-0.035-0.0606-0.0916 NDCG: 0.0105-0.0141-0.0193-0.0244 MRR: 0.008-0.0091-0.01-0.0105
[Test]: Precision: 0.0025-0.002-0.0014-0.001 Recall: 0.0219-0.0362-0.0629-0.0908 NDCG: 0.0109-0.0145-0.0199-0.0246 MRR: 0.0083-0.0093-0.0102-0.0107
------------------------------------------------------
------------------------------------------------------
Runing Epoch 422 valid loss 328.1027 costs 00: 00: 13
[Valid]: Precision: 0.0032-0.0028-0.002-0.0015 Recall: 0.0152-0.0283-0.0458-0.0665 NDCG: 0.0094-0.013-0.0171-0.0211 MRR: 0.0112-0.0128-0.0139-0.0144
[Test]: Precision: 0.0031-0.0026-0.0019-0.0015 Recall: 0.0158-0.0265-0.0487-0.0723 NDCG: 0.0094-0.0125-0.0175-0.0221 MRR: 0.0108-0.0122-0.0135-0.0142
------------------------------------------------------
ood testing
[Valid]: Precision: 0.0024-0.002-0.0014-0.0011 Recall: 0.0213-0.035-0.0607-0.0916 NDCG: 0.0105-0.0141-0.0193-0.0244 MRR: 0.008-0.0091-0.01-0.0105
[Test]: Precision: 0.0025-0.002-0.0014-0.001 Recall: 0.0219-0.0362-0.063-0.0909 NDCG: 0.0109-0.0145-0.0199-0.0246 MRR: 0.0083-0.0093-0.0102-0.0107
------------------------------------------------------
------------------------------------------------------
Runing Epoch 423 valid loss 328.1151 costs 00: 00: 13
[Valid]: Precision: 0.0032-0.0028-0.002-0.0015 Recall: 0.0152-0.0283-0.0457-0.0665 NDCG: 0.0094-0.013-0.0171-0.0211 MRR: 0.0113-0.0129-0.014-0.0145
[Test]: Precision: 0.0031-0.0026-0.0019-0.0015 Recall: 0.0158-0.0265-0.0487-0.0723 NDCG: 0.0095-0.0125-0.0176-0.0222 MRR: 0.0109-0.0123-0.0136-0.0143
------------------------------------------------------
ood testing
[Valid]: Precision: 0.0024-0.002-0.0014-0.0011 Recall: 0.0213-0.035-0.0606-0.0916 NDCG: 0.0105-0.014-0.0192-0.0244 MRR: 0.0079-0.009-0.0099-0.0104
[Test]: Precision: 0.0025-0.002-0.0014-0.001 Recall: 0.0219-0.0362-0.0629-0.0908 NDCG: 0.0109-0.0145-0.0199-0.0246 MRR: 0.0083-0.0093-0.0102-0.0107
------------------------------------------------------
------------------------------------------------------
Runing Epoch 424 valid loss 328.1142 costs 00: 00: 13
[Valid]: Precision: 0.0032-0.0028-0.002-0.0015 Recall: 0.0152-0.0283-0.0457-0.0664 NDCG: 0.0094-0.013-0.0171-0.0211 MRR: 0.0113-0.0129-0.014-0.0145
[Test]: Precision: 0.0031-0.0026-0.0019-0.0015 Recall: 0.0158-0.0265-0.0487-0.0724 NDCG: 0.0095-0.0125-0.0176-0.0222 MRR: 0.0109-0.0123-0.0136-0.0143
------------------------------------------------------
ood testing
[Valid]: Precision: 0.0024-0.002-0.0014-0.0011 Recall: 0.0213-0.035-0.0606-0.0916 NDCG: 0.0105-0.014-0.0192-0.0244 MRR: 0.0079-0.009-0.0099-0.0104
[Test]: Precision: 0.0025-0.002-0.0014-0.001 Recall: 0.0219-0.0362-0.0629-0.0911 NDCG: 0.0109-0.0145-0.0199-0.0246 MRR: 0.0083-0.0093-0.0102-0.0107
------------------------------------------------------
------------------------------------------------------
Runing Epoch 425 valid loss 328.1094 costs 00: 00: 13
[Valid]: Precision: 0.0032-0.0028-0.002-0.0015 Recall: 0.0152-0.0283-0.0458-0.0665 NDCG: 0.0094-0.013-0.0171-0.0211 MRR: 0.0112-0.0128-0.0139-0.0144
[Test]: Precision: 0.0031-0.0026-0.0019-0.0015 Recall: 0.0158-0.0265-0.0487-0.0723 NDCG: 0.0094-0.0125-0.0175-0.0221 MRR: 0.0108-0.0122-0.0135-0.0142
------------------------------------------------------
ood testing
[Valid]: Precision: 0.0024-0.002-0.0014-0.0011 Recall: 0.0213-0.035-0.0607-0.0916 NDCG: 0.0105-0.0141-0.0193-0.0244 MRR: 0.008-0.0091-0.01-0.0105
[Test]: Precision: 0.0025-0.002-0.0014-0.001 Recall: 0.0219-0.0362-0.063-0.091 NDCG: 0.0109-0.0145-0.0199-0.0246 MRR: 0.0083-0.0093-0.0102-0.0107
------------------------------------------------------
------------------------------------------------------
Runing Epoch 426 valid loss 328.1125 costs 00: 00: 13
[Valid]: Precision: 0.0032-0.0028-0.002-0.0015 Recall: 0.0152-0.0283-0.0458-0.0666 NDCG: 0.0094-0.013-0.0171-0.0211 MRR: 0.0113-0.0129-0.014-0.0145
[Test]: Precision: 0.0031-0.0026-0.0019-0.0015 Recall: 0.0158-0.0265-0.0487-0.0725 NDCG: 0.0095-0.0125-0.0176-0.0222 MRR: 0.0109-0.0123-0.0136-0.0143
------------------------------------------------------
ood testing
[Valid]: Precision: 0.0024-0.002-0.0014-0.0011 Recall: 0.0213-0.035-0.0607-0.0916 NDCG: 0.0105-0.014-0.0192-0.0244 MRR: 0.0079-0.009-0.0099-0.0104
[Test]: Precision: 0.0025-0.002-0.0014-0.001 Recall: 0.0219-0.0362-0.063-0.091 NDCG: 0.0109-0.0145-0.0199-0.0246 MRR: 0.0083-0.0093-0.0102-0.0107
------------------------------------------------------
------------------------------------------------------
Runing Epoch 427 valid loss 328.1108 costs 00: 00: 13
[Valid]: Precision: 0.0032-0.0028-0.002-0.0015 Recall: 0.0152-0.0283-0.0457-0.0665 NDCG: 0.0094-0.013-0.0171-0.0211 MRR: 0.0113-0.0129-0.014-0.0145
[Test]: Precision: 0.0031-0.0026-0.0019-0.0015 Recall: 0.0158-0.0265-0.0487-0.0724 NDCG: 0.0095-0.0125-0.0176-0.0222 MRR: 0.0109-0.0123-0.0136-0.0143
------------------------------------------------------
ood testing
[Valid]: Precision: 0.0024-0.002-0.0014-0.0011 Recall: 0.0213-0.035-0.0606-0.0914 NDCG: 0.0105-0.014-0.0192-0.0244 MRR: 0.0079-0.009-0.0099-0.0104
[Test]: Precision: 0.0025-0.002-0.0014-0.001 Recall: 0.0219-0.0362-0.0629-0.0907 NDCG: 0.0109-0.0145-0.0199-0.0245 MRR: 0.0083-0.0093-0.0102-0.0107
------------------------------------------------------
------------------------------------------------------
Runing Epoch 428 valid loss 328.1102 costs 00: 00: 13
[Valid]: Precision: 0.0032-0.0028-0.002-0.0015 Recall: 0.0152-0.0283-0.0457-0.0664 NDCG: 0.0094-0.013-0.017-0.021 MRR: 0.0112-0.0128-0.0139-0.0144
[Test]: Precision: 0.0031-0.0026-0.0019-0.0015 Recall: 0.0158-0.0265-0.0487-0.0725 NDCG: 0.0094-0.0125-0.0175-0.0222 MRR: 0.0108-0.0122-0.0135-0.0142
------------------------------------------------------
ood testing
[Valid]: Precision: 0.0024-0.002-0.0014-0.0011 Recall: 0.0213-0.035-0.0606-0.0914 NDCG: 0.0105-0.0141-0.0192-0.0244 MRR: 0.008-0.0091-0.01-0.0105
[Test]: Precision: 0.0025-0.002-0.0014-0.001 Recall: 0.0219-0.0362-0.0629-0.0908 NDCG: 0.0109-0.0145-0.0199-0.0246 MRR: 0.0083-0.0093-0.0102-0.0107
------------------------------------------------------
------------------------------------------------------
Runing Epoch 429 valid loss 328.1158 costs 00: 00: 13
[Valid]: Precision: 0.0032-0.0028-0.002-0.0015 Recall: 0.0152-0.0283-0.0457-0.0663 NDCG: 0.0094-0.013-0.0171-0.021 MRR: 0.0113-0.0129-0.014-0.0145
[Test]: Precision: 0.0031-0.0026-0.002-0.0015 Recall: 0.0158-0.0265-0.0488-0.0725 NDCG: 0.0095-0.0125-0.0176-0.0222 MRR: 0.0109-0.0123-0.0136-0.0143
------------------------------------------------------
ood testing
[Valid]: Precision: 0.0024-0.002-0.0014-0.0011 Recall: 0.0213-0.035-0.0604-0.0916 NDCG: 0.0105-0.014-0.0192-0.0244 MRR: 0.0079-0.009-0.0099-0.0104
[Test]: Precision: 0.0025-0.002-0.0014-0.001 Recall: 0.0219-0.0362-0.063-0.091 NDCG: 0.0109-0.0145-0.0199-0.0246 MRR: 0.0083-0.0093-0.0102-0.0107
------------------------------------------------------
------------------------------------------------------
Runing Epoch 430 valid loss 328.1087 costs 00: 00: 13
[Valid]: Precision: 0.0032-0.0028-0.002-0.0015 Recall: 0.0152-0.0283-0.0457-0.0664 NDCG: 0.0094-0.013-0.0171-0.0211 MRR: 0.0113-0.0129-0.014-0.0145
[Test]: Precision: 0.0031-0.0026-0.0019-0.0015 Recall: 0.0158-0.0265-0.0487-0.0725 NDCG: 0.0095-0.0125-0.0176-0.0222 MRR: 0.0109-0.0123-0.0136-0.0143
------------------------------------------------------
ood testing
[Valid]: Precision: 0.0024-0.002-0.0014-0.0011 Recall: 0.0213-0.035-0.0606-0.0916 NDCG: 0.0105-0.014-0.0192-0.0244 MRR: 0.0079-0.009-0.0099-0.0104
[Test]: Precision: 0.0025-0.002-0.0014-0.001 Recall: 0.0219-0.0362-0.0629-0.0911 NDCG: 0.0109-0.0145-0.0199-0.0246 MRR: 0.0083-0.0093-0.0102-0.0107
------------------------------------------------------
------------------------------------------------------
Runing Epoch 431 valid loss 328.1144 costs 00: 00: 13
[Valid]: Precision: 0.0032-0.0028-0.002-0.0015 Recall: 0.0152-0.0283-0.0457-0.0665 NDCG: 0.0094-0.013-0.0171-0.0211 MRR: 0.0113-0.0129-0.014-0.0145
[Test]: Precision: 0.0031-0.0026-0.0019-0.0015 Recall: 0.0158-0.0265-0.0487-0.0724 NDCG: 0.0095-0.0125-0.0176-0.0222 MRR: 0.0109-0.0123-0.0136-0.0143
------------------------------------------------------
ood testing
[Valid]: Precision: 0.0024-0.002-0.0014-0.0011 Recall: 0.0213-0.035-0.0606-0.0915 NDCG: 0.0105-0.014-0.0192-0.0244 MRR: 0.0079-0.009-0.0099-0.0104
[Test]: Precision: 0.0025-0.002-0.0014-0.001 Recall: 0.0219-0.0362-0.0629-0.091 NDCG: 0.0109-0.0145-0.0199-0.0246 MRR: 0.0083-0.0093-0.0102-0.0107
------------------------------------------------------
------------------------------------------------------
Runing Epoch 432 valid loss 328.1207 costs 00: 00: 14
[Valid]: Precision: 0.0032-0.0028-0.002-0.0015 Recall: 0.0152-0.0283-0.0457-0.0666 NDCG: 0.0094-0.013-0.0171-0.0211 MRR: 0.0113-0.0129-0.014-0.0145
[Test]: Precision: 0.0031-0.0026-0.0019-0.0015 Recall: 0.0158-0.0265-0.0487-0.0724 NDCG: 0.0095-0.0125-0.0176-0.0222 MRR: 0.0109-0.0123-0.0136-0.0143
------------------------------------------------------
ood testing
[Valid]: Precision: 0.0024-0.002-0.0014-0.0011 Recall: 0.0213-0.035-0.0606-0.0915 NDCG: 0.0105-0.014-0.0192-0.0244 MRR: 0.0079-0.009-0.0099-0.0104
[Test]: Precision: 0.0025-0.002-0.0014-0.001 Recall: 0.0219-0.0362-0.0629-0.0911 NDCG: 0.0109-0.0145-0.0199-0.0246 MRR: 0.0083-0.0093-0.0102-0.0107
------------------------------------------------------
------------------------------------------------------
Runing Epoch 433 valid loss 328.1139 costs 00: 00: 14
[Valid]: Precision: 0.0032-0.0028-0.002-0.0015 Recall: 0.0152-0.0283-0.0457-0.0665 NDCG: 0.0094-0.013-0.0171-0.0211 MRR: 0.0113-0.0129-0.014-0.0145
[Test]: Precision: 0.0031-0.0026-0.0019-0.0015 Recall: 0.0158-0.0265-0.0487-0.0724 NDCG: 0.0095-0.0125-0.0176-0.0222 MRR: 0.0109-0.0123-0.0136-0.0143
------------------------------------------------------
ood testing
[Valid]: Precision: 0.0024-0.002-0.0014-0.0011 Recall: 0.0213-0.035-0.0606-0.0916 NDCG: 0.0105-0.014-0.0192-0.0244 MRR: 0.0079-0.009-0.0099-0.0104
[Test]: Precision: 0.0025-0.002-0.0014-0.001 Recall: 0.0219-0.0362-0.0629-0.091 NDCG: 0.0109-0.0145-0.0199-0.0246 MRR: 0.0083-0.0093-0.0102-0.0107
------------------------------------------------------
------------------------------------------------------
Runing Epoch 434 valid loss 328.1001 costs 00: 00: 13
[Valid]: Precision: 0.0032-0.0028-0.002-0.0015 Recall: 0.0152-0.0283-0.0457-0.0665 NDCG: 0.0094-0.013-0.0171-0.0211 MRR: 0.0113-0.0129-0.014-0.0145
[Test]: Precision: 0.0031-0.0026-0.002-0.0015 Recall: 0.0158-0.0265-0.0487-0.0724 NDCG: 0.0095-0.0125-0.0176-0.0222 MRR: 0.0109-0.0123-0.0136-0.0143
------------------------------------------------------
ood testing
[Valid]: Precision: 0.0024-0.002-0.0014-0.0011 Recall: 0.0213-0.035-0.0606-0.0916 NDCG: 0.0105-0.014-0.0192-0.0244 MRR: 0.0079-0.009-0.0099-0.0104
[Test]: Precision: 0.0025-0.002-0.0014-0.001 Recall: 0.0219-0.0362-0.0629-0.091 NDCG: 0.0109-0.0145-0.0199-0.0246 MRR: 0.0083-0.0093-0.0102-0.0107
------------------------------------------------------
------------------------------------------------------
Runing Epoch 435 valid loss 328.1099 costs 00: 00: 13
[Valid]: Precision: 0.0032-0.0028-0.002-0.0015 Recall: 0.0152-0.0283-0.0457-0.0665 NDCG: 0.0094-0.013-0.0171-0.0211 MRR: 0.0113-0.0129-0.014-0.0145
[Test]: Precision: 0.0031-0.0026-0.0019-0.0015 Recall: 0.0158-0.0265-0.0487-0.0724 NDCG: 0.0095-0.0125-0.0176-0.0222 MRR: 0.0109-0.0123-0.0136-0.0143
------------------------------------------------------
ood testing
[Valid]: Precision: 0.0024-0.002-0.0014-0.0011 Recall: 0.0213-0.035-0.0606-0.0914 NDCG: 0.0105-0.014-0.0192-0.0244 MRR: 0.0079-0.009-0.0099-0.0104
[Test]: Precision: 0.0025-0.002-0.0014-0.001 Recall: 0.0219-0.0362-0.0629-0.0907 NDCG: 0.0109-0.0145-0.0199-0.0245 MRR: 0.0083-0.0093-0.0102-0.0107
------------------------------------------------------
------------------------------------------------------
Runing Epoch 436 valid loss 328.1203 costs 00: 00: 13
[Valid]: Precision: 0.0032-0.0028-0.002-0.0015 Recall: 0.0152-0.0283-0.0457-0.0665 NDCG: 0.0094-0.013-0.0171-0.0211 MRR: 0.0113-0.0129-0.014-0.0145
[Test]: Precision: 0.0031-0.0026-0.0019-0.0015 Recall: 0.0158-0.0265-0.0487-0.0725 NDCG: 0.0095-0.0125-0.0176-0.0222 MRR: 0.0109-0.0123-0.0136-0.0143
------------------------------------------------------
ood testing
[Valid]: Precision: 0.0024-0.002-0.0014-0.0011 Recall: 0.0213-0.035-0.0606-0.0914 NDCG: 0.0105-0.014-0.0192-0.0243 MRR: 0.0079-0.009-0.0099-0.0104
[Test]: Precision: 0.0025-0.002-0.0014-0.001 Recall: 0.0219-0.0362-0.0629-0.0908 NDCG: 0.0109-0.0145-0.0199-0.0246 MRR: 0.0083-0.0093-0.0102-0.0107
------------------------------------------------------
------------------------------------------------------
Runing Epoch 437 valid loss 328.1109 costs 00: 00: 13
[Valid]: Precision: 0.0032-0.0028-0.002-0.0015 Recall: 0.0152-0.0283-0.0457-0.0666 NDCG: 0.0094-0.013-0.0171-0.0211 MRR: 0.0113-0.0129-0.014-0.0145
[Test]: Precision: 0.0031-0.0026-0.002-0.0015 Recall: 0.0158-0.0265-0.0488-0.0724 NDCG: 0.0095-0.0125-0.0176-0.0222 MRR: 0.0109-0.0123-0.0136-0.0143
------------------------------------------------------
ood testing
[Valid]: Precision: 0.0024-0.002-0.0014-0.0011 Recall: 0.0213-0.035-0.0605-0.0914 NDCG: 0.0105-0.014-0.0192-0.0244 MRR: 0.0079-0.009-0.0099-0.0104
[Test]: Precision: 0.0025-0.002-0.0014-0.001 Recall: 0.0219-0.0362-0.0631-0.091 NDCG: 0.0109-0.0145-0.0199-0.0246 MRR: 0.0083-0.0093-0.0102-0.0107
------------------------------------------------------
------------------------------------------------------
Runing Epoch 438 valid loss 328.1134 costs 00: 00: 13
[Valid]: Precision: 0.0032-0.0028-0.002-0.0015 Recall: 0.0152-0.0283-0.0457-0.0666 NDCG: 0.0094-0.013-0.0171-0.0211 MRR: 0.0113-0.0129-0.014-0.0145
[Test]: Precision: 0.0031-0.0026-0.002-0.0015 Recall: 0.0158-0.0265-0.0488-0.0724 NDCG: 0.0095-0.0125-0.0176-0.0222 MRR: 0.0109-0.0123-0.0136-0.0143
------------------------------------------------------
ood testing
[Valid]: Precision: 0.0024-0.002-0.0014-0.0011 Recall: 0.0213-0.035-0.0604-0.0916 NDCG: 0.0105-0.014-0.0192-0.0244 MRR: 0.0079-0.009-0.0099-0.0104
[Test]: Precision: 0.0025-0.002-0.0014-0.001 Recall: 0.0219-0.0362-0.0631-0.091 NDCG: 0.0109-0.0145-0.0199-0.0246 MRR: 0.0083-0.0093-0.0102-0.0107
------------------------------------------------------
------------------------------------------------------
Runing Epoch 439 valid loss 328.1083 costs 00: 00: 13
[Valid]: Precision: 0.0032-0.0028-0.002-0.0015 Recall: 0.0152-0.0283-0.0457-0.0665 NDCG: 0.0094-0.013-0.0171-0.0211 MRR: 0.0113-0.0129-0.014-0.0145
[Test]: Precision: 0.0031-0.0026-0.002-0.0015 Recall: 0.0158-0.0265-0.0488-0.0723 NDCG: 0.0095-0.0125-0.0176-0.0222 MRR: 0.0109-0.0123-0.0136-0.0143
------------------------------------------------------
ood testing
[Valid]: Precision: 0.0024-0.002-0.0014-0.0011 Recall: 0.0213-0.035-0.0604-0.0916 NDCG: 0.0105-0.014-0.0192-0.0244 MRR: 0.0079-0.009-0.0099-0.0104
[Test]: Precision: 0.0025-0.002-0.0014-0.001 Recall: 0.0219-0.0362-0.0631-0.0911 NDCG: 0.0109-0.0145-0.0199-0.0246 MRR: 0.0083-0.0093-0.0102-0.0107
------------------------------------------------------
------------------------------------------------------
Runing Epoch 440 valid loss 328.1089 costs 00: 00: 14
[Valid]: Precision: 0.0032-0.0028-0.002-0.0015 Recall: 0.0152-0.0283-0.0457-0.0665 NDCG: 0.0094-0.013-0.0171-0.0211 MRR: 0.0113-0.0129-0.014-0.0145
[Test]: Precision: 0.0031-0.0026-0.002-0.0015 Recall: 0.0158-0.0265-0.0487-0.0724 NDCG: 0.0095-0.0125-0.0176-0.0222 MRR: 0.0109-0.0123-0.0136-0.0143
------------------------------------------------------
ood testing
[Valid]: Precision: 0.0024-0.002-0.0014-0.0011 Recall: 0.0213-0.035-0.0606-0.0916 NDCG: 0.0105-0.014-0.0192-0.0244 MRR: 0.0079-0.009-0.0099-0.0104
[Test]: Precision: 0.0025-0.002-0.0014-0.001 Recall: 0.0219-0.0362-0.0629-0.091 NDCG: 0.0109-0.0145-0.0199-0.0246 MRR: 0.0083-0.0093-0.0102-0.0107
------------------------------------------------------
------------------------------------------------------
Runing Epoch 441 valid loss 328.1166 costs 00: 00: 13
[Valid]: Precision: 0.0032-0.0028-0.002-0.0015 Recall: 0.0152-0.0283-0.0457-0.0665 NDCG: 0.0094-0.013-0.0171-0.0211 MRR: 0.0113-0.0129-0.014-0.0145
[Test]: Precision: 0.0031-0.0026-0.002-0.0015 Recall: 0.0158-0.0265-0.0489-0.0724 NDCG: 0.0095-0.0125-0.0176-0.0222 MRR: 0.0109-0.0123-0.0136-0.0143
------------------------------------------------------
ood testing
[Valid]: Precision: 0.0024-0.002-0.0014-0.0011 Recall: 0.0213-0.035-0.0606-0.0915 NDCG: 0.0105-0.014-0.0192-0.0244 MRR: 0.0079-0.009-0.0099-0.0104
[Test]: Precision: 0.0025-0.002-0.0014-0.001 Recall: 0.0219-0.0362-0.0629-0.091 NDCG: 0.0109-0.0145-0.0199-0.0246 MRR: 0.0083-0.0093-0.0102-0.0107
------------------------------------------------------
------------------------------------------------------
Runing Epoch 442 valid loss 328.1165 costs 00: 00: 13
[Valid]: Precision: 0.0032-0.0028-0.002-0.0015 Recall: 0.0152-0.0283-0.0457-0.0667 NDCG: 0.0094-0.013-0.0171-0.0211 MRR: 0.0113-0.0129-0.014-0.0145
[Test]: Precision: 0.0031-0.0026-0.002-0.0015 Recall: 0.0158-0.0265-0.0489-0.0724 NDCG: 0.0095-0.0125-0.0176-0.0222 MRR: 0.0109-0.0123-0.0136-0.0143
------------------------------------------------------
ood testing
[Valid]: Precision: 0.0024-0.002-0.0014-0.0011 Recall: 0.0213-0.035-0.0606-0.0915 NDCG: 0.0105-0.014-0.0192-0.0244 MRR: 0.0079-0.009-0.0099-0.0104
[Test]: Precision: 0.0025-0.002-0.0014-0.001 Recall: 0.0219-0.0362-0.0629-0.0909 NDCG: 0.0109-0.0145-0.0199-0.0246 MRR: 0.0083-0.0093-0.0102-0.0107
------------------------------------------------------
------------------------------------------------------
Runing Epoch 443 valid loss 328.1105 costs 00: 00: 13
[Valid]: Precision: 0.0032-0.0028-0.002-0.0015 Recall: 0.0152-0.0283-0.0457-0.0666 NDCG: 0.0094-0.013-0.0171-0.0211 MRR: 0.0113-0.0129-0.014-0.0145
[Test]: Precision: 0.0031-0.0026-0.002-0.0015 Recall: 0.0158-0.0265-0.0487-0.0724 NDCG: 0.0095-0.0125-0.0176-0.0222 MRR: 0.0109-0.0123-0.0136-0.0143
------------------------------------------------------
ood testing
[Valid]: Precision: 0.0024-0.002-0.0014-0.0011 Recall: 0.0213-0.035-0.0606-0.0916 NDCG: 0.0105-0.014-0.0192-0.0244 MRR: 0.0079-0.009-0.0099-0.0104
[Test]: Precision: 0.0025-0.002-0.0014-0.001 Recall: 0.0219-0.0362-0.0629-0.091 NDCG: 0.0109-0.0145-0.0199-0.0246 MRR: 0.0083-0.0093-0.0102-0.0107
------------------------------------------------------
------------------------------------------------------
Runing Epoch 444 valid loss 328.0997 costs 00: 00: 13
[Valid]: Precision: 0.0032-0.0028-0.002-0.0015 Recall: 0.0152-0.0283-0.0457-0.0665 NDCG: 0.0094-0.013-0.0171-0.0211 MRR: 0.0112-0.0128-0.0139-0.0144
[Test]: Precision: 0.0031-0.0026-0.002-0.0015 Recall: 0.0158-0.0265-0.0489-0.0723 NDCG: 0.0094-0.0125-0.0176-0.0221 MRR: 0.0108-0.0122-0.0135-0.0142
------------------------------------------------------
ood testing
[Valid]: Precision: 0.0024-0.002-0.0014-0.0011 Recall: 0.0213-0.035-0.0606-0.0915 NDCG: 0.0105-0.0141-0.0193-0.0244 MRR: 0.008-0.0091-0.01-0.0105
[Test]: Precision: 0.0025-0.002-0.0014-0.001 Recall: 0.0219-0.0362-0.0629-0.0909 NDCG: 0.0109-0.0145-0.0199-0.0246 MRR: 0.0083-0.0093-0.0102-0.0107
------------------------------------------------------
------------------------------------------------------
Runing Epoch 445 valid loss 328.1180 costs 00: 00: 13
[Valid]: Precision: 0.0032-0.0028-0.002-0.0015 Recall: 0.0152-0.0283-0.0457-0.0665 NDCG: 0.0094-0.013-0.0171-0.0211 MRR: 0.0113-0.0129-0.014-0.0145
[Test]: Precision: 0.0031-0.0026-0.002-0.0015 Recall: 0.0158-0.0265-0.0487-0.0723 NDCG: 0.0095-0.0125-0.0176-0.0222 MRR: 0.0109-0.0123-0.0136-0.0143
------------------------------------------------------
ood testing
[Valid]: Precision: 0.0024-0.002-0.0014-0.0011 Recall: 0.0213-0.035-0.0606-0.0916 NDCG: 0.0105-0.014-0.0192-0.0244 MRR: 0.0079-0.009-0.0099-0.0104
[Test]: Precision: 0.0025-0.002-0.0014-0.001 Recall: 0.0219-0.0362-0.0629-0.0908 NDCG: 0.0109-0.0145-0.0199-0.0246 MRR: 0.0083-0.0093-0.0102-0.0107
------------------------------------------------------
------------------------------------------------------
Runing Epoch 446 valid loss 328.1197 costs 00: 00: 13
[Valid]: Precision: 0.0032-0.0028-0.002-0.0015 Recall: 0.0152-0.0283-0.0457-0.0665 NDCG: 0.0094-0.013-0.0171-0.0211 MRR: 0.0113-0.0129-0.014-0.0145
[Test]: Precision: 0.0031-0.0026-0.002-0.0015 Recall: 0.0158-0.0265-0.0487-0.0723 NDCG: 0.0095-0.0125-0.0176-0.0222 MRR: 0.0109-0.0123-0.0136-0.0143
------------------------------------------------------
ood testing
[Valid]: Precision: 0.0024-0.002-0.0014-0.0011 Recall: 0.0213-0.035-0.0606-0.0916 NDCG: 0.0105-0.014-0.0192-0.0244 MRR: 0.0079-0.009-0.0099-0.0104
[Test]: Precision: 0.0025-0.002-0.0014-0.001 Recall: 0.0219-0.0362-0.0629-0.0908 NDCG: 0.0109-0.0145-0.0199-0.0246 MRR: 0.0083-0.0093-0.0102-0.0107
------------------------------------------------------
------------------------------------------------------
Runing Epoch 447 valid loss 328.1046 costs 00: 00: 13
[Valid]: Precision: 0.0032-0.0028-0.002-0.0015 Recall: 0.0152-0.0283-0.0457-0.0666 NDCG: 0.0094-0.013-0.0171-0.0211 MRR: 0.0113-0.0129-0.014-0.0145
[Test]: Precision: 0.0031-0.0026-0.002-0.0015 Recall: 0.0158-0.0265-0.0487-0.0724 NDCG: 0.0095-0.0125-0.0176-0.0222 MRR: 0.0109-0.0123-0.0136-0.0143
------------------------------------------------------
ood testing
[Valid]: Precision: 0.0024-0.002-0.0014-0.0011 Recall: 0.0213-0.035-0.0606-0.0915 NDCG: 0.0105-0.014-0.0192-0.0244 MRR: 0.0079-0.009-0.0099-0.0104
[Test]: Precision: 0.0025-0.002-0.0014-0.001 Recall: 0.0219-0.0362-0.0629-0.0911 NDCG: 0.0109-0.0145-0.0199-0.0246 MRR: 0.0083-0.0093-0.0102-0.0107
------------------------------------------------------
------------------------------------------------------
Runing Epoch 448 valid loss 328.1023 costs 00: 00: 13
[Valid]: Precision: 0.0032-0.0028-0.002-0.0015 Recall: 0.0152-0.0283-0.0457-0.0666 NDCG: 0.0094-0.013-0.0171-0.0211 MRR: 0.0113-0.0129-0.014-0.0145
[Test]: Precision: 0.0031-0.0026-0.002-0.0015 Recall: 0.0158-0.0265-0.0487-0.0724 NDCG: 0.0095-0.0125-0.0176-0.0222 MRR: 0.0109-0.0123-0.0136-0.0143
------------------------------------------------------
ood testing
[Valid]: Precision: 0.0024-0.002-0.0014-0.0011 Recall: 0.0213-0.035-0.0606-0.0915 NDCG: 0.0105-0.014-0.0192-0.0244 MRR: 0.0079-0.009-0.0099-0.0104
[Test]: Precision: 0.0025-0.002-0.0014-0.001 Recall: 0.0219-0.0362-0.0629-0.091 NDCG: 0.0109-0.0145-0.0199-0.0246 MRR: 0.0083-0.0093-0.0102-0.0107
------------------------------------------------------
------------------------------------------------------
Runing Epoch 449 valid loss 328.1198 costs 00: 00: 12
[Valid]: Precision: 0.0032-0.0028-0.002-0.0015 Recall: 0.0152-0.0283-0.0457-0.0664 NDCG: 0.0094-0.013-0.0171-0.0211 MRR: 0.0113-0.0129-0.014-0.0145
[Test]: Precision: 0.0031-0.0026-0.002-0.0015 Recall: 0.0158-0.0265-0.0489-0.0724 NDCG: 0.0095-0.0125-0.0176-0.0222 MRR: 0.0109-0.0123-0.0136-0.0143
------------------------------------------------------
ood testing
[Valid]: Precision: 0.0024-0.002-0.0014-0.0011 Recall: 0.0213-0.035-0.0606-0.0915 NDCG: 0.0105-0.014-0.0192-0.0244 MRR: 0.0079-0.009-0.0099-0.0104
[Test]: Precision: 0.0025-0.002-0.0014-0.001 Recall: 0.0219-0.0362-0.0629-0.091 NDCG: 0.0109-0.0145-0.0199-0.0246 MRR: 0.0083-0.0093-0.0102-0.0107
------------------------------------------------------
------------------------------------------------------
Runing Epoch 450 valid loss 328.1154 costs 00: 00: 12
[Valid]: Precision: 0.0032-0.0028-0.002-0.0015 Recall: 0.0152-0.0283-0.0457-0.0666 NDCG: 0.0094-0.013-0.0171-0.0211 MRR: 0.0113-0.0129-0.014-0.0145
[Test]: Precision: 0.0031-0.0026-0.002-0.0015 Recall: 0.0158-0.0265-0.0489-0.0723 NDCG: 0.0095-0.0125-0.0176-0.0222 MRR: 0.0109-0.0123-0.0136-0.0143
------------------------------------------------------
ood testing
[Valid]: Precision: 0.0024-0.002-0.0014-0.0011 Recall: 0.0213-0.035-0.0606-0.0915 NDCG: 0.0105-0.014-0.0192-0.0244 MRR: 0.0079-0.009-0.0099-0.0104
[Test]: Precision: 0.0025-0.002-0.0014-0.001 Recall: 0.0219-0.0362-0.0629-0.0909 NDCG: 0.0109-0.0145-0.0199-0.0246 MRR: 0.0083-0.0093-0.0102-0.0107
------------------------------------------------------
------------------------------------------------------
Runing Epoch 451 valid loss 328.1121 costs 00: 00: 12
[Valid]: Precision: 0.0032-0.0028-0.002-0.0015 Recall: 0.0152-0.0283-0.0458-0.0665 NDCG: 0.0094-0.013-0.0171-0.0211 MRR: 0.0113-0.0129-0.014-0.0145
[Test]: Precision: 0.0031-0.0026-0.002-0.0015 Recall: 0.0158-0.0265-0.0488-0.0723 NDCG: 0.0095-0.0125-0.0176-0.0222 MRR: 0.0109-0.0123-0.0136-0.0143
------------------------------------------------------
ood testing
[Valid]: Precision: 0.0024-0.002-0.0014-0.0011 Recall: 0.0213-0.035-0.0605-0.0916 NDCG: 0.0105-0.014-0.0192-0.0244 MRR: 0.0079-0.009-0.0099-0.0104
[Test]: Precision: 0.0025-0.002-0.0014-0.001 Recall: 0.0219-0.0362-0.0631-0.091 NDCG: 0.0109-0.0145-0.0199-0.0246 MRR: 0.0083-0.0093-0.0102-0.0107
------------------------------------------------------
------------------------------------------------------
Runing Epoch 452 valid loss 328.1150 costs 00: 00: 12
[Valid]: Precision: 0.0032-0.0028-0.002-0.0015 Recall: 0.0152-0.0283-0.0457-0.0666 NDCG: 0.0094-0.013-0.0171-0.0211 MRR: 0.0113-0.0129-0.014-0.0145
[Test]: Precision: 0.0031-0.0026-0.002-0.0015 Recall: 0.0158-0.0265-0.049-0.0724 NDCG: 0.0095-0.0125-0.0176-0.0222 MRR: 0.0109-0.0123-0.0136-0.0143
------------------------------------------------------
ood testing
[Valid]: Precision: 0.0024-0.002-0.0014-0.0011 Recall: 0.0213-0.035-0.0605-0.0916 NDCG: 0.0105-0.014-0.0192-0.0244 MRR: 0.0079-0.009-0.0099-0.0104
[Test]: Precision: 0.0025-0.002-0.0014-0.001 Recall: 0.0219-0.0362-0.0631-0.091 NDCG: 0.0109-0.0145-0.0199-0.0246 MRR: 0.0083-0.0093-0.0102-0.0107
------------------------------------------------------
------------------------------------------------------
Runing Epoch 453 valid loss 328.1132 costs 00: 00: 12
[Valid]: Precision: 0.0032-0.0028-0.002-0.0015 Recall: 0.0152-0.0283-0.0457-0.0666 NDCG: 0.0094-0.013-0.0171-0.0211 MRR: 0.0113-0.0129-0.014-0.0145
[Test]: Precision: 0.0031-0.0026-0.002-0.0015 Recall: 0.0158-0.0265-0.0488-0.0724 NDCG: 0.0095-0.0125-0.0176-0.0222 MRR: 0.0109-0.0123-0.0136-0.0143
------------------------------------------------------
ood testing
[Valid]: Precision: 0.0024-0.002-0.0014-0.0011 Recall: 0.0213-0.035-0.0605-0.0916 NDCG: 0.0105-0.014-0.0192-0.0244 MRR: 0.0079-0.009-0.0099-0.0104
[Test]: Precision: 0.0025-0.002-0.0014-0.001 Recall: 0.0219-0.0362-0.0631-0.091 NDCG: 0.0109-0.0145-0.0199-0.0246 MRR: 0.0083-0.0093-0.0102-0.0107
------------------------------------------------------
------------------------------------------------------
Runing Epoch 454 valid loss 328.1158 costs 00: 00: 12
[Valid]: Precision: 0.0032-0.0028-0.002-0.0015 Recall: 0.0152-0.0283-0.0457-0.0666 NDCG: 0.0094-0.013-0.0171-0.0211 MRR: 0.0113-0.0129-0.014-0.0145
[Test]: Precision: 0.0031-0.0026-0.002-0.0015 Recall: 0.0158-0.0265-0.0487-0.0724 NDCG: 0.0095-0.0125-0.0176-0.0222 MRR: 0.0109-0.0123-0.0136-0.0143
------------------------------------------------------
ood testing
[Valid]: Precision: 0.0024-0.002-0.0014-0.0011 Recall: 0.0213-0.035-0.0606-0.0916 NDCG: 0.0105-0.014-0.0192-0.0244 MRR: 0.0079-0.009-0.0099-0.0104
[Test]: Precision: 0.0025-0.002-0.0014-0.001 Recall: 0.0219-0.0362-0.0629-0.091 NDCG: 0.0109-0.0145-0.0199-0.0246 MRR: 0.0083-0.0093-0.0102-0.0107
------------------------------------------------------
------------------------------------------------------
Runing Epoch 455 valid loss 328.1077 costs 00: 00: 12
[Valid]: Precision: 0.0032-0.0028-0.002-0.0015 Recall: 0.0152-0.0283-0.0458-0.0664 NDCG: 0.0094-0.013-0.0171-0.021 MRR: 0.0112-0.0128-0.0139-0.0144
[Test]: Precision: 0.0031-0.0026-0.002-0.0015 Recall: 0.0158-0.0265-0.049-0.0725 NDCG: 0.0094-0.0125-0.0176-0.0222 MRR: 0.0108-0.0122-0.0135-0.0142
------------------------------------------------------
ood testing
[Valid]: Precision: 0.0024-0.002-0.0014-0.0011 Recall: 0.0213-0.035-0.0605-0.0916 NDCG: 0.0105-0.0141-0.0192-0.0244 MRR: 0.008-0.0091-0.01-0.0105
[Test]: Precision: 0.0025-0.002-0.0014-0.001 Recall: 0.0219-0.0362-0.0631-0.0911 NDCG: 0.0109-0.0145-0.0199-0.0246 MRR: 0.0083-0.0093-0.0102-0.0107
------------------------------------------------------
------------------------------------------------------
Runing Epoch 456 valid loss 328.1094 costs 00: 00: 12
[Valid]: Precision: 0.0032-0.0028-0.002-0.0015 Recall: 0.0152-0.0283-0.0458-0.0663 NDCG: 0.0094-0.013-0.0171-0.021 MRR: 0.0112-0.0128-0.0139-0.0144
[Test]: Precision: 0.0031-0.0026-0.002-0.0015 Recall: 0.0158-0.0265-0.0491-0.0724 NDCG: 0.0094-0.0125-0.0176-0.0221 MRR: 0.0108-0.0122-0.0135-0.0142
------------------------------------------------------
ood testing
[Valid]: Precision: 0.0024-0.002-0.0014-0.0011 Recall: 0.0213-0.035-0.0608-0.0916 NDCG: 0.0105-0.0141-0.0193-0.0244 MRR: 0.008-0.0091-0.01-0.0105
[Test]: Precision: 0.0025-0.002-0.0014-0.001 Recall: 0.0219-0.0362-0.0631-0.0911 NDCG: 0.0109-0.0145-0.0199-0.0246 MRR: 0.0083-0.0093-0.0102-0.0107
------------------------------------------------------
------------------------------------------------------
Runing Epoch 457 valid loss 328.1097 costs 00: 00: 12
[Valid]: Precision: 0.0032-0.0028-0.002-0.0015 Recall: 0.0152-0.0283-0.0458-0.0664 NDCG: 0.0094-0.013-0.0171-0.0211 MRR: 0.0113-0.0129-0.014-0.0145
[Test]: Precision: 0.0031-0.0026-0.002-0.0015 Recall: 0.0158-0.0265-0.0491-0.0724 NDCG: 0.0095-0.0125-0.0177-0.0222 MRR: 0.0109-0.0123-0.0136-0.0143
------------------------------------------------------
ood testing
[Valid]: Precision: 0.0024-0.002-0.0014-0.0011 Recall: 0.0213-0.035-0.0608-0.0915 NDCG: 0.0105-0.014-0.0192-0.0244 MRR: 0.0079-0.009-0.0099-0.0104
[Test]: Precision: 0.0025-0.002-0.0014-0.001 Recall: 0.0219-0.0362-0.0631-0.091 NDCG: 0.0109-0.0145-0.0199-0.0246 MRR: 0.0083-0.0093-0.0102-0.0107
------------------------------------------------------
------------------------------------------------------
Runing Epoch 458 valid loss 328.1208 costs 00: 00: 12
[Valid]: Precision: 0.0032-0.0028-0.002-0.0015 Recall: 0.0152-0.0283-0.0458-0.0665 NDCG: 0.0094-0.013-0.0171-0.0211 MRR: 0.0113-0.0129-0.014-0.0145
[Test]: Precision: 0.0031-0.0026-0.002-0.0015 Recall: 0.0158-0.0265-0.0488-0.0724 NDCG: 0.0095-0.0125-0.0176-0.0222 MRR: 0.0109-0.0123-0.0136-0.0143
------------------------------------------------------
ood testing
[Valid]: Precision: 0.0024-0.002-0.0014-0.0011 Recall: 0.0213-0.035-0.0605-0.0914 NDCG: 0.0105-0.014-0.0192-0.0244 MRR: 0.0079-0.009-0.0099-0.0104
[Test]: Precision: 0.0025-0.002-0.0014-0.001 Recall: 0.0219-0.0362-0.0631-0.091 NDCG: 0.0109-0.0145-0.0199-0.0246 MRR: 0.0083-0.0093-0.0102-0.0107
------------------------------------------------------
------------------------------------------------------
Runing Epoch 459 valid loss 328.1139 costs 00: 00: 13
[Valid]: Precision: 0.0032-0.0028-0.002-0.0015 Recall: 0.0152-0.0283-0.0458-0.0665 NDCG: 0.0094-0.013-0.0171-0.0211 MRR: 0.0113-0.0129-0.014-0.0145
[Test]: Precision: 0.0031-0.0026-0.002-0.0015 Recall: 0.0158-0.0265-0.0488-0.0724 NDCG: 0.0095-0.0125-0.0176-0.0222 MRR: 0.0109-0.0123-0.0136-0.0143
------------------------------------------------------
ood testing
[Valid]: Precision: 0.0024-0.002-0.0014-0.0011 Recall: 0.0213-0.035-0.0605-0.0914 NDCG: 0.0105-0.014-0.0192-0.0243 MRR: 0.0079-0.009-0.0099-0.0104
[Test]: Precision: 0.0025-0.002-0.0014-0.001 Recall: 0.0219-0.0362-0.0631-0.0909 NDCG: 0.0109-0.0145-0.0199-0.0246 MRR: 0.0083-0.0093-0.0102-0.0107
------------------------------------------------------
------------------------------------------------------
Runing Epoch 460 valid loss 328.0994 costs 00: 00: 13
[Valid]: Precision: 0.0032-0.0028-0.002-0.0015 Recall: 0.0152-0.0283-0.0457-0.0666 NDCG: 0.0094-0.013-0.0171-0.0211 MRR: 0.0113-0.0129-0.014-0.0145
[Test]: Precision: 0.0031-0.0026-0.002-0.0015 Recall: 0.0158-0.0265-0.0492-0.0725 NDCG: 0.0095-0.0125-0.0177-0.0222 MRR: 0.0109-0.0123-0.0136-0.0143
------------------------------------------------------
ood testing
[Valid]: Precision: 0.0024-0.002-0.0014-0.0011 Recall: 0.0213-0.035-0.0608-0.0915 NDCG: 0.0105-0.014-0.0192-0.0244 MRR: 0.0079-0.009-0.0099-0.0104
[Test]: Precision: 0.0025-0.002-0.0014-0.001 Recall: 0.0219-0.0362-0.0632-0.0909 NDCG: 0.0109-0.0145-0.02-0.0246 MRR: 0.0083-0.0093-0.0102-0.0107
------------------------------------------------------
------------------------------------------------------
Runing Epoch 461 valid loss 328.1034 costs 00: 00: 13
[Valid]: Precision: 0.0032-0.0028-0.002-0.0015 Recall: 0.0152-0.0283-0.0459-0.0665 NDCG: 0.0094-0.013-0.0171-0.021 MRR: 0.0112-0.0128-0.0139-0.0144
[Test]: Precision: 0.0031-0.0026-0.002-0.0015 Recall: 0.0158-0.0265-0.0492-0.0723 NDCG: 0.0094-0.0125-0.0176-0.0221 MRR: 0.0108-0.0122-0.0135-0.0142
------------------------------------------------------
ood testing
[Valid]: Precision: 0.0024-0.002-0.0014-0.0011 Recall: 0.0213-0.035-0.0607-0.0915 NDCG: 0.0105-0.0141-0.0193-0.0244 MRR: 0.008-0.0091-0.01-0.0105
[Test]: Precision: 0.0025-0.002-0.0014-0.001 Recall: 0.0219-0.0362-0.0632-0.091 NDCG: 0.0109-0.0145-0.02-0.0246 MRR: 0.0083-0.0093-0.0102-0.0107
------------------------------------------------------
------------------------------------------------------
Runing Epoch 462 valid loss 328.1243 costs 00: 00: 13
[Valid]: Precision: 0.0032-0.0028-0.002-0.0015 Recall: 0.0152-0.0283-0.0458-0.0665 NDCG: 0.0094-0.013-0.0171-0.0211 MRR: 0.0112-0.0128-0.0139-0.0144
[Test]: Precision: 0.0031-0.0026-0.002-0.0015 Recall: 0.0158-0.0265-0.0491-0.0723 NDCG: 0.0094-0.0125-0.0176-0.0221 MRR: 0.0108-0.0122-0.0135-0.0142
------------------------------------------------------
ood testing
[Valid]: Precision: 0.0024-0.002-0.0014-0.0011 Recall: 0.0213-0.035-0.0606-0.0916 NDCG: 0.0105-0.0141-0.0192-0.0244 MRR: 0.008-0.0091-0.01-0.0105
[Test]: Precision: 0.0025-0.002-0.0014-0.001 Recall: 0.0219-0.0362-0.0631-0.0911 NDCG: 0.0109-0.0145-0.0199-0.0246 MRR: 0.0083-0.0093-0.0102-0.0107
------------------------------------------------------
------------------------------------------------------
Runing Epoch 463 valid loss 328.1214 costs 00: 00: 12
[Valid]: Precision: 0.0032-0.0028-0.002-0.0015 Recall: 0.0152-0.0283-0.0458-0.0665 NDCG: 0.0094-0.013-0.0171-0.0211 MRR: 0.0113-0.0129-0.014-0.0145
[Test]: Precision: 0.0031-0.0026-0.002-0.0015 Recall: 0.0158-0.0265-0.0491-0.0723 NDCG: 0.0095-0.0125-0.0177-0.0222 MRR: 0.0109-0.0123-0.0136-0.0143
------------------------------------------------------
ood testing
[Valid]: Precision: 0.0024-0.002-0.0014-0.0011 Recall: 0.0213-0.035-0.0607-0.0916 NDCG: 0.0105-0.014-0.0192-0.0244 MRR: 0.0079-0.009-0.0099-0.0104
[Test]: Precision: 0.0025-0.002-0.0014-0.001 Recall: 0.0219-0.0362-0.0631-0.091 NDCG: 0.0109-0.0145-0.0199-0.0246 MRR: 0.0083-0.0093-0.0102-0.0107
------------------------------------------------------
------------------------------------------------------
Runing Epoch 464 valid loss 328.1092 costs 00: 00: 13
[Valid]: Precision: 0.0032-0.0028-0.002-0.0015 Recall: 0.0152-0.0283-0.0457-0.0665 NDCG: 0.0094-0.013-0.0171-0.0211 MRR: 0.0113-0.0129-0.014-0.0145
[Test]: Precision: 0.0031-0.0026-0.002-0.0015 Recall: 0.0158-0.0265-0.0492-0.0723 NDCG: 0.0095-0.0125-0.0177-0.0222 MRR: 0.0109-0.0123-0.0136-0.0143
------------------------------------------------------
ood testing
[Valid]: Precision: 0.0024-0.002-0.0014-0.0011 Recall: 0.0213-0.035-0.0606-0.0916 NDCG: 0.0105-0.014-0.0192-0.0244 MRR: 0.0079-0.009-0.0099-0.0104
[Test]: Precision: 0.0025-0.002-0.0014-0.001 Recall: 0.0219-0.0362-0.0631-0.0909 NDCG: 0.0109-0.0145-0.0199-0.0246 MRR: 0.0083-0.0093-0.0102-0.0107
------------------------------------------------------
------------------------------------------------------
Runing Epoch 465 valid loss 328.1057 costs 00: 00: 14
[Valid]: Precision: 0.0032-0.0028-0.002-0.0015 Recall: 0.0152-0.0283-0.0457-0.0666 NDCG: 0.0094-0.013-0.0171-0.0211 MRR: 0.0112-0.0128-0.0139-0.0144
[Test]: Precision: 0.0031-0.0026-0.002-0.0015 Recall: 0.0158-0.0265-0.0492-0.0723 NDCG: 0.0094-0.0125-0.0176-0.0221 MRR: 0.0108-0.0122-0.0135-0.0142
------------------------------------------------------
ood testing
[Valid]: Precision: 0.0024-0.002-0.0014-0.0011 Recall: 0.0213-0.035-0.0606-0.0916 NDCG: 0.0105-0.0141-0.0193-0.0244 MRR: 0.008-0.0091-0.01-0.0105
[Test]: Precision: 0.0025-0.002-0.0014-0.001 Recall: 0.0219-0.0362-0.0631-0.0908 NDCG: 0.0109-0.0145-0.0199-0.0246 MRR: 0.0083-0.0093-0.0102-0.0107
------------------------------------------------------
------------------------------------------------------
Runing Epoch 466 valid loss 328.1086 costs 00: 00: 13
[Valid]: Precision: 0.0032-0.0028-0.002-0.0015 Recall: 0.0152-0.0283-0.0458-0.0665 NDCG: 0.0094-0.013-0.0171-0.0211 MRR: 0.0113-0.0129-0.014-0.0145
[Test]: Precision: 0.0031-0.0026-0.002-0.0015 Recall: 0.0158-0.0265-0.0491-0.0724 NDCG: 0.0095-0.0125-0.0177-0.0222 MRR: 0.0109-0.0123-0.0136-0.0143
------------------------------------------------------
ood testing
[Valid]: Precision: 0.0024-0.002-0.0014-0.0011 Recall: 0.0213-0.035-0.0607-0.0916 NDCG: 0.0105-0.014-0.0192-0.0244 MRR: 0.0079-0.009-0.0099-0.0104
[Test]: Precision: 0.0025-0.002-0.0014-0.001 Recall: 0.0219-0.0362-0.0631-0.091 NDCG: 0.0109-0.0145-0.0199-0.0246 MRR: 0.0083-0.0093-0.0102-0.0107
------------------------------------------------------
------------------------------------------------------
Runing Epoch 467 valid loss 328.1157 costs 00: 00: 13
[Valid]: Precision: 0.0032-0.0028-0.002-0.0015 Recall: 0.0152-0.0283-0.0457-0.0665 NDCG: 0.0094-0.013-0.0171-0.0211 MRR: 0.0113-0.0129-0.014-0.0145
[Test]: Precision: 0.0031-0.0026-0.002-0.0015 Recall: 0.0158-0.0265-0.0492-0.0723 NDCG: 0.0095-0.0125-0.0177-0.0222 MRR: 0.0109-0.0123-0.0136-0.0143
------------------------------------------------------
ood testing
[Valid]: Precision: 0.0024-0.002-0.0014-0.0011 Recall: 0.0213-0.035-0.0608-0.0916 NDCG: 0.0105-0.014-0.0192-0.0244 MRR: 0.0079-0.009-0.0099-0.0104
[Test]: Precision: 0.0025-0.002-0.0014-0.001 Recall: 0.0219-0.0362-0.0632-0.0909 NDCG: 0.0109-0.0145-0.02-0.0246 MRR: 0.0083-0.0093-0.0102-0.0107
------------------------------------------------------
------------------------------------------------------
Runing Epoch 468 valid loss 328.1144 costs 00: 00: 12
[Valid]: Precision: 0.0032-0.0028-0.002-0.0015 Recall: 0.0152-0.0283-0.0457-0.0666 NDCG: 0.0094-0.013-0.0171-0.0211 MRR: 0.0113-0.0129-0.014-0.0145
[Test]: Precision: 0.0031-0.0026-0.002-0.0015 Recall: 0.0158-0.0265-0.0492-0.0724 NDCG: 0.0095-0.0125-0.0177-0.0222 MRR: 0.0109-0.0123-0.0136-0.0143
------------------------------------------------------
ood testing
[Valid]: Precision: 0.0024-0.002-0.0014-0.0011 Recall: 0.0213-0.035-0.0608-0.0916 NDCG: 0.0105-0.014-0.0192-0.0244 MRR: 0.0079-0.009-0.0099-0.0104
[Test]: Precision: 0.0025-0.002-0.0014-0.001 Recall: 0.0219-0.0362-0.0632-0.091 NDCG: 0.0109-0.0145-0.02-0.0246 MRR: 0.0083-0.0093-0.0102-0.0107
------------------------------------------------------
------------------------------------------------------
Runing Epoch 469 valid loss 328.1153 costs 00: 00: 13
[Valid]: Precision: 0.0032-0.0028-0.002-0.0015 Recall: 0.0152-0.0283-0.0457-0.0667 NDCG: 0.0094-0.013-0.0171-0.0211 MRR: 0.0113-0.0129-0.014-0.0145
[Test]: Precision: 0.0031-0.0026-0.002-0.0015 Recall: 0.0158-0.0265-0.0491-0.0724 NDCG: 0.0095-0.0125-0.0177-0.0222 MRR: 0.0109-0.0123-0.0136-0.0143
------------------------------------------------------
ood testing
[Valid]: Precision: 0.0024-0.002-0.0014-0.0011 Recall: 0.0213-0.035-0.0608-0.0916 NDCG: 0.0105-0.014-0.0192-0.0244 MRR: 0.0079-0.009-0.0099-0.0104
[Test]: Precision: 0.0025-0.002-0.0014-0.001 Recall: 0.0219-0.0362-0.0632-0.0909 NDCG: 0.0109-0.0145-0.02-0.0246 MRR: 0.0083-0.0093-0.0102-0.0107
------------------------------------------------------
------------------------------------------------------
Runing Epoch 470 valid loss 328.1051 costs 00: 00: 12
[Valid]: Precision: 0.0032-0.0028-0.002-0.0015 Recall: 0.0152-0.0283-0.0457-0.0667 NDCG: 0.0094-0.013-0.0171-0.0211 MRR: 0.0113-0.0129-0.014-0.0145
[Test]: Precision: 0.0031-0.0026-0.002-0.0015 Recall: 0.0158-0.0265-0.0492-0.0724 NDCG: 0.0095-0.0125-0.0177-0.0222 MRR: 0.0109-0.0123-0.0136-0.0143
------------------------------------------------------
ood testing
[Valid]: Precision: 0.0024-0.002-0.0014-0.0011 Recall: 0.0213-0.035-0.0608-0.0915 NDCG: 0.0105-0.014-0.0192-0.0244 MRR: 0.0079-0.009-0.0099-0.0104
[Test]: Precision: 0.0025-0.002-0.0014-0.001 Recall: 0.0219-0.0362-0.0632-0.091 NDCG: 0.0109-0.0145-0.02-0.0246 MRR: 0.0083-0.0093-0.0102-0.0107
------------------------------------------------------
------------------------------------------------------
Runing Epoch 471 valid loss 328.1115 costs 00: 00: 13
[Valid]: Precision: 0.0032-0.0028-0.002-0.0015 Recall: 0.0152-0.0283-0.0457-0.0667 NDCG: 0.0094-0.013-0.0171-0.0211 MRR: 0.0113-0.0129-0.014-0.0145
[Test]: Precision: 0.0031-0.0026-0.002-0.0015 Recall: 0.0158-0.0265-0.0492-0.0724 NDCG: 0.0095-0.0125-0.0177-0.0222 MRR: 0.0109-0.0123-0.0136-0.0143
------------------------------------------------------
ood testing
[Valid]: Precision: 0.0024-0.002-0.0014-0.0011 Recall: 0.0213-0.035-0.0608-0.0915 NDCG: 0.0105-0.014-0.0192-0.0244 MRR: 0.0079-0.009-0.0099-0.0104
[Test]: Precision: 0.0025-0.002-0.0014-0.001 Recall: 0.0219-0.0362-0.0632-0.0908 NDCG: 0.0109-0.0145-0.02-0.0246 MRR: 0.0083-0.0093-0.0102-0.0107
------------------------------------------------------
------------------------------------------------------
Runing Epoch 472 valid loss 328.1141 costs 00: 00: 12
[Valid]: Precision: 0.0032-0.0028-0.002-0.0015 Recall: 0.0152-0.0283-0.0457-0.0666 NDCG: 0.0094-0.013-0.0171-0.0211 MRR: 0.0113-0.0129-0.014-0.0145
[Test]: Precision: 0.0031-0.0026-0.002-0.0015 Recall: 0.0158-0.0265-0.0492-0.0723 NDCG: 0.0095-0.0125-0.0177-0.0222 MRR: 0.0109-0.0123-0.0136-0.0143
------------------------------------------------------
ood testing
[Valid]: Precision: 0.0024-0.002-0.0014-0.0011 Recall: 0.0213-0.035-0.0608-0.0915 NDCG: 0.0105-0.014-0.0192-0.0244 MRR: 0.0079-0.009-0.0099-0.0104
[Test]: Precision: 0.0025-0.002-0.0014-0.001 Recall: 0.0219-0.0362-0.0632-0.091 NDCG: 0.0109-0.0145-0.02-0.0246 MRR: 0.0083-0.0093-0.0102-0.0107
------------------------------------------------------
------------------------------------------------------
Runing Epoch 473 valid loss 328.1117 costs 00: 00: 12
[Valid]: Precision: 0.0032-0.0028-0.002-0.0015 Recall: 0.0152-0.0283-0.0457-0.0666 NDCG: 0.0094-0.013-0.0171-0.0211 MRR: 0.0113-0.0129-0.014-0.0145
[Test]: Precision: 0.0031-0.0026-0.002-0.0015 Recall: 0.0158-0.0265-0.0492-0.0724 NDCG: 0.0095-0.0125-0.0177-0.0222 MRR: 0.0109-0.0123-0.0136-0.0143
------------------------------------------------------
ood testing
[Valid]: Precision: 0.0024-0.002-0.0014-0.0011 Recall: 0.0213-0.035-0.0608-0.0915 NDCG: 0.0105-0.014-0.0192-0.0244 MRR: 0.0079-0.009-0.0099-0.0104
[Test]: Precision: 0.0025-0.002-0.0014-0.001 Recall: 0.0219-0.0362-0.0632-0.0908 NDCG: 0.0109-0.0145-0.02-0.0246 MRR: 0.0083-0.0093-0.0102-0.0107
------------------------------------------------------
------------------------------------------------------
Runing Epoch 474 valid loss 328.1118 costs 00: 00: 12
[Valid]: Precision: 0.0032-0.0028-0.002-0.0015 Recall: 0.0152-0.0283-0.0457-0.0666 NDCG: 0.0094-0.013-0.0171-0.0211 MRR: 0.0113-0.0129-0.014-0.0145
[Test]: Precision: 0.0031-0.0026-0.002-0.0015 Recall: 0.0158-0.0265-0.0492-0.0724 NDCG: 0.0095-0.0125-0.0177-0.0222 MRR: 0.0109-0.0123-0.0136-0.0143
------------------------------------------------------
ood testing
[Valid]: Precision: 0.0024-0.002-0.0014-0.0011 Recall: 0.0213-0.035-0.0608-0.0915 NDCG: 0.0105-0.014-0.0192-0.0244 MRR: 0.0079-0.009-0.0099-0.0104
[Test]: Precision: 0.0025-0.002-0.0014-0.001 Recall: 0.0219-0.0362-0.0632-0.0908 NDCG: 0.0109-0.0145-0.02-0.0246 MRR: 0.0083-0.0093-0.0102-0.0107
------------------------------------------------------
------------------------------------------------------
Runing Epoch 475 valid loss 328.1124 costs 00: 00: 12
[Valid]: Precision: 0.0032-0.0028-0.002-0.0015 Recall: 0.0152-0.0283-0.0459-0.0665 NDCG: 0.0094-0.013-0.0171-0.0211 MRR: 0.0113-0.0129-0.014-0.0145
[Test]: Precision: 0.0031-0.0026-0.002-0.0015 Recall: 0.0158-0.0265-0.0492-0.0723 NDCG: 0.0095-0.0125-0.0177-0.0222 MRR: 0.0109-0.0123-0.0136-0.0143
------------------------------------------------------
ood testing
[Valid]: Precision: 0.0024-0.002-0.0014-0.0011 Recall: 0.0213-0.035-0.0607-0.0915 NDCG: 0.0105-0.014-0.0192-0.0244 MRR: 0.0079-0.009-0.0099-0.0104
[Test]: Precision: 0.0025-0.002-0.0014-0.001 Recall: 0.0219-0.0362-0.0632-0.0908 NDCG: 0.0109-0.0145-0.02-0.0246 MRR: 0.0083-0.0093-0.0102-0.0107
------------------------------------------------------
------------------------------------------------------
Runing Epoch 476 valid loss 328.1095 costs 00: 00: 13
[Valid]: Precision: 0.0032-0.0028-0.002-0.0015 Recall: 0.0152-0.0283-0.0459-0.0665 NDCG: 0.0094-0.013-0.0171-0.0211 MRR: 0.0113-0.0129-0.014-0.0145
[Test]: Precision: 0.0031-0.0026-0.002-0.0015 Recall: 0.0158-0.0265-0.0492-0.0723 NDCG: 0.0095-0.0125-0.0177-0.0222 MRR: 0.0109-0.0123-0.0136-0.0143
------------------------------------------------------
ood testing
[Valid]: Precision: 0.0024-0.002-0.0014-0.0011 Recall: 0.0213-0.035-0.0607-0.0915 NDCG: 0.0105-0.014-0.0192-0.0244 MRR: 0.0079-0.009-0.0099-0.0104
[Test]: Precision: 0.0025-0.002-0.0014-0.001 Recall: 0.0219-0.0362-0.0632-0.0908 NDCG: 0.0109-0.0145-0.02-0.0246 MRR: 0.0083-0.0093-0.0102-0.0107
------------------------------------------------------
------------------------------------------------------
Runing Epoch 477 valid loss 328.1131 costs 00: 00: 13
[Valid]: Precision: 0.0032-0.0028-0.002-0.0015 Recall: 0.0152-0.0283-0.0457-0.0665 NDCG: 0.0094-0.013-0.0171-0.0211 MRR: 0.0113-0.0129-0.014-0.0145
[Test]: Precision: 0.0031-0.0026-0.002-0.0015 Recall: 0.0158-0.0265-0.0493-0.0723 NDCG: 0.0095-0.0125-0.0177-0.0222 MRR: 0.0109-0.0123-0.0136-0.0143
------------------------------------------------------
ood testing
[Valid]: Precision: 0.0024-0.002-0.0014-0.0011 Recall: 0.0213-0.035-0.0607-0.0915 NDCG: 0.0105-0.014-0.0192-0.0244 MRR: 0.0079-0.009-0.0099-0.0104
[Test]: Precision: 0.0025-0.002-0.0014-0.001 Recall: 0.0219-0.0362-0.0631-0.0909 NDCG: 0.0109-0.0145-0.0199-0.0246 MRR: 0.0083-0.0093-0.0102-0.0107
------------------------------------------------------
------------------------------------------------------
Runing Epoch 478 valid loss 328.1133 costs 00: 00: 12
[Valid]: Precision: 0.0032-0.0028-0.002-0.0015 Recall: 0.0152-0.0283-0.0457-0.0665 NDCG: 0.0094-0.013-0.0171-0.0211 MRR: 0.0113-0.0129-0.014-0.0145
[Test]: Precision: 0.0031-0.0026-0.002-0.0015 Recall: 0.0158-0.0265-0.0488-0.0723 NDCG: 0.0095-0.0125-0.0176-0.0222 MRR: 0.0109-0.0123-0.0136-0.0143
------------------------------------------------------
ood testing
[Valid]: Precision: 0.0024-0.002-0.0014-0.0011 Recall: 0.0213-0.035-0.0606-0.0915 NDCG: 0.0105-0.014-0.0192-0.0244 MRR: 0.0079-0.009-0.0099-0.0104
[Test]: Precision: 0.0025-0.002-0.0014-0.001 Recall: 0.0219-0.0362-0.0629-0.0909 NDCG: 0.0109-0.0145-0.0199-0.0246 MRR: 0.0083-0.0093-0.0102-0.0107
------------------------------------------------------
------------------------------------------------------
Runing Epoch 479 valid loss 328.1144 costs 00: 00: 13
[Valid]: Precision: 0.0032-0.0028-0.002-0.0015 Recall: 0.0152-0.0283-0.046-0.0665 NDCG: 0.0094-0.013-0.0171-0.0211 MRR: 0.0113-0.0129-0.014-0.0145
[Test]: Precision: 0.0031-0.0026-0.002-0.0015 Recall: 0.0158-0.0265-0.0492-0.0723 NDCG: 0.0095-0.0125-0.0177-0.0222 MRR: 0.0109-0.0123-0.0136-0.0143
------------------------------------------------------
ood testing
[Valid]: Precision: 0.0024-0.002-0.0014-0.0011 Recall: 0.0213-0.035-0.0608-0.0916 NDCG: 0.0105-0.014-0.0192-0.0244 MRR: 0.0079-0.009-0.0099-0.0104
[Test]: Precision: 0.0025-0.002-0.0014-0.001 Recall: 0.0219-0.0362-0.0631-0.0908 NDCG: 0.0109-0.0145-0.0199-0.0246 MRR: 0.0083-0.0093-0.0102-0.0107
------------------------------------------------------
------------------------------------------------------
Runing Epoch 480 valid loss 328.1177 costs 00: 00: 13
[Valid]: Precision: 0.0032-0.0028-0.002-0.0015 Recall: 0.0152-0.0283-0.0457-0.0666 NDCG: 0.0094-0.013-0.0171-0.0211 MRR: 0.0113-0.0129-0.014-0.0145
[Test]: Precision: 0.0031-0.0026-0.002-0.0015 Recall: 0.0158-0.0265-0.0487-0.0724 NDCG: 0.0095-0.0125-0.0176-0.0222 MRR: 0.0109-0.0123-0.0136-0.0143
------------------------------------------------------
ood testing
[Valid]: Precision: 0.0024-0.002-0.0014-0.0011 Recall: 0.0213-0.035-0.0606-0.0914 NDCG: 0.0105-0.014-0.0192-0.0244 MRR: 0.0079-0.009-0.0099-0.0104
[Test]: Precision: 0.0025-0.002-0.0014-0.001 Recall: 0.0219-0.0362-0.0629-0.0908 NDCG: 0.0109-0.0145-0.0199-0.0245 MRR: 0.0083-0.0093-0.0102-0.0107
------------------------------------------------------
------------------------------------------------------
Runing Epoch 481 valid loss 328.1054 costs 00: 00: 14
[Valid]: Precision: 0.0032-0.0028-0.002-0.0015 Recall: 0.0152-0.0283-0.0457-0.0666 NDCG: 0.0094-0.013-0.0171-0.0211 MRR: 0.0113-0.0129-0.014-0.0145
[Test]: Precision: 0.0031-0.0026-0.002-0.0015 Recall: 0.0158-0.0265-0.0487-0.0724 NDCG: 0.0095-0.0125-0.0176-0.0222 MRR: 0.0109-0.0123-0.0136-0.0143
------------------------------------------------------
ood testing
[Valid]: Precision: 0.0024-0.002-0.0014-0.0011 Recall: 0.0213-0.035-0.0606-0.0916 NDCG: 0.0105-0.014-0.0192-0.0244 MRR: 0.0079-0.009-0.0099-0.0104
[Test]: Precision: 0.0025-0.002-0.0014-0.001 Recall: 0.0219-0.0362-0.0629-0.0908 NDCG: 0.0109-0.0145-0.0199-0.0246 MRR: 0.0083-0.0093-0.0102-0.0107
------------------------------------------------------
------------------------------------------------------
Runing Epoch 482 valid loss 328.1129 costs 00: 00: 12
[Valid]: Precision: 0.0032-0.0028-0.002-0.0015 Recall: 0.0152-0.0283-0.0459-0.0667 NDCG: 0.0094-0.013-0.0171-0.0211 MRR: 0.0113-0.0129-0.014-0.0145
[Test]: Precision: 0.0031-0.0026-0.002-0.0015 Recall: 0.0158-0.0265-0.049-0.0724 NDCG: 0.0095-0.0125-0.0176-0.0222 MRR: 0.0109-0.0123-0.0136-0.0143
------------------------------------------------------
ood testing
[Valid]: Precision: 0.0024-0.002-0.0014-0.0011 Recall: 0.0213-0.035-0.0608-0.0915 NDCG: 0.0105-0.014-0.0192-0.0244 MRR: 0.0079-0.009-0.0099-0.0104
[Test]: Precision: 0.0025-0.002-0.0014-0.001 Recall: 0.0219-0.0362-0.0629-0.0908 NDCG: 0.0109-0.0145-0.0199-0.0246 MRR: 0.0083-0.0093-0.0102-0.0107
------------------------------------------------------
------------------------------------------------------
Runing Epoch 483 valid loss 328.1233 costs 00: 00: 12
[Valid]: Precision: 0.0032-0.0028-0.002-0.0015 Recall: 0.0152-0.0283-0.0459-0.0665 NDCG: 0.0094-0.013-0.0171-0.0211 MRR: 0.0113-0.0129-0.014-0.0145
[Test]: Precision: 0.0031-0.0026-0.002-0.0015 Recall: 0.0158-0.0265-0.049-0.0724 NDCG: 0.0095-0.0125-0.0176-0.0222 MRR: 0.0109-0.0123-0.0136-0.0143
------------------------------------------------------
ood testing
[Valid]: Precision: 0.0024-0.002-0.0014-0.0011 Recall: 0.0213-0.035-0.0607-0.0916 NDCG: 0.0105-0.014-0.0192-0.0244 MRR: 0.0079-0.009-0.0099-0.0104
[Test]: Precision: 0.0025-0.002-0.0014-0.001 Recall: 0.0219-0.0362-0.0629-0.0908 NDCG: 0.0109-0.0145-0.0199-0.0246 MRR: 0.0083-0.0093-0.0102-0.0107
------------------------------------------------------
------------------------------------------------------
Runing Epoch 484 valid loss 328.1132 costs 00: 00: 12
[Valid]: Precision: 0.0032-0.0028-0.002-0.0015 Recall: 0.0152-0.0283-0.0459-0.0665 NDCG: 0.0094-0.013-0.0171-0.0211 MRR: 0.0113-0.0129-0.014-0.0145
[Test]: Precision: 0.0031-0.0026-0.002-0.0015 Recall: 0.0158-0.0265-0.049-0.0724 NDCG: 0.0095-0.0125-0.0176-0.0222 MRR: 0.0109-0.0123-0.0136-0.0143
------------------------------------------------------
ood testing
[Valid]: Precision: 0.0024-0.002-0.0014-0.0011 Recall: 0.0213-0.035-0.0607-0.0916 NDCG: 0.0105-0.014-0.0192-0.0244 MRR: 0.0079-0.009-0.0099-0.0104
[Test]: Precision: 0.0025-0.002-0.0014-0.001 Recall: 0.0219-0.0362-0.0629-0.0908 NDCG: 0.0109-0.0145-0.0199-0.0246 MRR: 0.0083-0.0093-0.0102-0.0107
------------------------------------------------------
------------------------------------------------------
Runing Epoch 485 valid loss 328.1101 costs 00: 00: 12
[Valid]: Precision: 0.0032-0.0028-0.002-0.0015 Recall: 0.0152-0.0283-0.0459-0.0668 NDCG: 0.0094-0.013-0.0171-0.0211 MRR: 0.0113-0.0129-0.014-0.0145
[Test]: Precision: 0.0031-0.0026-0.002-0.0015 Recall: 0.0158-0.0265-0.049-0.0726 NDCG: 0.0095-0.0125-0.0176-0.0222 MRR: 0.0109-0.0123-0.0136-0.0143
------------------------------------------------------
ood testing
[Valid]: Precision: 0.0024-0.002-0.0014-0.0011 Recall: 0.0213-0.035-0.0607-0.0914 NDCG: 0.0105-0.014-0.0192-0.0244 MRR: 0.0079-0.009-0.0099-0.0104
[Test]: Precision: 0.0025-0.002-0.0014-0.001 Recall: 0.0219-0.0362-0.0629-0.0907 NDCG: 0.0109-0.0145-0.0199-0.0245 MRR: 0.0083-0.0093-0.0102-0.0107
------------------------------------------------------
------------------------------------------------------
Runing Epoch 486 valid loss 328.1095 costs 00: 00: 12
[Valid]: Precision: 0.0032-0.0028-0.002-0.0015 Recall: 0.0152-0.0283-0.0457-0.0667 NDCG: 0.0094-0.013-0.0171-0.0211 MRR: 0.0113-0.0129-0.014-0.0145
[Test]: Precision: 0.0031-0.0026-0.0019-0.0015 Recall: 0.0158-0.0265-0.0487-0.0724 NDCG: 0.0095-0.0125-0.0176-0.0222 MRR: 0.0109-0.0123-0.0136-0.0143
------------------------------------------------------
ood testing
[Valid]: Precision: 0.0024-0.002-0.0014-0.0011 Recall: 0.0213-0.035-0.0606-0.0915 NDCG: 0.0105-0.014-0.0192-0.0244 MRR: 0.0079-0.009-0.0099-0.0104
[Test]: Precision: 0.0025-0.002-0.0014-0.001 Recall: 0.0219-0.0362-0.0629-0.0909 NDCG: 0.0109-0.0145-0.0199-0.0246 MRR: 0.0083-0.0093-0.0102-0.0107
------------------------------------------------------
------------------------------------------------------
Runing Epoch 487 valid loss 328.1137 costs 00: 00: 12
[Valid]: Precision: 0.0032-0.0028-0.002-0.0015 Recall: 0.0152-0.0283-0.0458-0.0666 NDCG: 0.0094-0.013-0.0171-0.0211 MRR: 0.0113-0.0129-0.014-0.0145
[Test]: Precision: 0.0031-0.0026-0.0019-0.0015 Recall: 0.0158-0.0265-0.0487-0.0724 NDCG: 0.0095-0.0125-0.0176-0.0222 MRR: 0.0109-0.0123-0.0136-0.0143
------------------------------------------------------
ood testing
[Valid]: Precision: 0.0024-0.002-0.0014-0.0011 Recall: 0.0213-0.035-0.0607-0.0915 NDCG: 0.0105-0.014-0.0192-0.0244 MRR: 0.0079-0.009-0.0099-0.0104
[Test]: Precision: 0.0025-0.002-0.0014-0.001 Recall: 0.0219-0.0362-0.063-0.0908 NDCG: 0.0109-0.0145-0.0199-0.0246 MRR: 0.0083-0.0093-0.0102-0.0107
------------------------------------------------------
------------------------------------------------------
Runing Epoch 488 valid loss 328.1214 costs 00: 00: 12
[Valid]: Precision: 0.0032-0.0028-0.002-0.0015 Recall: 0.0152-0.0283-0.0457-0.0665 NDCG: 0.0094-0.013-0.0171-0.0211 MRR: 0.0113-0.0129-0.014-0.0145
[Test]: Precision: 0.0031-0.0026-0.002-0.0015 Recall: 0.0158-0.0265-0.0489-0.0723 NDCG: 0.0095-0.0125-0.0176-0.0222 MRR: 0.0109-0.0123-0.0136-0.0143
------------------------------------------------------
ood testing
[Valid]: Precision: 0.0024-0.002-0.0014-0.0011 Recall: 0.0213-0.035-0.0606-0.0915 NDCG: 0.0105-0.014-0.0192-0.0244 MRR: 0.0079-0.009-0.0099-0.0104
[Test]: Precision: 0.0025-0.002-0.0014-0.001 Recall: 0.0219-0.0362-0.0629-0.0909 NDCG: 0.0109-0.0145-0.0199-0.0246 MRR: 0.0083-0.0093-0.0102-0.0107
------------------------------------------------------
------------------------------------------------------
Runing Epoch 489 valid loss 328.1061 costs 00: 00: 12
[Valid]: Precision: 0.0032-0.0028-0.002-0.0015 Recall: 0.0152-0.0283-0.0457-0.0666 NDCG: 0.0094-0.013-0.0171-0.0211 MRR: 0.0113-0.0129-0.014-0.0145
[Test]: Precision: 0.0031-0.0026-0.002-0.0015 Recall: 0.0158-0.0265-0.0488-0.0724 NDCG: 0.0095-0.0125-0.0176-0.0222 MRR: 0.0109-0.0123-0.0136-0.0143
------------------------------------------------------
ood testing
[Valid]: Precision: 0.0024-0.002-0.0014-0.0011 Recall: 0.0213-0.035-0.0606-0.0916 NDCG: 0.0105-0.014-0.0192-0.0244 MRR: 0.0079-0.009-0.0099-0.0104
[Test]: Precision: 0.0025-0.002-0.0014-0.001 Recall: 0.0219-0.0362-0.0629-0.091 NDCG: 0.0109-0.0145-0.0199-0.0246 MRR: 0.0083-0.0093-0.0102-0.0107
------------------------------------------------------
------------------------------------------------------
Runing Epoch 490 valid loss 328.1109 costs 00: 00: 12
[Valid]: Precision: 0.0032-0.0028-0.002-0.0015 Recall: 0.0152-0.0283-0.0457-0.0665 NDCG: 0.0094-0.013-0.0171-0.0211 MRR: 0.0113-0.0129-0.014-0.0145
[Test]: Precision: 0.0031-0.0026-0.002-0.0015 Recall: 0.0158-0.0265-0.049-0.0723 NDCG: 0.0095-0.0125-0.0176-0.0222 MRR: 0.0109-0.0123-0.0136-0.0143
------------------------------------------------------
ood testing
[Valid]: Precision: 0.0024-0.002-0.0014-0.0011 Recall: 0.0213-0.035-0.0605-0.0916 NDCG: 0.0105-0.014-0.0192-0.0244 MRR: 0.0079-0.009-0.0099-0.0104
[Test]: Precision: 0.0025-0.002-0.0014-0.001 Recall: 0.0219-0.0362-0.0631-0.091 NDCG: 0.0109-0.0145-0.0199-0.0246 MRR: 0.0083-0.0093-0.0102-0.0107
------------------------------------------------------
------------------------------------------------------
Runing Epoch 491 valid loss 328.1089 costs 00: 00: 12
[Valid]: Precision: 0.0032-0.0028-0.002-0.0015 Recall: 0.0152-0.0283-0.0457-0.0665 NDCG: 0.0094-0.013-0.0171-0.0211 MRR: 0.0113-0.0129-0.014-0.0145
[Test]: Precision: 0.0031-0.0026-0.002-0.0015 Recall: 0.0158-0.0265-0.0488-0.0724 NDCG: 0.0095-0.0125-0.0176-0.0222 MRR: 0.0109-0.0123-0.0136-0.0143
------------------------------------------------------
ood testing
[Valid]: Precision: 0.0024-0.002-0.0014-0.0011 Recall: 0.0213-0.035-0.0605-0.0916 NDCG: 0.0105-0.014-0.0192-0.0244 MRR: 0.0079-0.009-0.0099-0.0104
[Test]: Precision: 0.0025-0.002-0.0014-0.001 Recall: 0.0219-0.0362-0.0631-0.0911 NDCG: 0.0109-0.0145-0.0199-0.0246 MRR: 0.0083-0.0093-0.0102-0.0107
------------------------------------------------------
------------------------------------------------------
Runing Epoch 492 valid loss 328.1201 costs 00: 00: 13
[Valid]: Precision: 0.0032-0.0028-0.002-0.0015 Recall: 0.0152-0.0283-0.0457-0.0665 NDCG: 0.0094-0.013-0.0171-0.0211 MRR: 0.0113-0.0129-0.014-0.0145
[Test]: Precision: 0.0031-0.0026-0.002-0.0015 Recall: 0.0158-0.0265-0.0487-0.0723 NDCG: 0.0095-0.0125-0.0176-0.0222 MRR: 0.0109-0.0123-0.0136-0.0143
------------------------------------------------------
ood testing
[Valid]: Precision: 0.0024-0.002-0.0014-0.0011 Recall: 0.0213-0.035-0.0606-0.0916 NDCG: 0.0105-0.014-0.0192-0.0244 MRR: 0.0079-0.009-0.0099-0.0104
[Test]: Precision: 0.0025-0.002-0.0014-0.001 Recall: 0.0219-0.0362-0.0629-0.091 NDCG: 0.0109-0.0145-0.0199-0.0246 MRR: 0.0083-0.0093-0.0102-0.0107
------------------------------------------------------
------------------------------------------------------
Runing Epoch 493 valid loss 328.1228 costs 00: 00: 12
[Valid]: Precision: 0.0032-0.0028-0.002-0.0015 Recall: 0.0152-0.0283-0.0457-0.0665 NDCG: 0.0094-0.013-0.0171-0.0211 MRR: 0.0113-0.0129-0.014-0.0145
[Test]: Precision: 0.0031-0.0026-0.002-0.0015 Recall: 0.0158-0.0265-0.0487-0.0725 NDCG: 0.0095-0.0125-0.0176-0.0222 MRR: 0.0109-0.0123-0.0136-0.0143
------------------------------------------------------
ood testing
[Valid]: Precision: 0.0024-0.002-0.0014-0.0011 Recall: 0.0213-0.035-0.0606-0.0917 NDCG: 0.0105-0.014-0.0192-0.0244 MRR: 0.0079-0.009-0.0099-0.0104
[Test]: Precision: 0.0025-0.002-0.0014-0.001 Recall: 0.0219-0.0362-0.0629-0.091 NDCG: 0.0109-0.0145-0.0199-0.0246 MRR: 0.0083-0.0093-0.0102-0.0107
------------------------------------------------------
------------------------------------------------------
Runing Epoch 494 valid loss 328.1061 costs 00: 00: 12
[Valid]: Precision: 0.0032-0.0028-0.002-0.0015 Recall: 0.0152-0.0283-0.0457-0.0665 NDCG: 0.0094-0.013-0.0171-0.0211 MRR: 0.0113-0.0129-0.014-0.0145
[Test]: Precision: 0.0031-0.0026-0.002-0.0015 Recall: 0.0158-0.0265-0.0487-0.0724 NDCG: 0.0095-0.0125-0.0176-0.0222 MRR: 0.0109-0.0123-0.0136-0.0143
------------------------------------------------------
ood testing
[Valid]: Precision: 0.0024-0.002-0.0014-0.0011 Recall: 0.0213-0.035-0.0606-0.0916 NDCG: 0.0105-0.014-0.0192-0.0244 MRR: 0.0079-0.009-0.0099-0.0104
[Test]: Precision: 0.0025-0.002-0.0014-0.001 Recall: 0.0219-0.0362-0.0629-0.091 NDCG: 0.0109-0.0145-0.0199-0.0246 MRR: 0.0083-0.0093-0.0102-0.0107
------------------------------------------------------
------------------------------------------------------
Runing Epoch 495 valid loss 328.1136 costs 00: 00: 12
[Valid]: Precision: 0.0032-0.0028-0.002-0.0015 Recall: 0.0152-0.0283-0.0457-0.0665 NDCG: 0.0094-0.013-0.0171-0.0211 MRR: 0.0113-0.0129-0.014-0.0145
[Test]: Precision: 0.0031-0.0026-0.002-0.0015 Recall: 0.0158-0.0265-0.0488-0.0724 NDCG: 0.0095-0.0125-0.0176-0.0222 MRR: 0.0109-0.0123-0.0136-0.0143
------------------------------------------------------
ood testing
[Valid]: Precision: 0.0024-0.002-0.0014-0.0011 Recall: 0.0213-0.035-0.0605-0.0916 NDCG: 0.0105-0.014-0.0192-0.0244 MRR: 0.0079-0.009-0.0099-0.0104
[Test]: Precision: 0.0025-0.002-0.0014-0.001 Recall: 0.0219-0.0362-0.0631-0.091 NDCG: 0.0109-0.0145-0.0199-0.0246 MRR: 0.0083-0.0093-0.0102-0.0107
------------------------------------------------------
------------------------------------------------------
Runing Epoch 496 valid loss 328.1110 costs 00: 00: 12
[Valid]: Precision: 0.0032-0.0028-0.002-0.0015 Recall: 0.0152-0.0283-0.0457-0.0664 NDCG: 0.0094-0.013-0.0171-0.0211 MRR: 0.0113-0.0129-0.014-0.0145
[Test]: Precision: 0.0031-0.0026-0.002-0.0015 Recall: 0.0158-0.0265-0.0487-0.0725 NDCG: 0.0095-0.0125-0.0176-0.0222 MRR: 0.0109-0.0123-0.0136-0.0143
------------------------------------------------------
ood testing
[Valid]: Precision: 0.0024-0.002-0.0014-0.0011 Recall: 0.0213-0.035-0.0606-0.0917 NDCG: 0.0105-0.014-0.0192-0.0244 MRR: 0.0079-0.009-0.0099-0.0104
[Test]: Precision: 0.0025-0.002-0.0014-0.001 Recall: 0.0219-0.0362-0.0629-0.091 NDCG: 0.0109-0.0145-0.0199-0.0246 MRR: 0.0083-0.0093-0.0102-0.0107
------------------------------------------------------
------------------------------------------------------
Runing Epoch 497 valid loss 328.1232 costs 00: 00: 12
[Valid]: Precision: 0.0032-0.0028-0.002-0.0015 Recall: 0.0152-0.0283-0.0458-0.0665 NDCG: 0.0094-0.013-0.0171-0.0211 MRR: 0.0113-0.0129-0.014-0.0145
[Test]: Precision: 0.0031-0.0026-0.0019-0.0015 Recall: 0.0158-0.0265-0.0487-0.0725 NDCG: 0.0095-0.0125-0.0176-0.0222 MRR: 0.0109-0.0123-0.0136-0.0143
------------------------------------------------------
ood testing
[Valid]: Precision: 0.0024-0.002-0.0014-0.0011 Recall: 0.0213-0.035-0.0608-0.0917 NDCG: 0.0105-0.014-0.0192-0.0244 MRR: 0.0079-0.009-0.0099-0.0104
[Test]: Precision: 0.0025-0.002-0.0014-0.001 Recall: 0.0219-0.0362-0.063-0.091 NDCG: 0.0109-0.0145-0.0199-0.0246 MRR: 0.0083-0.0093-0.0102-0.0107
------------------------------------------------------
------------------------------------------------------
Runing Epoch 498 valid loss 328.1169 costs 00: 00: 12
[Valid]: Precision: 0.0032-0.0028-0.002-0.0015 Recall: 0.0152-0.0283-0.0457-0.0665 NDCG: 0.0094-0.013-0.0171-0.0211 MRR: 0.0113-0.0129-0.014-0.0145
[Test]: Precision: 0.0031-0.0026-0.002-0.0015 Recall: 0.0158-0.0265-0.0492-0.0725 NDCG: 0.0095-0.0125-0.0177-0.0222 MRR: 0.0109-0.0123-0.0136-0.0143
------------------------------------------------------
ood testing
[Valid]: Precision: 0.0024-0.002-0.0014-0.0011 Recall: 0.0213-0.035-0.0608-0.0917 NDCG: 0.0105-0.014-0.0193-0.0244 MRR: 0.0079-0.009-0.0099-0.0104
[Test]: Precision: 0.0025-0.002-0.0014-0.001 Recall: 0.0219-0.0362-0.0632-0.091 NDCG: 0.0109-0.0145-0.02-0.0246 MRR: 0.0083-0.0093-0.0102-0.0107
------------------------------------------------------
------------------------------------------------------
Runing Epoch 499 valid loss 328.1067 costs 00: 00: 12
[Valid]: Precision: 0.0032-0.0028-0.002-0.0015 Recall: 0.0152-0.0283-0.0457-0.0665 NDCG: 0.0094-0.013-0.0171-0.0211 MRR: 0.0113-0.0129-0.014-0.0145
[Test]: Precision: 0.0031-0.0026-0.002-0.0015 Recall: 0.0158-0.0265-0.0488-0.0725 NDCG: 0.0095-0.0125-0.0176-0.0222 MRR: 0.0109-0.0123-0.0136-0.0143
------------------------------------------------------
ood testing
[Valid]: Precision: 0.0024-0.002-0.0014-0.0011 Recall: 0.0213-0.035-0.0605-0.0917 NDCG: 0.0105-0.014-0.0192-0.0244 MRR: 0.0079-0.009-0.0099-0.0104
[Test]: Precision: 0.0025-0.002-0.0014-0.001 Recall: 0.0219-0.0362-0.063-0.091 NDCG: 0.0109-0.0145-0.0199-0.0246 MRR: 0.0083-0.0093-0.0102-0.0107
------------------------------------------------------
------------------------------------------------------
Runing Epoch 500 valid loss 328.1169 costs 00: 00: 12
[Valid]: Precision: 0.0032-0.0028-0.002-0.0015 Recall: 0.0152-0.0283-0.0458-0.0666 NDCG: 0.0094-0.013-0.0171-0.0211 MRR: 0.0113-0.0129-0.014-0.0145
[Test]: Precision: 0.0031-0.0026-0.002-0.0015 Recall: 0.0158-0.0265-0.0488-0.0725 NDCG: 0.0095-0.0125-0.0176-0.0222 MRR: 0.0109-0.0123-0.0136-0.0143
------------------------------------------------------
ood testing
[Valid]: Precision: 0.0024-0.002-0.0014-0.0011 Recall: 0.0213-0.035-0.0605-0.0917 NDCG: 0.0105-0.014-0.0192-0.0244 MRR: 0.0079-0.009-0.0099-0.0104
[Test]: Precision: 0.0025-0.002-0.0014-0.001 Recall: 0.0219-0.0362-0.0631-0.091 NDCG: 0.0109-0.0145-0.0199-0.0246 MRR: 0.0083-0.0093-0.0102-0.0107
------------------------------------------------------
------------------------------------------------------
Runing Epoch 501 valid loss 328.1101 costs 00: 00: 12
[Valid]: Precision: 0.0032-0.0028-0.002-0.0015 Recall: 0.0152-0.0283-0.0457-0.0665 NDCG: 0.0094-0.013-0.0171-0.0211 MRR: 0.0113-0.0129-0.014-0.0145
[Test]: Precision: 0.0031-0.0026-0.002-0.0015 Recall: 0.0158-0.0265-0.0491-0.0724 NDCG: 0.0095-0.0125-0.0177-0.0222 MRR: 0.0109-0.0123-0.0136-0.0143
------------------------------------------------------
ood testing
[Valid]: Precision: 0.0024-0.002-0.0014-0.0011 Recall: 0.0213-0.035-0.0607-0.0916 NDCG: 0.0105-0.014-0.0192-0.0244 MRR: 0.0079-0.009-0.0099-0.0104
[Test]: Precision: 0.0025-0.002-0.0014-0.001 Recall: 0.0219-0.0362-0.0631-0.091 NDCG: 0.0109-0.0145-0.0199-0.0246 MRR: 0.0083-0.0093-0.0102-0.0107
------------------------------------------------------
------------------------------------------------------
Runing Epoch 502 valid loss 328.1113 costs 00: 00: 12
[Valid]: Precision: 0.0032-0.0028-0.002-0.0015 Recall: 0.0152-0.0283-0.0457-0.0665 NDCG: 0.0094-0.013-0.0171-0.0211 MRR: 0.0112-0.0128-0.0139-0.0144
[Test]: Precision: 0.0031-0.0026-0.002-0.0015 Recall: 0.0158-0.0265-0.0488-0.0724 NDCG: 0.0094-0.0125-0.0176-0.0221 MRR: 0.0108-0.0122-0.0135-0.0142
------------------------------------------------------
ood testing
[Valid]: Precision: 0.0024-0.002-0.0014-0.0011 Recall: 0.0213-0.035-0.0605-0.0916 NDCG: 0.0105-0.0141-0.0192-0.0244 MRR: 0.008-0.0091-0.01-0.0105
[Test]: Precision: 0.0025-0.002-0.0014-0.001 Recall: 0.0219-0.0362-0.0631-0.091 NDCG: 0.0109-0.0145-0.0199-0.0246 MRR: 0.0083-0.0093-0.0102-0.0107
------------------------------------------------------
------------------------------------------------------
Runing Epoch 503 valid loss 328.1134 costs 00: 00: 12
[Valid]: Precision: 0.0032-0.0028-0.002-0.0015 Recall: 0.0152-0.0283-0.0459-0.0664 NDCG: 0.0094-0.013-0.0171-0.021 MRR: 0.0112-0.0128-0.0139-0.0144
[Test]: Precision: 0.0031-0.0026-0.002-0.0015 Recall: 0.0158-0.0265-0.0488-0.0725 NDCG: 0.0094-0.0125-0.0175-0.0222 MRR: 0.0108-0.0122-0.0135-0.0142
------------------------------------------------------
ood testing
[Valid]: Precision: 0.0024-0.002-0.0014-0.0011 Recall: 0.0213-0.035-0.0606-0.0917 NDCG: 0.0105-0.0141-0.0193-0.0244 MRR: 0.008-0.0091-0.01-0.0105
[Test]: Precision: 0.0025-0.002-0.0014-0.001 Recall: 0.0219-0.0362-0.0632-0.0911 NDCG: 0.0109-0.0145-0.02-0.0246 MRR: 0.0083-0.0093-0.0102-0.0107
------------------------------------------------------
------------------------------------------------------
Runing Epoch 504 valid loss 328.1109 costs 00: 00: 12
[Valid]: Precision: 0.0032-0.0028-0.002-0.0015 Recall: 0.0152-0.0283-0.0457-0.0667 NDCG: 0.0094-0.013-0.0171-0.0211 MRR: 0.0113-0.0129-0.014-0.0145
[Test]: Precision: 0.0031-0.0026-0.002-0.0015 Recall: 0.0158-0.0265-0.0487-0.0725 NDCG: 0.0095-0.0125-0.0176-0.0222 MRR: 0.0109-0.0123-0.0136-0.0143
------------------------------------------------------
ood testing
[Valid]: Precision: 0.0024-0.002-0.0014-0.0011 Recall: 0.0213-0.035-0.0606-0.0917 NDCG: 0.0105-0.014-0.0192-0.0244 MRR: 0.0079-0.009-0.0099-0.0104
[Test]: Precision: 0.0025-0.002-0.0014-0.001 Recall: 0.0219-0.0362-0.0629-0.0913 NDCG: 0.0109-0.0145-0.0199-0.0246 MRR: 0.0083-0.0093-0.0102-0.0107
------------------------------------------------------
------------------------------------------------------
Runing Epoch 505 valid loss 328.1104 costs 00: 00: 12
[Valid]: Precision: 0.0032-0.0028-0.002-0.0015 Recall: 0.0152-0.0283-0.0458-0.0667 NDCG: 0.0094-0.013-0.0171-0.0211 MRR: 0.0113-0.0129-0.014-0.0145
[Test]: Precision: 0.0031-0.0026-0.002-0.0015 Recall: 0.0158-0.0265-0.0488-0.0726 NDCG: 0.0095-0.0125-0.0176-0.0222 MRR: 0.0109-0.0123-0.0136-0.0143
------------------------------------------------------
ood testing
[Valid]: Precision: 0.0024-0.002-0.0014-0.0011 Recall: 0.0213-0.035-0.0605-0.0916 NDCG: 0.0105-0.014-0.0192-0.0244 MRR: 0.0079-0.009-0.0099-0.0104
[Test]: Precision: 0.0025-0.002-0.0014-0.001 Recall: 0.0219-0.0362-0.0631-0.091 NDCG: 0.0109-0.0145-0.0199-0.0246 MRR: 0.0083-0.0093-0.0102-0.0107
------------------------------------------------------
------------------------------------------------------
Runing Epoch 506 valid loss 328.1195 costs 00: 00: 12
[Valid]: Precision: 0.0032-0.0028-0.002-0.0015 Recall: 0.0152-0.0283-0.0459-0.0667 NDCG: 0.0094-0.013-0.0171-0.0211 MRR: 0.0113-0.0129-0.014-0.0145
[Test]: Precision: 0.0031-0.0026-0.002-0.0015 Recall: 0.0158-0.0265-0.0488-0.0726 NDCG: 0.0095-0.0125-0.0176-0.0222 MRR: 0.0109-0.0123-0.0136-0.0143
------------------------------------------------------
ood testing
[Valid]: Precision: 0.0024-0.002-0.0014-0.0011 Recall: 0.0213-0.035-0.0606-0.0916 NDCG: 0.0105-0.014-0.0192-0.0244 MRR: 0.0079-0.009-0.0099-0.0104
[Test]: Precision: 0.0025-0.002-0.0014-0.001 Recall: 0.0219-0.0362-0.0631-0.0911 NDCG: 0.0109-0.0145-0.0199-0.0246 MRR: 0.0083-0.0093-0.0102-0.0107
------------------------------------------------------
------------------------------------------------------
Runing Epoch 507 valid loss 328.1136 costs 00: 00: 12
[Valid]: Precision: 0.0032-0.0028-0.002-0.0015 Recall: 0.0152-0.0283-0.0457-0.0668 NDCG: 0.0094-0.013-0.0171-0.0211 MRR: 0.0113-0.0129-0.014-0.0145
[Test]: Precision: 0.0031-0.0026-0.002-0.0015 Recall: 0.0158-0.0265-0.0488-0.0726 NDCG: 0.0095-0.0125-0.0176-0.0222 MRR: 0.0109-0.0123-0.0136-0.0143
------------------------------------------------------
ood testing
[Valid]: Precision: 0.0024-0.002-0.0014-0.0011 Recall: 0.0213-0.035-0.0605-0.0916 NDCG: 0.0105-0.014-0.0192-0.0244 MRR: 0.0079-0.009-0.0099-0.0104
[Test]: Precision: 0.0025-0.002-0.0014-0.001 Recall: 0.0219-0.0362-0.0631-0.0911 NDCG: 0.0109-0.0145-0.0199-0.0246 MRR: 0.0083-0.0093-0.0102-0.0107
------------------------------------------------------
------------------------------------------------------
Runing Epoch 508 valid loss 328.1120 costs 00: 00: 12
[Valid]: Precision: 0.0032-0.0028-0.002-0.0015 Recall: 0.0152-0.0283-0.0457-0.0666 NDCG: 0.0094-0.013-0.0171-0.0211 MRR: 0.0112-0.0128-0.0139-0.0144
[Test]: Precision: 0.0031-0.0026-0.002-0.0015 Recall: 0.0158-0.0265-0.0488-0.0725 NDCG: 0.0094-0.0125-0.0176-0.0221 MRR: 0.0108-0.0122-0.0135-0.0142
------------------------------------------------------
ood testing
[Valid]: Precision: 0.0024-0.002-0.0014-0.0011 Recall: 0.0213-0.035-0.0605-0.0917 NDCG: 0.0105-0.0141-0.0192-0.0244 MRR: 0.008-0.0091-0.01-0.0105
[Test]: Precision: 0.0025-0.002-0.0014-0.001 Recall: 0.0219-0.0362-0.0631-0.091 NDCG: 0.0109-0.0145-0.0199-0.0246 MRR: 0.0083-0.0093-0.0102-0.0107
------------------------------------------------------
------------------------------------------------------
Runing Epoch 509 valid loss 328.1115 costs 00: 00: 12
[Valid]: Precision: 0.0032-0.0028-0.002-0.0015 Recall: 0.0152-0.0283-0.0457-0.0665 NDCG: 0.0094-0.013-0.017-0.0211 MRR: 0.0112-0.0128-0.0139-0.0144
[Test]: Precision: 0.0031-0.0026-0.002-0.0015 Recall: 0.0158-0.0265-0.0489-0.0725 NDCG: 0.0094-0.0125-0.0176-0.0221 MRR: 0.0108-0.0122-0.0135-0.0142
------------------------------------------------------
ood testing
[Valid]: Precision: 0.0024-0.002-0.0014-0.0011 Recall: 0.0213-0.035-0.0606-0.0917 NDCG: 0.0105-0.0141-0.0193-0.0244 MRR: 0.008-0.0091-0.01-0.0105
[Test]: Precision: 0.0025-0.002-0.0014-0.001 Recall: 0.0219-0.0362-0.0629-0.091 NDCG: 0.0109-0.0145-0.0199-0.0246 MRR: 0.0083-0.0093-0.0102-0.0107
------------------------------------------------------
------------------------------------------------------
Runing Epoch 510 valid loss 328.1134 costs 00: 00: 12
[Valid]: Precision: 0.0032-0.0028-0.002-0.0015 Recall: 0.0152-0.0283-0.0457-0.0664 NDCG: 0.0094-0.013-0.017-0.0211 MRR: 0.0112-0.0128-0.0139-0.0144
[Test]: Precision: 0.0031-0.0026-0.002-0.0015 Recall: 0.0158-0.0265-0.0489-0.0725 NDCG: 0.0094-0.0125-0.0176-0.0221 MRR: 0.0108-0.0122-0.0135-0.0142
------------------------------------------------------
ood testing
[Valid]: Precision: 0.0024-0.002-0.0014-0.0011 Recall: 0.0213-0.035-0.0606-0.0916 NDCG: 0.0105-0.0141-0.0192-0.0244 MRR: 0.008-0.0091-0.01-0.0105
[Test]: Precision: 0.0025-0.002-0.0014-0.001 Recall: 0.0219-0.0362-0.0629-0.0909 NDCG: 0.0109-0.0145-0.0199-0.0246 MRR: 0.0083-0.0093-0.0102-0.0107
------------------------------------------------------
------------------------------------------------------
Runing Epoch 511 valid loss 328.1176 costs 00: 00: 12
[Valid]: Precision: 0.0032-0.0028-0.002-0.0015 Recall: 0.0152-0.0283-0.0457-0.0665 NDCG: 0.0094-0.013-0.017-0.0211 MRR: 0.0112-0.0128-0.0139-0.0144
[Test]: Precision: 0.0031-0.0026-0.0019-0.0015 Recall: 0.0158-0.0265-0.0487-0.0725 NDCG: 0.0094-0.0125-0.0175-0.0221 MRR: 0.0108-0.0122-0.0135-0.0142
------------------------------------------------------
ood testing
[Valid]: Precision: 0.0024-0.002-0.0014-0.0011 Recall: 0.0213-0.035-0.0606-0.0916 NDCG: 0.0105-0.0141-0.0192-0.0244 MRR: 0.008-0.0091-0.01-0.0105
[Test]: Precision: 0.0025-0.002-0.0014-0.001 Recall: 0.0219-0.0362-0.0629-0.0909 NDCG: 0.0109-0.0145-0.0199-0.0246 MRR: 0.0083-0.0093-0.0102-0.0107
------------------------------------------------------
------------------------------------------------------
Runing Epoch 512 valid loss 328.1013 costs 00: 00: 14
[Valid]: Precision: 0.0032-0.0028-0.002-0.0015 Recall: 0.0152-0.0283-0.0457-0.0664 NDCG: 0.0094-0.013-0.017-0.021 MRR: 0.0112-0.0128-0.0139-0.0144
[Test]: Precision: 0.0031-0.0026-0.002-0.0015 Recall: 0.0158-0.0265-0.0491-0.0726 NDCG: 0.0094-0.0125-0.0176-0.0222 MRR: 0.0108-0.0122-0.0135-0.0142
------------------------------------------------------
ood testing
[Valid]: Precision: 0.0024-0.002-0.0014-0.0011 Recall: 0.0213-0.035-0.0608-0.0916 NDCG: 0.0105-0.0141-0.0193-0.0244 MRR: 0.008-0.0091-0.01-0.0105
[Test]: Precision: 0.0025-0.002-0.0014-0.001 Recall: 0.0219-0.0362-0.0632-0.091 NDCG: 0.0109-0.0145-0.02-0.0246 MRR: 0.0083-0.0093-0.0102-0.0107
------------------------------------------------------
------------------------------------------------------
Runing Epoch 513 valid loss 328.1103 costs 00: 00: 13
[Valid]: Precision: 0.0032-0.0028-0.002-0.0015 Recall: 0.0152-0.0283-0.046-0.0664 NDCG: 0.0094-0.013-0.0171-0.021 MRR: 0.0112-0.0128-0.0139-0.0144
[Test]: Precision: 0.0031-0.0026-0.002-0.0015 Recall: 0.0158-0.0265-0.049-0.0725 NDCG: 0.0094-0.0125-0.0176-0.0221 MRR: 0.0108-0.0122-0.0135-0.0142
------------------------------------------------------
ood testing
[Valid]: Precision: 0.0024-0.002-0.0014-0.0011 Recall: 0.0213-0.035-0.0608-0.0917 NDCG: 0.0105-0.0141-0.0193-0.0244 MRR: 0.008-0.0091-0.01-0.0105
[Test]: Precision: 0.0025-0.002-0.0014-0.001 Recall: 0.0219-0.0362-0.063-0.091 NDCG: 0.0109-0.0145-0.0199-0.0246 MRR: 0.0083-0.0093-0.0102-0.0107
------------------------------------------------------
------------------------------------------------------
Runing Epoch 514 valid loss 328.1220 costs 00: 00: 13
[Valid]: Precision: 0.0032-0.0028-0.002-0.0015 Recall: 0.0152-0.0283-0.046-0.0665 NDCG: 0.0094-0.013-0.0171-0.0211 MRR: 0.0112-0.0128-0.0139-0.0144
[Test]: Precision: 0.0031-0.0026-0.002-0.0015 Recall: 0.0158-0.0265-0.0491-0.0726 NDCG: 0.0094-0.0125-0.0176-0.0222 MRR: 0.0108-0.0122-0.0135-0.0142
------------------------------------------------------
ood testing
[Valid]: Precision: 0.0024-0.002-0.0014-0.0011 Recall: 0.0213-0.035-0.0609-0.0914 NDCG: 0.0105-0.0141-0.0193-0.0244 MRR: 0.008-0.0091-0.01-0.0105
[Test]: Precision: 0.0025-0.002-0.0014-0.001 Recall: 0.0219-0.0362-0.0633-0.091 NDCG: 0.0109-0.0145-0.02-0.0246 MRR: 0.0083-0.0093-0.0103-0.0107
------------------------------------------------------
------------------------------------------------------
Runing Epoch 515 valid loss 328.1135 costs 00: 00: 13
[Valid]: Precision: 0.0032-0.0028-0.002-0.0015 Recall: 0.0152-0.0283-0.0458-0.0665 NDCG: 0.0094-0.013-0.0171-0.0211 MRR: 0.0112-0.0128-0.0139-0.0144
[Test]: Precision: 0.0031-0.0026-0.002-0.0015 Recall: 0.0158-0.0265-0.0493-0.0725 NDCG: 0.0094-0.0125-0.0176-0.0222 MRR: 0.0108-0.0122-0.0135-0.0142
------------------------------------------------------
ood testing
[Valid]: Precision: 0.0024-0.002-0.0014-0.0011 Recall: 0.0213-0.035-0.0608-0.0914 NDCG: 0.0105-0.0141-0.0193-0.0244 MRR: 0.008-0.0091-0.01-0.0105
[Test]: Precision: 0.0025-0.002-0.0014-0.001 Recall: 0.0219-0.0362-0.0632-0.091 NDCG: 0.0109-0.0145-0.02-0.0246 MRR: 0.0083-0.0093-0.0102-0.0107
------------------------------------------------------
------------------------------------------------------
Runing Epoch 516 valid loss 328.1065 costs 00: 00: 13
[Valid]: Precision: 0.0032-0.0028-0.002-0.0015 Recall: 0.0152-0.0283-0.0458-0.0663 NDCG: 0.0094-0.013-0.0171-0.021 MRR: 0.0113-0.0129-0.014-0.0145
[Test]: Precision: 0.0031-0.0026-0.002-0.0015 Recall: 0.0158-0.0265-0.0493-0.0725 NDCG: 0.0095-0.0125-0.0177-0.0222 MRR: 0.0109-0.0123-0.0136-0.0143
------------------------------------------------------
ood testing
[Valid]: Precision: 0.0024-0.002-0.0014-0.0011 Recall: 0.0213-0.035-0.0608-0.0914 NDCG: 0.0105-0.014-0.0192-0.0244 MRR: 0.0079-0.009-0.0099-0.0104
[Test]: Precision: 0.0025-0.002-0.0014-0.001 Recall: 0.0219-0.0362-0.0631-0.091 NDCG: 0.0109-0.0145-0.0199-0.0246 MRR: 0.0083-0.0093-0.0102-0.0107
------------------------------------------------------
------------------------------------------------------
Runing Epoch 517 valid loss 328.1064 costs 00: 00: 15
[Valid]: Precision: 0.0032-0.0028-0.002-0.0015 Recall: 0.0152-0.0283-0.0458-0.0664 NDCG: 0.0094-0.013-0.0171-0.0211 MRR: 0.0113-0.0129-0.014-0.0145
[Test]: Precision: 0.0031-0.0026-0.002-0.0015 Recall: 0.0158-0.0265-0.0491-0.0725 NDCG: 0.0095-0.0125-0.0177-0.0222 MRR: 0.0109-0.0123-0.0136-0.0143
------------------------------------------------------
ood testing
[Valid]: Precision: 0.0024-0.002-0.0014-0.0011 Recall: 0.0213-0.035-0.0608-0.0914 NDCG: 0.0105-0.014-0.0192-0.0244 MRR: 0.0079-0.009-0.0099-0.0104
[Test]: Precision: 0.0025-0.002-0.0014-0.001 Recall: 0.0219-0.0362-0.0632-0.091 NDCG: 0.0109-0.0145-0.02-0.0246 MRR: 0.0083-0.0093-0.0102-0.0107
------------------------------------------------------
------------------------------------------------------
Runing Epoch 518 valid loss 328.1026 costs 00: 00: 17
[Valid]: Precision: 0.0032-0.0028-0.002-0.0015 Recall: 0.0152-0.0283-0.0458-0.0664 NDCG: 0.0094-0.013-0.0171-0.0211 MRR: 0.0113-0.0129-0.014-0.0145
[Test]: Precision: 0.0031-0.0026-0.002-0.0015 Recall: 0.0158-0.0265-0.0488-0.0725 NDCG: 0.0095-0.0125-0.0176-0.0222 MRR: 0.0109-0.0123-0.0136-0.0143
------------------------------------------------------
ood testing
[Valid]: Precision: 0.0024-0.002-0.0014-0.0011 Recall: 0.0213-0.035-0.0605-0.0914 NDCG: 0.0105-0.014-0.0192-0.0244 MRR: 0.0079-0.009-0.0099-0.0104
[Test]: Precision: 0.0025-0.002-0.0014-0.001 Recall: 0.0219-0.0362-0.0631-0.091 NDCG: 0.0109-0.0145-0.0199-0.0246 MRR: 0.0083-0.0093-0.0102-0.0107
------------------------------------------------------
------------------------------------------------------
Runing Epoch 519 valid loss 328.1167 costs 00: 00: 13
[Valid]: Precision: 0.0032-0.0028-0.002-0.0015 Recall: 0.0152-0.0283-0.0458-0.0664 NDCG: 0.0094-0.013-0.0171-0.0211 MRR: 0.0113-0.0129-0.014-0.0145
[Test]: Precision: 0.0031-0.0026-0.002-0.0015 Recall: 0.0158-0.0265-0.0488-0.0725 NDCG: 0.0095-0.0125-0.0176-0.0222 MRR: 0.0109-0.0123-0.0136-0.0143
------------------------------------------------------
ood testing
[Valid]: Precision: 0.0024-0.002-0.0014-0.0011 Recall: 0.0213-0.035-0.0605-0.0914 NDCG: 0.0105-0.014-0.0192-0.0244 MRR: 0.0079-0.009-0.0099-0.0104
[Test]: Precision: 0.0025-0.002-0.0014-0.001 Recall: 0.0219-0.0362-0.0631-0.091 NDCG: 0.0109-0.0145-0.0199-0.0246 MRR: 0.0083-0.0093-0.0102-0.0107
------------------------------------------------------
------------------------------------------------------
Runing Epoch 520 valid loss 328.1151 costs 00: 00: 13
[Valid]: Precision: 0.0032-0.0028-0.002-0.0015 Recall: 0.0152-0.0283-0.0457-0.0664 NDCG: 0.0094-0.013-0.0171-0.021 MRR: 0.0112-0.0128-0.0139-0.0144
[Test]: Precision: 0.0031-0.0026-0.002-0.0015 Recall: 0.0158-0.0265-0.049-0.0725 NDCG: 0.0094-0.0125-0.0176-0.0222 MRR: 0.0108-0.0122-0.0135-0.0142
------------------------------------------------------
ood testing
[Valid]: Precision: 0.0024-0.002-0.0014-0.0011 Recall: 0.0213-0.035-0.0605-0.0914 NDCG: 0.0105-0.0141-0.0192-0.0244 MRR: 0.008-0.0091-0.01-0.0105
[Test]: Precision: 0.0025-0.002-0.0014-0.001 Recall: 0.0219-0.0362-0.0631-0.091 NDCG: 0.0109-0.0145-0.0199-0.0246 MRR: 0.0083-0.0093-0.0102-0.0107
------------------------------------------------------
------------------------------------------------------
Runing Epoch 521 valid loss 328.1078 costs 00: 00: 13
[Valid]: Precision: 0.0032-0.0028-0.002-0.0015 Recall: 0.0152-0.0283-0.0457-0.0663 NDCG: 0.0094-0.013-0.0171-0.021 MRR: 0.0113-0.0129-0.014-0.0145
[Test]: Precision: 0.0031-0.0026-0.002-0.0015 Recall: 0.0158-0.0265-0.049-0.0726 NDCG: 0.0095-0.0125-0.0176-0.0222 MRR: 0.0109-0.0123-0.0136-0.0143
------------------------------------------------------
ood testing
[Valid]: Precision: 0.0024-0.002-0.0014-0.0011 Recall: 0.0213-0.035-0.0605-0.0915 NDCG: 0.0105-0.014-0.0192-0.0244 MRR: 0.0079-0.009-0.0099-0.0104
[Test]: Precision: 0.0025-0.002-0.0014-0.001 Recall: 0.0219-0.0362-0.0631-0.091 NDCG: 0.0109-0.0145-0.0199-0.0246 MRR: 0.0083-0.0093-0.0102-0.0107
------------------------------------------------------
------------------------------------------------------
Runing Epoch 522 valid loss 328.1057 costs 00: 00: 13
[Valid]: Precision: 0.0032-0.0028-0.002-0.0015 Recall: 0.0152-0.0283-0.0457-0.0664 NDCG: 0.0094-0.013-0.0171-0.0211 MRR: 0.0113-0.0129-0.014-0.0145
[Test]: Precision: 0.0031-0.0026-0.002-0.0015 Recall: 0.0158-0.0265-0.049-0.0726 NDCG: 0.0095-0.0125-0.0176-0.0222 MRR: 0.0109-0.0123-0.0136-0.0143
------------------------------------------------------
ood testing
[Valid]: Precision: 0.0024-0.002-0.0014-0.0011 Recall: 0.0213-0.035-0.0605-0.0916 NDCG: 0.0105-0.014-0.0192-0.0244 MRR: 0.0079-0.009-0.0099-0.0104
[Test]: Precision: 0.0025-0.002-0.0014-0.001 Recall: 0.0219-0.0362-0.0631-0.0909 NDCG: 0.0109-0.0145-0.0199-0.0246 MRR: 0.0083-0.0093-0.0102-0.0107
------------------------------------------------------
------------------------------------------------------
Runing Epoch 523 valid loss 328.1092 costs 00: 00: 13
[Valid]: Precision: 0.0032-0.0028-0.002-0.0015 Recall: 0.0152-0.0283-0.0457-0.0665 NDCG: 0.0094-0.013-0.0171-0.0211 MRR: 0.0113-0.0129-0.014-0.0145
[Test]: Precision: 0.0031-0.0026-0.002-0.0015 Recall: 0.0158-0.0265-0.049-0.0726 NDCG: 0.0095-0.0125-0.0176-0.0222 MRR: 0.0109-0.0123-0.0136-0.0143
------------------------------------------------------
ood testing
[Valid]: Precision: 0.0024-0.002-0.0014-0.0011 Recall: 0.0213-0.035-0.0605-0.0916 NDCG: 0.0105-0.014-0.0192-0.0244 MRR: 0.0079-0.009-0.0099-0.0104
[Test]: Precision: 0.0025-0.002-0.0014-0.001 Recall: 0.0219-0.0362-0.0631-0.091 NDCG: 0.0109-0.0145-0.0199-0.0246 MRR: 0.0083-0.0093-0.0102-0.0107
------------------------------------------------------
------------------------------------------------------
Runing Epoch 524 valid loss 328.1230 costs 00: 00: 12
[Valid]: Precision: 0.0032-0.0028-0.002-0.0015 Recall: 0.0152-0.0283-0.0457-0.0664 NDCG: 0.0094-0.013-0.0171-0.021 MRR: 0.0113-0.0129-0.014-0.0145
[Test]: Precision: 0.0031-0.0026-0.002-0.0015 Recall: 0.0158-0.0265-0.0489-0.0727 NDCG: 0.0095-0.0125-0.0176-0.0222 MRR: 0.0109-0.0123-0.0136-0.0143
------------------------------------------------------
ood testing
[Valid]: Precision: 0.0024-0.002-0.0014-0.0011 Recall: 0.0213-0.035-0.0606-0.0915 NDCG: 0.0105-0.014-0.0192-0.0244 MRR: 0.0079-0.009-0.0099-0.0104
[Test]: Precision: 0.0025-0.002-0.0014-0.001 Recall: 0.0219-0.0362-0.0629-0.091 NDCG: 0.0109-0.0145-0.0199-0.0246 MRR: 0.0083-0.0093-0.0102-0.0107
------------------------------------------------------
------------------------------------------------------
Runing Epoch 525 valid loss 328.1091 costs 00: 00: 13
[Valid]: Precision: 0.0032-0.0028-0.002-0.0015 Recall: 0.0152-0.0283-0.0457-0.0665 NDCG: 0.0094-0.013-0.0171-0.0211 MRR: 0.0113-0.0129-0.014-0.0145
[Test]: Precision: 0.0031-0.0026-0.002-0.0015 Recall: 0.0158-0.0265-0.0487-0.0726 NDCG: 0.0095-0.0125-0.0176-0.0222 MRR: 0.0109-0.0123-0.0136-0.0143
------------------------------------------------------
ood testing
[Valid]: Precision: 0.0024-0.002-0.0014-0.0011 Recall: 0.0213-0.035-0.0606-0.0915 NDCG: 0.0105-0.014-0.0192-0.0244 MRR: 0.0079-0.009-0.0099-0.0104
[Test]: Precision: 0.0025-0.002-0.0014-0.001 Recall: 0.0219-0.0362-0.0629-0.0909 NDCG: 0.0109-0.0145-0.0199-0.0246 MRR: 0.0083-0.0093-0.0102-0.0107
------------------------------------------------------
------------------------------------------------------
Runing Epoch 526 valid loss 328.1056 costs 00: 00: 13
[Valid]: Precision: 0.0032-0.0028-0.002-0.0015 Recall: 0.0152-0.0283-0.0457-0.0664 NDCG: 0.0094-0.013-0.017-0.0211 MRR: 0.0112-0.0128-0.0139-0.0144
[Test]: Precision: 0.0031-0.0026-0.002-0.0015 Recall: 0.0158-0.0265-0.0487-0.0725 NDCG: 0.0094-0.0125-0.0175-0.0221 MRR: 0.0108-0.0122-0.0135-0.0142
------------------------------------------------------
ood testing
[Valid]: Precision: 0.0024-0.002-0.0014-0.0011 Recall: 0.0213-0.035-0.0606-0.0916 NDCG: 0.0105-0.0141-0.0192-0.0244 MRR: 0.008-0.0091-0.01-0.0105
[Test]: Precision: 0.0025-0.002-0.0014-0.001 Recall: 0.0219-0.0362-0.0629-0.0909 NDCG: 0.0109-0.0145-0.0199-0.0246 MRR: 0.0083-0.0093-0.0102-0.0107
------------------------------------------------------
------------------------------------------------------
Runing Epoch 527 valid loss 328.1093 costs 00: 00: 13
[Valid]: Precision: 0.0032-0.0028-0.002-0.0015 Recall: 0.0152-0.0283-0.0457-0.0664 NDCG: 0.0094-0.013-0.0171-0.021 MRR: 0.0112-0.0128-0.0139-0.0144
[Test]: Precision: 0.0031-0.0026-0.002-0.0015 Recall: 0.0158-0.0265-0.0488-0.0726 NDCG: 0.0094-0.0125-0.0175-0.0222 MRR: 0.0108-0.0122-0.0135-0.0142
------------------------------------------------------
ood testing
[Valid]: Precision: 0.0024-0.002-0.0014-0.0011 Recall: 0.0213-0.035-0.0604-0.0916 NDCG: 0.0105-0.0141-0.0192-0.0244 MRR: 0.008-0.0091-0.01-0.0105
[Test]: Precision: 0.0025-0.002-0.0014-0.001 Recall: 0.0219-0.0362-0.0631-0.0909 NDCG: 0.0109-0.0145-0.0199-0.0246 MRR: 0.0083-0.0093-0.0102-0.0107
------------------------------------------------------
------------------------------------------------------
Runing Epoch 528 valid loss 328.1227 costs 00: 00: 12
[Valid]: Precision: 0.0032-0.0028-0.002-0.0015 Recall: 0.0152-0.0283-0.0457-0.0664 NDCG: 0.0094-0.013-0.0171-0.0211 MRR: 0.0112-0.0128-0.0139-0.0144
[Test]: Precision: 0.0031-0.0026-0.002-0.0015 Recall: 0.0158-0.0265-0.049-0.0726 NDCG: 0.0094-0.0125-0.0176-0.0222 MRR: 0.0108-0.0122-0.0135-0.0142
------------------------------------------------------
ood testing
[Valid]: Precision: 0.0024-0.002-0.0014-0.0011 Recall: 0.0213-0.035-0.0605-0.0916 NDCG: 0.0105-0.0141-0.0192-0.0244 MRR: 0.008-0.0091-0.01-0.0105
[Test]: Precision: 0.0025-0.002-0.0014-0.001 Recall: 0.0219-0.0362-0.0631-0.0909 NDCG: 0.0109-0.0145-0.0199-0.0246 MRR: 0.0083-0.0093-0.0102-0.0107
------------------------------------------------------
------------------------------------------------------
Runing Epoch 529 valid loss 328.1134 costs 00: 00: 13
[Valid]: Precision: 0.0032-0.0028-0.002-0.0015 Recall: 0.0152-0.0283-0.0457-0.0664 NDCG: 0.0094-0.013-0.0171-0.021 MRR: 0.0112-0.0128-0.0139-0.0144
[Test]: Precision: 0.0031-0.0026-0.002-0.0015 Recall: 0.0158-0.0265-0.049-0.0725 NDCG: 0.0094-0.0125-0.0176-0.0221 MRR: 0.0108-0.0122-0.0135-0.0142
------------------------------------------------------
ood testing
[Valid]: Precision: 0.0024-0.002-0.0014-0.0011 Recall: 0.0213-0.035-0.0605-0.0917 NDCG: 0.0105-0.0141-0.0192-0.0244 MRR: 0.008-0.0091-0.01-0.0105
[Test]: Precision: 0.0025-0.002-0.0014-0.001 Recall: 0.0219-0.0362-0.0631-0.0911 NDCG: 0.0109-0.0145-0.0199-0.0246 MRR: 0.0083-0.0093-0.0102-0.0107
------------------------------------------------------
------------------------------------------------------
Runing Epoch 530 valid loss 328.1080 costs 00: 00: 12
[Valid]: Precision: 0.0032-0.0028-0.002-0.0015 Recall: 0.0152-0.0283-0.0457-0.0664 NDCG: 0.0094-0.013-0.0171-0.021 MRR: 0.0112-0.0128-0.0139-0.0144
[Test]: Precision: 0.0031-0.0026-0.002-0.0015 Recall: 0.0158-0.0265-0.049-0.0725 NDCG: 0.0094-0.0125-0.0176-0.0221 MRR: 0.0108-0.0122-0.0135-0.0142
------------------------------------------------------
ood testing
[Valid]: Precision: 0.0024-0.002-0.0014-0.0011 Recall: 0.0213-0.035-0.0605-0.0917 NDCG: 0.0105-0.0141-0.0192-0.0244 MRR: 0.008-0.0091-0.01-0.0105
[Test]: Precision: 0.0025-0.002-0.0014-0.001 Recall: 0.0219-0.0362-0.0631-0.091 NDCG: 0.0109-0.0145-0.0199-0.0246 MRR: 0.0083-0.0093-0.0102-0.0107
------------------------------------------------------
------------------------------------------------------
Runing Epoch 531 valid loss 328.1171 costs 00: 00: 12
[Valid]: Precision: 0.0032-0.0028-0.002-0.0015 Recall: 0.0152-0.0283-0.0457-0.0664 NDCG: 0.0094-0.013-0.0171-0.0211 MRR: 0.0112-0.0128-0.0139-0.0144
[Test]: Precision: 0.0031-0.0026-0.002-0.0015 Recall: 0.0158-0.0265-0.049-0.0725 NDCG: 0.0094-0.0125-0.0176-0.0221 MRR: 0.0108-0.0122-0.0135-0.0142
------------------------------------------------------
ood testing
[Valid]: Precision: 0.0024-0.002-0.0014-0.0011 Recall: 0.0213-0.035-0.0605-0.0916 NDCG: 0.0105-0.0141-0.0192-0.0244 MRR: 0.008-0.0091-0.01-0.0105
[Test]: Precision: 0.0025-0.002-0.0014-0.001 Recall: 0.0219-0.0362-0.0631-0.0909 NDCG: 0.0109-0.0145-0.0199-0.0246 MRR: 0.0083-0.0093-0.0102-0.0107
------------------------------------------------------
------------------------------------------------------
Runing Epoch 532 valid loss 328.1114 costs 00: 00: 13
[Valid]: Precision: 0.0032-0.0028-0.002-0.0015 Recall: 0.0152-0.0283-0.0457-0.0665 NDCG: 0.0094-0.013-0.0171-0.0211 MRR: 0.0112-0.0128-0.0139-0.0144
[Test]: Precision: 0.0031-0.0026-0.002-0.0015 Recall: 0.0158-0.0265-0.049-0.0726 NDCG: 0.0094-0.0125-0.0176-0.0222 MRR: 0.0108-0.0122-0.0135-0.0142
------------------------------------------------------
ood testing
[Valid]: Precision: 0.0024-0.002-0.0014-0.0011 Recall: 0.0213-0.035-0.0605-0.0916 NDCG: 0.0105-0.0141-0.0192-0.0244 MRR: 0.008-0.0091-0.01-0.0105
[Test]: Precision: 0.0025-0.002-0.0014-0.001 Recall: 0.0219-0.0362-0.0631-0.091 NDCG: 0.0109-0.0145-0.0199-0.0246 MRR: 0.0083-0.0093-0.0102-0.0107
------------------------------------------------------
------------------------------------------------------
Runing Epoch 533 valid loss 328.1169 costs 00: 00: 12
[Valid]: Precision: 0.0032-0.0028-0.002-0.0015 Recall: 0.0152-0.0283-0.0457-0.0666 NDCG: 0.0094-0.013-0.017-0.0211 MRR: 0.0112-0.0128-0.0139-0.0144
[Test]: Precision: 0.0031-0.0026-0.002-0.0015 Recall: 0.0158-0.0265-0.0489-0.0726 NDCG: 0.0094-0.0125-0.0176-0.0222 MRR: 0.0108-0.0122-0.0135-0.0142
------------------------------------------------------
ood testing
[Valid]: Precision: 0.0024-0.002-0.0014-0.0011 Recall: 0.0213-0.035-0.0606-0.0917 NDCG: 0.0105-0.0141-0.0192-0.0244 MRR: 0.008-0.0091-0.01-0.0105
[Test]: Precision: 0.0025-0.002-0.0014-0.001 Recall: 0.0219-0.0362-0.0629-0.0909 NDCG: 0.0109-0.0145-0.0199-0.0246 MRR: 0.0083-0.0093-0.0102-0.0107
------------------------------------------------------
------------------------------------------------------
Runing Epoch 534 valid loss 328.1106 costs 00: 00: 13
[Valid]: Precision: 0.0032-0.0028-0.002-0.0015 Recall: 0.0152-0.0283-0.0457-0.0665 NDCG: 0.0094-0.013-0.0171-0.0211 MRR: 0.0113-0.0129-0.014-0.0145
[Test]: Precision: 0.0031-0.0026-0.002-0.0015 Recall: 0.0158-0.0265-0.0493-0.0726 NDCG: 0.0095-0.0125-0.0177-0.0222 MRR: 0.0109-0.0123-0.0136-0.0143
------------------------------------------------------
ood testing
[Valid]: Precision: 0.0024-0.002-0.0014-0.0011 Recall: 0.0213-0.035-0.0608-0.0916 NDCG: 0.0105-0.014-0.0192-0.0244 MRR: 0.0079-0.009-0.0099-0.0104
[Test]: Precision: 0.0025-0.002-0.0014-0.001 Recall: 0.0219-0.0362-0.0632-0.0909 NDCG: 0.0109-0.0145-0.02-0.0246 MRR: 0.0083-0.0093-0.0102-0.0107
------------------------------------------------------
------------------------------------------------------
Runing Epoch 535 valid loss 328.1060 costs 00: 00: 12
[Valid]: Precision: 0.0032-0.0028-0.002-0.0015 Recall: 0.0152-0.0283-0.0457-0.0665 NDCG: 0.0094-0.013-0.017-0.0211 MRR: 0.0112-0.0128-0.0139-0.0144
[Test]: Precision: 0.0031-0.0026-0.002-0.0015 Recall: 0.0158-0.0265-0.0493-0.0726 NDCG: 0.0094-0.0125-0.0176-0.0222 MRR: 0.0108-0.0122-0.0135-0.0142
------------------------------------------------------
ood testing
[Valid]: Precision: 0.0024-0.002-0.0014-0.0011 Recall: 0.0213-0.035-0.0608-0.0916 NDCG: 0.0105-0.0141-0.0193-0.0244 MRR: 0.008-0.0091-0.01-0.0105
[Test]: Precision: 0.0025-0.002-0.0014-0.001 Recall: 0.0219-0.0362-0.0632-0.091 NDCG: 0.0109-0.0145-0.02-0.0246 MRR: 0.0083-0.0093-0.0102-0.0107
------------------------------------------------------
------------------------------------------------------
Runing Epoch 536 valid loss 328.1069 costs 00: 00: 13
[Valid]: Precision: 0.0032-0.0028-0.002-0.0015 Recall: 0.0152-0.0283-0.0457-0.0667 NDCG: 0.0094-0.013-0.017-0.0211 MRR: 0.0112-0.0128-0.0139-0.0144
[Test]: Precision: 0.0031-0.0026-0.002-0.0015 Recall: 0.0158-0.0265-0.0493-0.0726 NDCG: 0.0094-0.0125-0.0177-0.0222 MRR: 0.0108-0.0122-0.0135-0.0142
------------------------------------------------------
ood testing
[Valid]: Precision: 0.0024-0.002-0.0014-0.0011 Recall: 0.0213-0.035-0.0608-0.0916 NDCG: 0.0105-0.0141-0.0193-0.0244 MRR: 0.008-0.0091-0.01-0.0105
[Test]: Precision: 0.0025-0.002-0.0014-0.001 Recall: 0.0219-0.0362-0.0632-0.0911 NDCG: 0.0109-0.0145-0.02-0.0246 MRR: 0.0083-0.0093-0.0102-0.0107
------------------------------------------------------
------------------------------------------------------
Runing Epoch 537 valid loss 328.1121 costs 00: 00: 12
[Valid]: Precision: 0.0032-0.0028-0.002-0.0015 Recall: 0.0152-0.0283-0.0459-0.0667 NDCG: 0.0094-0.013-0.0171-0.0211 MRR: 0.0112-0.0128-0.0139-0.0144
[Test]: Precision: 0.0031-0.0026-0.002-0.0015 Recall: 0.0158-0.0265-0.0493-0.0726 NDCG: 0.0094-0.0125-0.0177-0.0222 MRR: 0.0108-0.0122-0.0135-0.0142
------------------------------------------------------
ood testing
[Valid]: Precision: 0.0024-0.002-0.0014-0.0011 Recall: 0.0213-0.035-0.0607-0.0917 NDCG: 0.0105-0.0141-0.0193-0.0244 MRR: 0.008-0.0091-0.01-0.0105
[Test]: Precision: 0.0025-0.002-0.0014-0.001 Recall: 0.0219-0.0362-0.0632-0.0911 NDCG: 0.0109-0.0145-0.02-0.0246 MRR: 0.0083-0.0093-0.0102-0.0107
------------------------------------------------------
------------------------------------------------------
Runing Epoch 538 valid loss 328.1183 costs 00: 00: 13
[Valid]: Precision: 0.0032-0.0028-0.002-0.0015 Recall: 0.0152-0.0283-0.0459-0.0666 NDCG: 0.0094-0.013-0.0171-0.0211 MRR: 0.0112-0.0128-0.0139-0.0144
[Test]: Precision: 0.0031-0.0026-0.002-0.0015 Recall: 0.0158-0.0265-0.0492-0.0726 NDCG: 0.0094-0.0125-0.0176-0.0222 MRR: 0.0108-0.0122-0.0135-0.0142
------------------------------------------------------
ood testing
[Valid]: Precision: 0.0024-0.002-0.0014-0.0011 Recall: 0.0213-0.035-0.0607-0.0917 NDCG: 0.0105-0.0141-0.0193-0.0244 MRR: 0.008-0.0091-0.01-0.0105
[Test]: Precision: 0.0025-0.002-0.0014-0.001 Recall: 0.0219-0.0362-0.0629-0.091 NDCG: 0.0109-0.0145-0.0199-0.0246 MRR: 0.0083-0.0093-0.0102-0.0107
------------------------------------------------------
------------------------------------------------------
Runing Epoch 539 valid loss 328.1165 costs 00: 00: 12
[Valid]: Precision: 0.0032-0.0028-0.002-0.0015 Recall: 0.0152-0.0283-0.0457-0.0667 NDCG: 0.0094-0.013-0.017-0.0211 MRR: 0.0112-0.0128-0.0139-0.0144
[Test]: Precision: 0.0031-0.0026-0.002-0.0015 Recall: 0.0158-0.0265-0.0492-0.0726 NDCG: 0.0094-0.0125-0.0176-0.0222 MRR: 0.0108-0.0122-0.0135-0.0142
------------------------------------------------------
ood testing
[Valid]: Precision: 0.0024-0.002-0.0014-0.0011 Recall: 0.0213-0.035-0.0608-0.0917 NDCG: 0.0105-0.0141-0.0193-0.0244 MRR: 0.008-0.0091-0.01-0.0105
[Test]: Precision: 0.0025-0.002-0.0014-0.001 Recall: 0.0219-0.0362-0.0632-0.0909 NDCG: 0.0109-0.0145-0.02-0.0246 MRR: 0.0083-0.0093-0.0102-0.0107
------------------------------------------------------
------------------------------------------------------
Runing Epoch 540 valid loss 328.1007 costs 00: 00: 12
[Valid]: Precision: 0.0032-0.0028-0.002-0.0015 Recall: 0.0152-0.0283-0.0459-0.0666 NDCG: 0.0094-0.013-0.0171-0.0211 MRR: 0.0112-0.0128-0.0139-0.0144
[Test]: Precision: 0.0031-0.0026-0.002-0.0015 Recall: 0.0158-0.0265-0.0491-0.0726 NDCG: 0.0094-0.0125-0.0176-0.0222 MRR: 0.0108-0.0122-0.0135-0.0142
------------------------------------------------------
ood testing
[Valid]: Precision: 0.0024-0.002-0.0014-0.0011 Recall: 0.0213-0.035-0.0607-0.0917 NDCG: 0.0105-0.0141-0.0193-0.0244 MRR: 0.008-0.0091-0.01-0.0105
[Test]: Precision: 0.0025-0.002-0.0014-0.001 Recall: 0.0219-0.0362-0.0632-0.0909 NDCG: 0.0109-0.0145-0.02-0.0246 MRR: 0.0083-0.0093-0.0102-0.0107
------------------------------------------------------
------------------------------------------------------
Runing Epoch 541 valid loss 328.1126 costs 00: 00: 13
[Valid]: Precision: 0.0032-0.0028-0.002-0.0015 Recall: 0.0152-0.0283-0.0459-0.0666 NDCG: 0.0094-0.013-0.0171-0.0211 MRR: 0.0113-0.0129-0.014-0.0145
[Test]: Precision: 0.0031-0.0026-0.002-0.0015 Recall: 0.0158-0.0265-0.049-0.0726 NDCG: 0.0095-0.0125-0.0176-0.0222 MRR: 0.0109-0.0123-0.0136-0.0143
------------------------------------------------------
ood testing
[Valid]: Precision: 0.0024-0.002-0.0014-0.0011 Recall: 0.0213-0.035-0.0607-0.0917 NDCG: 0.0105-0.014-0.0192-0.0244 MRR: 0.0079-0.009-0.0099-0.0104
[Test]: Precision: 0.0025-0.002-0.0014-0.001 Recall: 0.0219-0.0362-0.0629-0.0909 NDCG: 0.0109-0.0145-0.0199-0.0246 MRR: 0.0083-0.0093-0.0102-0.0107
------------------------------------------------------
------------------------------------------------------
Runing Epoch 542 valid loss 328.1119 costs 00: 00: 12
[Valid]: Precision: 0.0032-0.0028-0.002-0.0015 Recall: 0.0152-0.0283-0.0459-0.0665 NDCG: 0.0094-0.013-0.0171-0.0211 MRR: 0.0112-0.0128-0.0139-0.0144
[Test]: Precision: 0.0031-0.0026-0.002-0.0015 Recall: 0.0158-0.0265-0.0493-0.0726 NDCG: 0.0094-0.0125-0.0176-0.0222 MRR: 0.0108-0.0122-0.0135-0.0142
------------------------------------------------------
ood testing
[Valid]: Precision: 0.0024-0.002-0.0014-0.0011 Recall: 0.0213-0.035-0.0607-0.0916 NDCG: 0.0105-0.0141-0.0193-0.0244 MRR: 0.008-0.0091-0.01-0.0105
[Test]: Precision: 0.0025-0.002-0.0014-0.001 Recall: 0.0219-0.0362-0.0632-0.091 NDCG: 0.0109-0.0145-0.02-0.0246 MRR: 0.0083-0.0093-0.0102-0.0107
------------------------------------------------------
------------------------------------------------------
Runing Epoch 543 valid loss 328.1133 costs 00: 00: 13
[Valid]: Precision: 0.0032-0.0028-0.002-0.0015 Recall: 0.0152-0.0283-0.0457-0.0665 NDCG: 0.0094-0.013-0.017-0.0211 MRR: 0.0112-0.0128-0.0139-0.0144
[Test]: Precision: 0.0031-0.0026-0.002-0.0015 Recall: 0.0158-0.0265-0.0493-0.0726 NDCG: 0.0094-0.0125-0.0176-0.0222 MRR: 0.0108-0.0122-0.0135-0.0142
------------------------------------------------------
ood testing
[Valid]: Precision: 0.0024-0.002-0.0014-0.0011 Recall: 0.0213-0.035-0.0608-0.0918 NDCG: 0.0105-0.0141-0.0193-0.0244 MRR: 0.008-0.0091-0.01-0.0105
[Test]: Precision: 0.0025-0.002-0.0014-0.001 Recall: 0.0219-0.0362-0.0632-0.0911 NDCG: 0.0109-0.0145-0.02-0.0246 MRR: 0.0083-0.0093-0.0102-0.0107
------------------------------------------------------
------------------------------------------------------
Runing Epoch 544 valid loss 328.1119 costs 00: 00: 12
[Valid]: Precision: 0.0032-0.0028-0.002-0.0015 Recall: 0.0152-0.0283-0.0457-0.0667 NDCG: 0.0094-0.013-0.0171-0.0211 MRR: 0.0112-0.0128-0.0139-0.0144
[Test]: Precision: 0.0031-0.0026-0.002-0.0015 Recall: 0.0158-0.0265-0.0491-0.0725 NDCG: 0.0094-0.0125-0.0176-0.0222 MRR: 0.0108-0.0122-0.0135-0.0142
------------------------------------------------------
ood testing
[Valid]: Precision: 0.0024-0.002-0.0014-0.0011 Recall: 0.0213-0.035-0.0606-0.0917 NDCG: 0.0105-0.0141-0.0193-0.0244 MRR: 0.008-0.0091-0.01-0.0105
[Test]: Precision: 0.0025-0.002-0.0014-0.001 Recall: 0.0219-0.0362-0.0631-0.0913 NDCG: 0.0109-0.0145-0.0199-0.0246 MRR: 0.0083-0.0093-0.0102-0.0107
------------------------------------------------------
------------------------------------------------------
Runing Epoch 545 valid loss 328.1076 costs 00: 00: 13
[Valid]: Precision: 0.0032-0.0028-0.002-0.0015 Recall: 0.0152-0.0283-0.0457-0.0667 NDCG: 0.0094-0.013-0.0171-0.0211 MRR: 0.0112-0.0128-0.0139-0.0144
[Test]: Precision: 0.0031-0.0026-0.002-0.0015 Recall: 0.0158-0.0265-0.0491-0.0726 NDCG: 0.0094-0.0125-0.0176-0.0222 MRR: 0.0108-0.0122-0.0135-0.0142
------------------------------------------------------
ood testing
[Valid]: Precision: 0.0024-0.002-0.0014-0.0011 Recall: 0.0213-0.035-0.0606-0.0916 NDCG: 0.0105-0.0141-0.0193-0.0244 MRR: 0.008-0.0091-0.01-0.0105
[Test]: Precision: 0.0025-0.002-0.0014-0.001 Recall: 0.0219-0.0362-0.0631-0.0911 NDCG: 0.0109-0.0145-0.0199-0.0246 MRR: 0.0083-0.0093-0.0102-0.0107
------------------------------------------------------
------------------------------------------------------
Runing Epoch 546 valid loss 328.1058 costs 00: 00: 12
[Valid]: Precision: 0.0032-0.0028-0.002-0.0015 Recall: 0.0152-0.0283-0.0457-0.0665 NDCG: 0.0094-0.013-0.0171-0.0211 MRR: 0.0112-0.0128-0.0139-0.0144
[Test]: Precision: 0.0031-0.0026-0.002-0.0015 Recall: 0.0158-0.0265-0.0493-0.0725 NDCG: 0.0094-0.0125-0.0176-0.0222 MRR: 0.0108-0.0122-0.0135-0.0142
------------------------------------------------------
ood testing
[Valid]: Precision: 0.0024-0.002-0.0014-0.0011 Recall: 0.0213-0.035-0.0606-0.0918 NDCG: 0.0105-0.0141-0.0193-0.0245 MRR: 0.008-0.0091-0.01-0.0105
[Test]: Precision: 0.0025-0.002-0.0014-0.001 Recall: 0.0219-0.0362-0.0631-0.091 NDCG: 0.0109-0.0145-0.0199-0.0246 MRR: 0.0083-0.0093-0.0102-0.0107
------------------------------------------------------
------------------------------------------------------
Runing Epoch 547 valid loss 328.1116 costs 00: 00: 13
[Valid]: Precision: 0.0032-0.0028-0.002-0.0015 Recall: 0.0152-0.0283-0.0457-0.0666 NDCG: 0.0094-0.013-0.017-0.0211 MRR: 0.0112-0.0128-0.0139-0.0144
[Test]: Precision: 0.0031-0.0026-0.002-0.0015 Recall: 0.0158-0.0265-0.0491-0.0726 NDCG: 0.0094-0.0125-0.0176-0.0222 MRR: 0.0108-0.0122-0.0135-0.0142
------------------------------------------------------
ood testing
[Valid]: Precision: 0.0024-0.002-0.0014-0.0011 Recall: 0.0213-0.035-0.0608-0.0917 NDCG: 0.0105-0.0141-0.0193-0.0244 MRR: 0.008-0.0091-0.01-0.0105
[Test]: Precision: 0.0025-0.002-0.0014-0.001 Recall: 0.0219-0.0362-0.0632-0.0909 NDCG: 0.0109-0.0145-0.02-0.0246 MRR: 0.0083-0.0093-0.0102-0.0107
------------------------------------------------------
------------------------------------------------------
Runing Epoch 548 valid loss 328.1142 costs 00: 00: 13
[Valid]: Precision: 0.0032-0.0028-0.002-0.0015 Recall: 0.0152-0.0283-0.0457-0.0665 NDCG: 0.0094-0.013-0.017-0.0211 MRR: 0.0112-0.0128-0.0139-0.0144
[Test]: Precision: 0.0031-0.0026-0.002-0.0015 Recall: 0.0158-0.0265-0.0491-0.0726 NDCG: 0.0094-0.0125-0.0176-0.0222 MRR: 0.0108-0.0122-0.0135-0.0142
------------------------------------------------------
ood testing
[Valid]: Precision: 0.0024-0.002-0.0014-0.0011 Recall: 0.0213-0.035-0.0608-0.0917 NDCG: 0.0105-0.0141-0.0193-0.0244 MRR: 0.008-0.0091-0.01-0.0105
[Test]: Precision: 0.0025-0.002-0.0014-0.001 Recall: 0.0219-0.0362-0.0632-0.0909 NDCG: 0.0109-0.0145-0.02-0.0246 MRR: 0.0083-0.0093-0.0102-0.0107
------------------------------------------------------
------------------------------------------------------
Runing Epoch 549 valid loss 328.1130 costs 00: 00: 12
[Valid]: Precision: 0.0032-0.0028-0.002-0.0015 Recall: 0.0152-0.0283-0.0457-0.0665 NDCG: 0.0094-0.013-0.0171-0.0211 MRR: 0.0112-0.0128-0.0139-0.0144
[Test]: Precision: 0.0031-0.0026-0.002-0.0015 Recall: 0.0158-0.0265-0.0491-0.0725 NDCG: 0.0094-0.0125-0.0176-0.0221 MRR: 0.0108-0.0122-0.0135-0.0142
------------------------------------------------------
ood testing
[Valid]: Precision: 0.0024-0.002-0.0014-0.0011 Recall: 0.0213-0.035-0.0606-0.0918 NDCG: 0.0105-0.0141-0.0193-0.0245 MRR: 0.008-0.0091-0.01-0.0105
[Test]: Precision: 0.0025-0.002-0.0014-0.001 Recall: 0.0219-0.0362-0.0631-0.091 NDCG: 0.0109-0.0145-0.0199-0.0246 MRR: 0.0083-0.0093-0.0102-0.0107
------------------------------------------------------
------------------------------------------------------
Runing Epoch 550 valid loss 328.1140 costs 00: 00: 13
[Valid]: Precision: 0.0032-0.0028-0.002-0.0015 Recall: 0.0152-0.0283-0.0457-0.0664 NDCG: 0.0094-0.013-0.0171-0.0211 MRR: 0.0112-0.0128-0.0139-0.0144
[Test]: Precision: 0.0031-0.0026-0.002-0.0015 Recall: 0.0158-0.0265-0.0491-0.0725 NDCG: 0.0094-0.0125-0.0176-0.0221 MRR: 0.0108-0.0122-0.0135-0.0142
------------------------------------------------------
ood testing
[Valid]: Precision: 0.0024-0.002-0.0014-0.0011 Recall: 0.0213-0.035-0.0606-0.0918 NDCG: 0.0105-0.0141-0.0193-0.0245 MRR: 0.008-0.0091-0.01-0.0105
[Test]: Precision: 0.0025-0.002-0.0014-0.001 Recall: 0.0219-0.0362-0.0631-0.091 NDCG: 0.0109-0.0145-0.0199-0.0246 MRR: 0.0083-0.0093-0.0102-0.0107
------------------------------------------------------
------------------------------------------------------
Runing Epoch 551 valid loss 328.1135 costs 00: 00: 13
[Valid]: Precision: 0.0032-0.0028-0.002-0.0015 Recall: 0.0152-0.0283-0.0457-0.0664 NDCG: 0.0094-0.013-0.0171-0.021 MRR: 0.0112-0.0128-0.0139-0.0144
[Test]: Precision: 0.0031-0.0026-0.002-0.0015 Recall: 0.0158-0.0265-0.0488-0.0725 NDCG: 0.0094-0.0125-0.0175-0.0221 MRR: 0.0108-0.0122-0.0135-0.0142
------------------------------------------------------
ood testing
[Valid]: Precision: 0.0024-0.002-0.0014-0.0011 Recall: 0.0213-0.035-0.0605-0.0918 NDCG: 0.0105-0.0141-0.0192-0.0245 MRR: 0.008-0.0091-0.01-0.0105
[Test]: Precision: 0.0025-0.002-0.0014-0.001 Recall: 0.0219-0.0362-0.0631-0.091 NDCG: 0.0109-0.0145-0.0199-0.0246 MRR: 0.0083-0.0093-0.0102-0.0107
------------------------------------------------------
------------------------------------------------------
Runing Epoch 552 valid loss 328.1143 costs 00: 00: 13
[Valid]: Precision: 0.0032-0.0028-0.002-0.0015 Recall: 0.0152-0.0283-0.0457-0.0664 NDCG: 0.0094-0.013-0.017-0.021 MRR: 0.0112-0.0128-0.0139-0.0144
[Test]: Precision: 0.0031-0.0026-0.002-0.0015 Recall: 0.0158-0.0265-0.0491-0.0725 NDCG: 0.0094-0.0125-0.0176-0.0221 MRR: 0.0108-0.0122-0.0135-0.0142
------------------------------------------------------
ood testing
[Valid]: Precision: 0.0024-0.002-0.0014-0.0011 Recall: 0.0213-0.035-0.0608-0.0918 NDCG: 0.0105-0.0141-0.0193-0.0245 MRR: 0.008-0.0091-0.01-0.0105
[Test]: Precision: 0.0025-0.002-0.0014-0.001 Recall: 0.0219-0.0362-0.0632-0.091 NDCG: 0.0109-0.0145-0.02-0.0246 MRR: 0.0083-0.0093-0.0102-0.0107
------------------------------------------------------
------------------------------------------------------
Runing Epoch 553 valid loss 328.1081 costs 00: 00: 13
[Valid]: Precision: 0.0032-0.0028-0.002-0.0015 Recall: 0.0152-0.0283-0.0457-0.0664 NDCG: 0.0094-0.013-0.0171-0.021 MRR: 0.0112-0.0128-0.0139-0.0144
[Test]: Precision: 0.0031-0.0026-0.002-0.0015 Recall: 0.0158-0.0265-0.0491-0.0725 NDCG: 0.0094-0.0125-0.0176-0.0221 MRR: 0.0108-0.0122-0.0135-0.0142
------------------------------------------------------
ood testing
[Valid]: Precision: 0.0024-0.002-0.0014-0.0011 Recall: 0.0213-0.035-0.0606-0.0918 NDCG: 0.0105-0.0141-0.0193-0.0244 MRR: 0.008-0.0091-0.01-0.0105
[Test]: Precision: 0.0025-0.002-0.0014-0.001 Recall: 0.0219-0.0362-0.0631-0.091 NDCG: 0.0109-0.0145-0.0199-0.0246 MRR: 0.0083-0.0093-0.0102-0.0107
------------------------------------------------------
------------------------------------------------------
Runing Epoch 554 valid loss 328.1096 costs 00: 00: 14
[Valid]: Precision: 0.0032-0.0028-0.002-0.0015 Recall: 0.0152-0.0283-0.0459-0.0664 NDCG: 0.0094-0.013-0.0171-0.0211 MRR: 0.0113-0.0129-0.014-0.0145
[Test]: Precision: 0.0031-0.0026-0.002-0.0015 Recall: 0.0158-0.0265-0.049-0.0725 NDCG: 0.0095-0.0125-0.0176-0.0222 MRR: 0.0109-0.0123-0.0136-0.0143
------------------------------------------------------
ood testing
[Valid]: Precision: 0.0024-0.002-0.0014-0.0011 Recall: 0.0213-0.035-0.0607-0.0918 NDCG: 0.0105-0.014-0.0192-0.0244 MRR: 0.0079-0.009-0.0099-0.0104
[Test]: Precision: 0.0025-0.002-0.0014-0.001 Recall: 0.0219-0.0362-0.0629-0.091 NDCG: 0.0109-0.0145-0.0199-0.0246 MRR: 0.0083-0.0093-0.0102-0.0107
------------------------------------------------------
------------------------------------------------------
Runing Epoch 555 valid loss 328.1157 costs 00: 00: 12
[Valid]: Precision: 0.0032-0.0028-0.002-0.0015 Recall: 0.0152-0.0283-0.0457-0.0664 NDCG: 0.0094-0.013-0.0171-0.0211 MRR: 0.0113-0.0129-0.014-0.0145
[Test]: Precision: 0.0031-0.0026-0.002-0.0015 Recall: 0.0158-0.0265-0.0491-0.0725 NDCG: 0.0095-0.0125-0.0177-0.0222 MRR: 0.0109-0.0123-0.0136-0.0143
------------------------------------------------------
ood testing
[Valid]: Precision: 0.0024-0.002-0.0014-0.0011 Recall: 0.0213-0.035-0.0606-0.0918 NDCG: 0.0105-0.014-0.0192-0.0244 MRR: 0.0079-0.009-0.0099-0.0104
[Test]: Precision: 0.0025-0.002-0.0014-0.001 Recall: 0.0219-0.0362-0.0631-0.091 NDCG: 0.0109-0.0145-0.0199-0.0246 MRR: 0.0083-0.0093-0.0102-0.0107
------------------------------------------------------
------------------------------------------------------
Runing Epoch 556 valid loss 328.1162 costs 00: 00: 13
[Valid]: Precision: 0.0032-0.0028-0.002-0.0015 Recall: 0.0152-0.0283-0.0457-0.0663 NDCG: 0.0094-0.013-0.0171-0.021 MRR: 0.0112-0.0128-0.0139-0.0144
[Test]: Precision: 0.0031-0.0026-0.002-0.0015 Recall: 0.0158-0.0265-0.0491-0.0724 NDCG: 0.0094-0.0125-0.0176-0.0221 MRR: 0.0108-0.0122-0.0135-0.0142
------------------------------------------------------
ood testing
[Valid]: Precision: 0.0024-0.002-0.0014-0.0011 Recall: 0.0213-0.035-0.0606-0.0917 NDCG: 0.0105-0.0141-0.0193-0.0244 MRR: 0.008-0.0091-0.01-0.0105
[Test]: Precision: 0.0025-0.002-0.0014-0.001 Recall: 0.0219-0.0362-0.0631-0.091 NDCG: 0.0109-0.0145-0.0199-0.0246 MRR: 0.0083-0.0093-0.0102-0.0107
------------------------------------------------------
------------------------------------------------------
Runing Epoch 557 valid loss 328.1055 costs 00: 00: 12
[Valid]: Precision: 0.0032-0.0028-0.002-0.0015 Recall: 0.0152-0.0283-0.0457-0.0664 NDCG: 0.0094-0.013-0.0171-0.0211 MRR: 0.0112-0.0128-0.0139-0.0144
[Test]: Precision: 0.0031-0.0026-0.002-0.0015 Recall: 0.0158-0.0265-0.0493-0.0725 NDCG: 0.0094-0.0125-0.0176-0.0221 MRR: 0.0108-0.0122-0.0135-0.0142
------------------------------------------------------
ood testing
[Valid]: Precision: 0.0024-0.002-0.0014-0.0011 Recall: 0.0213-0.035-0.0606-0.0918 NDCG: 0.0105-0.0141-0.0192-0.0245 MRR: 0.008-0.0091-0.01-0.0105
[Test]: Precision: 0.0025-0.002-0.0014-0.001 Recall: 0.0219-0.0362-0.0631-0.091 NDCG: 0.0109-0.0145-0.0199-0.0246 MRR: 0.0083-0.0093-0.0102-0.0107
------------------------------------------------------
------------------------------------------------------
Runing Epoch 558 valid loss 328.1080 costs 00: 00: 13
[Valid]: Precision: 0.0032-0.0028-0.002-0.0015 Recall: 0.0152-0.0283-0.0457-0.0665 NDCG: 0.0094-0.013-0.0171-0.0211 MRR: 0.0112-0.0128-0.0139-0.0144
[Test]: Precision: 0.0031-0.0026-0.002-0.0015 Recall: 0.0158-0.0265-0.049-0.0725 NDCG: 0.0094-0.0125-0.0176-0.0221 MRR: 0.0108-0.0122-0.0135-0.0142
------------------------------------------------------
ood testing
[Valid]: Precision: 0.0024-0.002-0.0014-0.0011 Recall: 0.0213-0.035-0.0604-0.0918 NDCG: 0.0105-0.0141-0.0192-0.0245 MRR: 0.008-0.0091-0.01-0.0105
[Test]: Precision: 0.0025-0.002-0.0014-0.001 Recall: 0.0219-0.0362-0.0631-0.091 NDCG: 0.0109-0.0145-0.0199-0.0246 MRR: 0.0083-0.0093-0.0102-0.0107
------------------------------------------------------
------------------------------------------------------
Runing Epoch 559 valid loss 328.1214 costs 00: 00: 13
[Valid]: Precision: 0.0032-0.0028-0.002-0.0015 Recall: 0.0152-0.0283-0.0457-0.0664 NDCG: 0.0094-0.013-0.0171-0.021 MRR: 0.0112-0.0128-0.0139-0.0144
[Test]: Precision: 0.0031-0.0026-0.002-0.0015 Recall: 0.0158-0.0265-0.049-0.0725 NDCG: 0.0094-0.0125-0.0176-0.0222 MRR: 0.0108-0.0122-0.0135-0.0142
------------------------------------------------------
ood testing
[Valid]: Precision: 0.0024-0.002-0.0014-0.0011 Recall: 0.0213-0.035-0.0605-0.0918 NDCG: 0.0105-0.0141-0.0192-0.0245 MRR: 0.008-0.0091-0.01-0.0105
[Test]: Precision: 0.0025-0.002-0.0014-0.001 Recall: 0.0219-0.0362-0.0631-0.091 NDCG: 0.0109-0.0145-0.0199-0.0246 MRR: 0.0083-0.0093-0.0102-0.0107
------------------------------------------------------
------------------------------------------------------
Runing Epoch 560 valid loss 328.1130 costs 00: 00: 12
[Valid]: Precision: 0.0032-0.0028-0.002-0.0015 Recall: 0.0152-0.0283-0.0457-0.0665 NDCG: 0.0094-0.013-0.0171-0.0211 MRR: 0.0112-0.0128-0.0139-0.0144
[Test]: Precision: 0.0031-0.0026-0.002-0.0015 Recall: 0.0158-0.0265-0.049-0.0723 NDCG: 0.0094-0.0125-0.0176-0.0221 MRR: 0.0108-0.0122-0.0135-0.0142
------------------------------------------------------
ood testing
[Valid]: Precision: 0.0024-0.002-0.0014-0.0011 Recall: 0.0213-0.035-0.0605-0.0916 NDCG: 0.0105-0.0141-0.0192-0.0244 MRR: 0.008-0.0091-0.01-0.0105
[Test]: Precision: 0.0025-0.002-0.0014-0.001 Recall: 0.0219-0.0362-0.0631-0.091 NDCG: 0.0109-0.0145-0.0199-0.0246 MRR: 0.0083-0.0093-0.0102-0.0107
------------------------------------------------------
------------------------------------------------------
Runing Epoch 561 valid loss 328.1078 costs 00: 00: 13
[Valid]: Precision: 0.0032-0.0028-0.002-0.0015 Recall: 0.0152-0.0283-0.0457-0.0666 NDCG: 0.0094-0.013-0.0171-0.0211 MRR: 0.0113-0.0129-0.014-0.0145
[Test]: Precision: 0.0031-0.0026-0.002-0.0015 Recall: 0.0158-0.0265-0.0493-0.0723 NDCG: 0.0095-0.0125-0.0177-0.0222 MRR: 0.0109-0.0123-0.0136-0.0143
------------------------------------------------------
ood testing
[Valid]: Precision: 0.0024-0.002-0.0014-0.0011 Recall: 0.0213-0.035-0.0606-0.0916 NDCG: 0.0105-0.014-0.0192-0.0244 MRR: 0.0079-0.009-0.0099-0.0104
[Test]: Precision: 0.0025-0.002-0.0014-0.001 Recall: 0.0219-0.0362-0.0631-0.0911 NDCG: 0.0109-0.0145-0.0199-0.0246 MRR: 0.0083-0.0093-0.0102-0.0107
------------------------------------------------------
------------------------------------------------------
Runing Epoch 562 valid loss 328.1164 costs 00: 00: 12
[Valid]: Precision: 0.0032-0.0028-0.002-0.0015 Recall: 0.0152-0.0283-0.0457-0.0666 NDCG: 0.0094-0.013-0.0171-0.0211 MRR: 0.0113-0.0129-0.014-0.0145
[Test]: Precision: 0.0031-0.0026-0.002-0.0015 Recall: 0.0158-0.0265-0.049-0.0723 NDCG: 0.0095-0.0125-0.0176-0.0222 MRR: 0.0109-0.0123-0.0136-0.0143
------------------------------------------------------
ood testing
[Valid]: Precision: 0.0024-0.002-0.0014-0.0011 Recall: 0.0213-0.035-0.0605-0.0916 NDCG: 0.0105-0.014-0.0192-0.0244 MRR: 0.0079-0.009-0.0099-0.0104
[Test]: Precision: 0.0025-0.002-0.0014-0.001 Recall: 0.0219-0.0362-0.0631-0.0911 NDCG: 0.0109-0.0145-0.0199-0.0246 MRR: 0.0083-0.0093-0.0102-0.0107
------------------------------------------------------
------------------------------------------------------
Runing Epoch 563 valid loss 328.1144 costs 00: 00: 14
[Valid]: Precision: 0.0032-0.0028-0.002-0.0015 Recall: 0.0152-0.0283-0.0457-0.0666 NDCG: 0.0094-0.013-0.0171-0.0211 MRR: 0.0113-0.0129-0.014-0.0145
[Test]: Precision: 0.0031-0.0026-0.0019-0.0015 Recall: 0.0158-0.0265-0.0487-0.0723 NDCG: 0.0095-0.0125-0.0176-0.0222 MRR: 0.0109-0.0123-0.0136-0.0143
------------------------------------------------------
ood testing
[Valid]: Precision: 0.0024-0.002-0.0014-0.0011 Recall: 0.0213-0.035-0.0606-0.0916 NDCG: 0.0105-0.014-0.0192-0.0244 MRR: 0.0079-0.009-0.0099-0.0104
[Test]: Precision: 0.0025-0.002-0.0014-0.001 Recall: 0.0219-0.0362-0.0629-0.0911 NDCG: 0.0109-0.0145-0.0199-0.0246 MRR: 0.0083-0.0093-0.0102-0.0107
------------------------------------------------------
------------------------------------------------------
Runing Epoch 564 valid loss 328.1144 costs 00: 00: 13
[Valid]: Precision: 0.0032-0.0028-0.002-0.0015 Recall: 0.0152-0.0283-0.0457-0.0665 NDCG: 0.0094-0.013-0.0171-0.0211 MRR: 0.0113-0.0129-0.014-0.0145
[Test]: Precision: 0.0031-0.0026-0.002-0.0015 Recall: 0.0158-0.0265-0.0488-0.0725 NDCG: 0.0095-0.0125-0.0176-0.0222 MRR: 0.0109-0.0123-0.0136-0.0143
------------------------------------------------------
ood testing
[Valid]: Precision: 0.0024-0.002-0.0014-0.0011 Recall: 0.0213-0.035-0.0605-0.0916 NDCG: 0.0105-0.014-0.0192-0.0244 MRR: 0.0079-0.009-0.0099-0.0104
[Test]: Precision: 0.0025-0.002-0.0014-0.001 Recall: 0.0219-0.0362-0.0631-0.0911 NDCG: 0.0109-0.0145-0.0199-0.0246 MRR: 0.0083-0.0093-0.0102-0.0107
------------------------------------------------------
------------------------------------------------------
Runing Epoch 565 valid loss 328.1163 costs 00: 00: 13
[Valid]: Precision: 0.0032-0.0028-0.002-0.0015 Recall: 0.0152-0.0283-0.0457-0.0665 NDCG: 0.0094-0.013-0.0171-0.0211 MRR: 0.0113-0.0129-0.014-0.0145
[Test]: Precision: 0.0031-0.0026-0.002-0.0015 Recall: 0.0158-0.0265-0.0488-0.0726 NDCG: 0.0095-0.0125-0.0176-0.0222 MRR: 0.0109-0.0123-0.0136-0.0143
------------------------------------------------------
ood testing
[Valid]: Precision: 0.0024-0.002-0.0014-0.0011 Recall: 0.0213-0.035-0.0605-0.0916 NDCG: 0.0105-0.014-0.0192-0.0244 MRR: 0.0079-0.009-0.0099-0.0104
[Test]: Precision: 0.0025-0.002-0.0014-0.001 Recall: 0.0219-0.0362-0.063-0.0909 NDCG: 0.0109-0.0145-0.0199-0.0246 MRR: 0.0083-0.0093-0.0102-0.0107
------------------------------------------------------
------------------------------------------------------
Runing Epoch 566 valid loss 328.1119 costs 00: 00: 12
[Valid]: Precision: 0.0032-0.0028-0.002-0.0015 Recall: 0.0152-0.0283-0.0457-0.0665 NDCG: 0.0094-0.013-0.0171-0.0211 MRR: 0.0113-0.0129-0.014-0.0145
[Test]: Precision: 0.0031-0.0026-0.002-0.0015 Recall: 0.0158-0.0265-0.049-0.0726 NDCG: 0.0095-0.0125-0.0176-0.0222 MRR: 0.0109-0.0123-0.0136-0.0143
------------------------------------------------------
ood testing
[Valid]: Precision: 0.0024-0.002-0.0014-0.0011 Recall: 0.0213-0.035-0.0605-0.0917 NDCG: 0.0105-0.014-0.0192-0.0244 MRR: 0.0079-0.009-0.0099-0.0104
[Test]: Precision: 0.0025-0.002-0.0014-0.001 Recall: 0.0219-0.0362-0.0631-0.0909 NDCG: 0.0109-0.0145-0.0199-0.0246 MRR: 0.0083-0.0093-0.0102-0.0107
------------------------------------------------------
------------------------------------------------------
Runing Epoch 567 valid loss 328.1001 costs 00: 00: 13
[Valid]: Precision: 0.0032-0.0028-0.002-0.0015 Recall: 0.0152-0.0283-0.0457-0.0663 NDCG: 0.0094-0.013-0.0171-0.021 MRR: 0.0113-0.0129-0.014-0.0145
[Test]: Precision: 0.0031-0.0026-0.002-0.0015 Recall: 0.0158-0.0265-0.049-0.0724 NDCG: 0.0095-0.0125-0.0176-0.0222 MRR: 0.0109-0.0123-0.0136-0.0143
------------------------------------------------------
ood testing
[Valid]: Precision: 0.0024-0.002-0.0014-0.0011 Recall: 0.0213-0.035-0.0605-0.0917 NDCG: 0.0105-0.014-0.0192-0.0244 MRR: 0.0079-0.009-0.0099-0.0104
[Test]: Precision: 0.0025-0.002-0.0014-0.001 Recall: 0.0219-0.0362-0.0631-0.091 NDCG: 0.0109-0.0145-0.0199-0.0246 MRR: 0.0083-0.0093-0.0102-0.0107
------------------------------------------------------
------------------------------------------------------
Runing Epoch 568 valid loss 328.1115 costs 00: 00: 13
[Valid]: Precision: 0.0032-0.0028-0.002-0.0015 Recall: 0.0152-0.0283-0.0457-0.0665 NDCG: 0.0094-0.013-0.0171-0.0211 MRR: 0.0113-0.0129-0.014-0.0145
[Test]: Precision: 0.0031-0.0026-0.002-0.0015 Recall: 0.0158-0.0265-0.0487-0.0723 NDCG: 0.0095-0.0125-0.0176-0.0222 MRR: 0.0109-0.0123-0.0136-0.0143
------------------------------------------------------
ood testing
[Valid]: Precision: 0.0024-0.002-0.0014-0.0011 Recall: 0.0213-0.035-0.0606-0.0916 NDCG: 0.0105-0.014-0.0192-0.0244 MRR: 0.0079-0.009-0.0099-0.0104
[Test]: Precision: 0.0025-0.002-0.0014-0.001 Recall: 0.0219-0.0362-0.0629-0.091 NDCG: 0.0109-0.0145-0.0199-0.0246 MRR: 0.0083-0.0093-0.0102-0.0107
------------------------------------------------------
------------------------------------------------------
Runing Epoch 569 valid loss 328.1204 costs 00: 00: 12
[Valid]: Precision: 0.0032-0.0028-0.002-0.0015 Recall: 0.0152-0.0283-0.0457-0.0667 NDCG: 0.0094-0.013-0.0171-0.0211 MRR: 0.0113-0.0129-0.014-0.0145
[Test]: Precision: 0.0031-0.0026-0.002-0.0015 Recall: 0.0158-0.0265-0.0489-0.0725 NDCG: 0.0095-0.0125-0.0176-0.0222 MRR: 0.0109-0.0123-0.0136-0.0143
------------------------------------------------------
ood testing
[Valid]: Precision: 0.0024-0.002-0.0014-0.0011 Recall: 0.0213-0.035-0.0606-0.0916 NDCG: 0.0105-0.014-0.0192-0.0244 MRR: 0.0079-0.009-0.0099-0.0104
[Test]: Precision: 0.0025-0.002-0.0014-0.001 Recall: 0.0219-0.0362-0.0629-0.091 NDCG: 0.0109-0.0145-0.0199-0.0246 MRR: 0.0083-0.0093-0.0102-0.0107
------------------------------------------------------
------------------------------------------------------
Runing Epoch 570 valid loss 328.1112 costs 00: 00: 13
[Valid]: Precision: 0.0032-0.0028-0.002-0.0015 Recall: 0.0152-0.0283-0.0457-0.0665 NDCG: 0.0094-0.013-0.0171-0.0211 MRR: 0.0113-0.0129-0.014-0.0145
[Test]: Precision: 0.0031-0.0026-0.002-0.0015 Recall: 0.0158-0.0265-0.0493-0.0724 NDCG: 0.0095-0.0125-0.0177-0.0222 MRR: 0.0109-0.0123-0.0136-0.0143
------------------------------------------------------
ood testing
[Valid]: Precision: 0.0024-0.002-0.0014-0.0011 Recall: 0.0213-0.035-0.0606-0.0916 NDCG: 0.0105-0.014-0.0192-0.0244 MRR: 0.0079-0.009-0.0099-0.0104
[Test]: Precision: 0.0025-0.002-0.0014-0.001 Recall: 0.0219-0.0362-0.0631-0.0909 NDCG: 0.0109-0.0145-0.0199-0.0246 MRR: 0.0083-0.0093-0.0102-0.0107
------------------------------------------------------
------------------------------------------------------
Runing Epoch 571 valid loss 328.1092 costs 00: 00: 12
[Valid]: Precision: 0.0032-0.0028-0.002-0.0015 Recall: 0.0152-0.0283-0.0457-0.0666 NDCG: 0.0094-0.013-0.0171-0.0211 MRR: 0.0113-0.0129-0.014-0.0145
[Test]: Precision: 0.0031-0.0026-0.002-0.0015 Recall: 0.0158-0.0265-0.0488-0.0725 NDCG: 0.0095-0.0125-0.0176-0.0222 MRR: 0.0109-0.0123-0.0136-0.0143
------------------------------------------------------
ood testing
[Valid]: Precision: 0.0024-0.002-0.0014-0.0011 Recall: 0.0213-0.035-0.0605-0.0916 NDCG: 0.0105-0.014-0.0192-0.0244 MRR: 0.0079-0.009-0.0099-0.0104
[Test]: Precision: 0.0025-0.002-0.0014-0.001 Recall: 0.0219-0.0362-0.0631-0.091 NDCG: 0.0109-0.0145-0.0199-0.0246 MRR: 0.0083-0.0093-0.0102-0.0107
------------------------------------------------------
------------------------------------------------------
Runing Epoch 572 valid loss 328.1194 costs 00: 00: 13
[Valid]: Precision: 0.0032-0.0028-0.002-0.0015 Recall: 0.0152-0.0283-0.0457-0.0665 NDCG: 0.0094-0.013-0.0171-0.0211 MRR: 0.0113-0.0129-0.014-0.0145
[Test]: Precision: 0.0031-0.0026-0.002-0.0015 Recall: 0.0158-0.0265-0.0488-0.0725 NDCG: 0.0095-0.0125-0.0176-0.0222 MRR: 0.0109-0.0123-0.0136-0.0143
------------------------------------------------------
ood testing
[Valid]: Precision: 0.0024-0.002-0.0014-0.0011 Recall: 0.0213-0.035-0.0605-0.0916 NDCG: 0.0105-0.014-0.0192-0.0244 MRR: 0.0079-0.009-0.0099-0.0104
[Test]: Precision: 0.0025-0.002-0.0014-0.001 Recall: 0.0219-0.0362-0.063-0.091 NDCG: 0.0109-0.0145-0.0199-0.0246 MRR: 0.0083-0.0093-0.0102-0.0107
------------------------------------------------------
------------------------------------------------------
Runing Epoch 573 valid loss 328.1094 costs 00: 00: 12
[Valid]: Precision: 0.0032-0.0028-0.002-0.0015 Recall: 0.0152-0.0283-0.0458-0.0665 NDCG: 0.0094-0.013-0.0171-0.0211 MRR: 0.0112-0.0128-0.0139-0.0144
[Test]: Precision: 0.0031-0.0026-0.002-0.0015 Recall: 0.0158-0.0265-0.0488-0.0725 NDCG: 0.0094-0.0125-0.0176-0.0221 MRR: 0.0108-0.0122-0.0135-0.0142
------------------------------------------------------
ood testing
[Valid]: Precision: 0.0024-0.002-0.0014-0.0011 Recall: 0.0213-0.035-0.0605-0.0916 NDCG: 0.0105-0.0141-0.0192-0.0244 MRR: 0.008-0.0091-0.01-0.0105
[Test]: Precision: 0.0025-0.002-0.0014-0.001 Recall: 0.0219-0.0362-0.0631-0.091 NDCG: 0.0109-0.0145-0.0199-0.0246 MRR: 0.0083-0.0093-0.0102-0.0107
------------------------------------------------------
------------------------------------------------------
Runing Epoch 574 valid loss 328.1117 costs 00: 00: 13
[Valid]: Precision: 0.0032-0.0028-0.002-0.0015 Recall: 0.0152-0.0283-0.0457-0.0664 NDCG: 0.0094-0.013-0.0171-0.0211 MRR: 0.0113-0.0129-0.014-0.0145
[Test]: Precision: 0.0031-0.0026-0.002-0.0015 Recall: 0.0158-0.0265-0.0488-0.0725 NDCG: 0.0095-0.0125-0.0176-0.0222 MRR: 0.0109-0.0123-0.0136-0.0143
------------------------------------------------------
ood testing
[Valid]: Precision: 0.0024-0.002-0.0014-0.0011 Recall: 0.0213-0.035-0.0605-0.0916 NDCG: 0.0105-0.014-0.0192-0.0244 MRR: 0.0079-0.009-0.0099-0.0104
[Test]: Precision: 0.0025-0.002-0.0014-0.001 Recall: 0.0219-0.0362-0.0631-0.091 NDCG: 0.0109-0.0145-0.0199-0.0246 MRR: 0.0083-0.0093-0.0102-0.0107
------------------------------------------------------
------------------------------------------------------
Runing Epoch 575 valid loss 328.1115 costs 00: 00: 12
[Valid]: Precision: 0.0032-0.0028-0.002-0.0015 Recall: 0.0152-0.0283-0.0457-0.0665 NDCG: 0.0094-0.013-0.0171-0.0211 MRR: 0.0113-0.0129-0.014-0.0145
[Test]: Precision: 0.0031-0.0026-0.002-0.0015 Recall: 0.0158-0.0265-0.0488-0.0725 NDCG: 0.0095-0.0125-0.0176-0.0222 MRR: 0.0109-0.0123-0.0136-0.0143
------------------------------------------------------
ood testing
[Valid]: Precision: 0.0024-0.002-0.0014-0.0011 Recall: 0.0213-0.035-0.0605-0.0915 NDCG: 0.0105-0.014-0.0192-0.0244 MRR: 0.0079-0.009-0.0099-0.0104
[Test]: Precision: 0.0025-0.002-0.0014-0.001 Recall: 0.0219-0.0362-0.0631-0.0911 NDCG: 0.0109-0.0145-0.0199-0.0246 MRR: 0.0083-0.0093-0.0102-0.0107
------------------------------------------------------
------------------------------------------------------
Runing Epoch 576 valid loss 328.1120 costs 00: 00: 13
[Valid]: Precision: 0.0032-0.0028-0.002-0.0015 Recall: 0.0152-0.0283-0.0457-0.0665 NDCG: 0.0094-0.013-0.017-0.0211 MRR: 0.0112-0.0128-0.0139-0.0144
[Test]: Precision: 0.0031-0.0026-0.002-0.0015 Recall: 0.0158-0.0265-0.0487-0.0726 NDCG: 0.0094-0.0125-0.0175-0.0222 MRR: 0.0108-0.0122-0.0135-0.0142
------------------------------------------------------
ood testing
[Valid]: Precision: 0.0024-0.002-0.0014-0.0011 Recall: 0.0213-0.035-0.0606-0.0914 NDCG: 0.0105-0.0141-0.0192-0.0244 MRR: 0.008-0.0091-0.01-0.0105
[Test]: Precision: 0.0025-0.002-0.0014-0.001 Recall: 0.0219-0.0362-0.0629-0.091 NDCG: 0.0109-0.0145-0.0199-0.0246 MRR: 0.0083-0.0093-0.0102-0.0107
------------------------------------------------------
------------------------------------------------------
Runing Epoch 577 valid loss 328.1195 costs 00: 00: 13
[Valid]: Precision: 0.0032-0.0028-0.002-0.0015 Recall: 0.0152-0.0283-0.0459-0.0666 NDCG: 0.0094-0.013-0.0171-0.0211 MRR: 0.0113-0.0129-0.014-0.0145
[Test]: Precision: 0.0031-0.0026-0.002-0.0015 Recall: 0.0158-0.0265-0.049-0.0725 NDCG: 0.0095-0.0125-0.0176-0.0222 MRR: 0.0109-0.0123-0.0136-0.0143
------------------------------------------------------
ood testing
[Valid]: Precision: 0.0024-0.002-0.0014-0.0011 Recall: 0.0213-0.035-0.0607-0.0914 NDCG: 0.0105-0.014-0.0192-0.0243 MRR: 0.0079-0.009-0.0099-0.0104
[Test]: Precision: 0.0025-0.002-0.0014-0.001 Recall: 0.0219-0.0362-0.0629-0.0911 NDCG: 0.0109-0.0145-0.0199-0.0246 MRR: 0.0083-0.0093-0.0102-0.0107
------------------------------------------------------
------------------------------------------------------
Runing Epoch 578 valid loss 328.1140 costs 00: 00: 12
[Valid]: Precision: 0.0032-0.0028-0.002-0.0015 Recall: 0.0152-0.0283-0.0459-0.0667 NDCG: 0.0094-0.013-0.0171-0.0211 MRR: 0.0113-0.0129-0.014-0.0145
[Test]: Precision: 0.0031-0.0026-0.002-0.0015 Recall: 0.0158-0.0265-0.0491-0.0725 NDCG: 0.0095-0.0125-0.0176-0.0222 MRR: 0.0109-0.0123-0.0136-0.0143
------------------------------------------------------
ood testing
[Valid]: Precision: 0.0024-0.002-0.0014-0.0011 Recall: 0.0213-0.035-0.0607-0.0914 NDCG: 0.0105-0.014-0.0192-0.0244 MRR: 0.0079-0.009-0.0099-0.0104
[Test]: Precision: 0.0025-0.002-0.0014-0.001 Recall: 0.0219-0.0362-0.0629-0.0912 NDCG: 0.0109-0.0145-0.0199-0.0246 MRR: 0.0083-0.0093-0.0102-0.0107
------------------------------------------------------
------------------------------------------------------
Runing Epoch 579 valid loss 328.1116 costs 00: 00: 13
[Valid]: Precision: 0.0032-0.0028-0.002-0.0015 Recall: 0.0152-0.0283-0.0459-0.0665 NDCG: 0.0094-0.013-0.0171-0.0211 MRR: 0.0112-0.0128-0.0139-0.0144
[Test]: Precision: 0.0031-0.0026-0.002-0.0015 Recall: 0.0158-0.0265-0.049-0.0727 NDCG: 0.0094-0.0125-0.0176-0.0222 MRR: 0.0108-0.0122-0.0135-0.0142
------------------------------------------------------
ood testing
[Valid]: Precision: 0.0024-0.002-0.0014-0.0011 Recall: 0.0213-0.035-0.0608-0.0915 NDCG: 0.0105-0.0141-0.0193-0.0244 MRR: 0.008-0.0091-0.01-0.0105
[Test]: Precision: 0.0025-0.002-0.0014-0.001 Recall: 0.0219-0.0362-0.0629-0.0911 NDCG: 0.0109-0.0145-0.0199-0.0246 MRR: 0.0083-0.0093-0.0102-0.0107
------------------------------------------------------
------------------------------------------------------
Runing Epoch 580 valid loss 328.1130 costs 00: 00: 12
[Valid]: Precision: 0.0032-0.0028-0.002-0.0015 Recall: 0.0152-0.0283-0.0458-0.0666 NDCG: 0.0094-0.013-0.0171-0.0211 MRR: 0.0112-0.0128-0.0139-0.0144
[Test]: Precision: 0.0031-0.0026-0.002-0.0015 Recall: 0.0158-0.0265-0.0488-0.0725 NDCG: 0.0094-0.0125-0.0176-0.0222 MRR: 0.0108-0.0122-0.0135-0.0142
------------------------------------------------------
ood testing
[Valid]: Precision: 0.0024-0.002-0.0014-0.0011 Recall: 0.0213-0.035-0.0605-0.0916 NDCG: 0.0105-0.0141-0.0192-0.0244 MRR: 0.008-0.0091-0.01-0.0105
[Test]: Precision: 0.0025-0.002-0.0014-0.001 Recall: 0.0219-0.0362-0.0631-0.0913 NDCG: 0.0109-0.0145-0.0199-0.0246 MRR: 0.0083-0.0093-0.0102-0.0107
------------------------------------------------------
------------------------------------------------------
Runing Epoch 581 valid loss 328.1126 costs 00: 00: 14
[Valid]: Precision: 0.0032-0.0028-0.002-0.0015 Recall: 0.0152-0.0283-0.0457-0.0666 NDCG: 0.0094-0.013-0.0171-0.0211 MRR: 0.0113-0.0129-0.014-0.0145
[Test]: Precision: 0.0031-0.0026-0.002-0.0015 Recall: 0.0158-0.0265-0.0491-0.0726 NDCG: 0.0095-0.0125-0.0177-0.0222 MRR: 0.0109-0.0123-0.0136-0.0143
------------------------------------------------------
ood testing
[Valid]: Precision: 0.0024-0.002-0.0014-0.0011 Recall: 0.0213-0.035-0.0606-0.0914 NDCG: 0.0105-0.014-0.0192-0.0243 MRR: 0.0079-0.009-0.0099-0.0104
[Test]: Precision: 0.0025-0.002-0.0014-0.001 Recall: 0.0219-0.0362-0.0631-0.0911 NDCG: 0.0109-0.0145-0.0199-0.0246 MRR: 0.0083-0.0093-0.0102-0.0107
------------------------------------------------------
------------------------------------------------------
Runing Epoch 582 valid loss 328.1132 costs 00: 00: 13
[Valid]: Precision: 0.0032-0.0028-0.002-0.0015 Recall: 0.0152-0.0283-0.0457-0.0666 NDCG: 0.0094-0.013-0.0171-0.0211 MRR: 0.0113-0.0129-0.014-0.0145
[Test]: Precision: 0.0031-0.0026-0.002-0.0015 Recall: 0.0158-0.0265-0.0488-0.0726 NDCG: 0.0095-0.0125-0.0176-0.0222 MRR: 0.0109-0.0123-0.0136-0.0143
------------------------------------------------------
ood testing
[Valid]: Precision: 0.0024-0.002-0.0014-0.0011 Recall: 0.0213-0.035-0.0605-0.0914 NDCG: 0.0105-0.014-0.0192-0.0243 MRR: 0.0079-0.009-0.0099-0.0104
[Test]: Precision: 0.0025-0.002-0.0014-0.001 Recall: 0.0219-0.0362-0.0631-0.091 NDCG: 0.0109-0.0145-0.0199-0.0246 MRR: 0.0083-0.0093-0.0102-0.0107
------------------------------------------------------
------------------------------------------------------
Runing Epoch 583 valid loss 328.1109 costs 00: 00: 13
[Valid]: Precision: 0.0032-0.0028-0.002-0.0015 Recall: 0.0152-0.0283-0.0457-0.0665 NDCG: 0.0094-0.013-0.0171-0.0211 MRR: 0.0113-0.0129-0.014-0.0145
[Test]: Precision: 0.0031-0.0026-0.002-0.0015 Recall: 0.0158-0.0265-0.0488-0.0725 NDCG: 0.0095-0.0125-0.0176-0.0222 MRR: 0.0109-0.0123-0.0136-0.0143
------------------------------------------------------
ood testing
[Valid]: Precision: 0.0024-0.002-0.0014-0.0011 Recall: 0.0213-0.035-0.0605-0.0914 NDCG: 0.0105-0.014-0.0192-0.0243 MRR: 0.0079-0.009-0.0099-0.0104
[Test]: Precision: 0.0025-0.002-0.0014-0.001 Recall: 0.0219-0.0362-0.0631-0.0909 NDCG: 0.0109-0.0145-0.0199-0.0246 MRR: 0.0083-0.0093-0.0102-0.0107
------------------------------------------------------
------------------------------------------------------
Runing Epoch 584 valid loss 328.1093 costs 00: 00: 13
[Valid]: Precision: 0.0032-0.0028-0.002-0.0015 Recall: 0.0152-0.0283-0.0457-0.0665 NDCG: 0.0094-0.013-0.0171-0.0211 MRR: 0.0113-0.0129-0.014-0.0145
[Test]: Precision: 0.0031-0.0026-0.002-0.0015 Recall: 0.0158-0.0265-0.0488-0.0726 NDCG: 0.0095-0.0125-0.0176-0.0222 MRR: 0.0109-0.0123-0.0136-0.0143
------------------------------------------------------
ood testing
[Valid]: Precision: 0.0024-0.002-0.0014-0.0011 Recall: 0.0213-0.035-0.0604-0.0915 NDCG: 0.0105-0.014-0.0192-0.0244 MRR: 0.0079-0.009-0.0099-0.0104
[Test]: Precision: 0.0025-0.002-0.0014-0.001 Recall: 0.0219-0.0362-0.0631-0.0909 NDCG: 0.0109-0.0145-0.0199-0.0246 MRR: 0.0083-0.0093-0.0102-0.0107
------------------------------------------------------
------------------------------------------------------
Runing Epoch 585 valid loss 328.1139 costs 00: 00: 13
[Valid]: Precision: 0.0032-0.0028-0.002-0.0015 Recall: 0.0152-0.0283-0.0457-0.0666 NDCG: 0.0094-0.013-0.0171-0.0211 MRR: 0.0112-0.0128-0.0139-0.0144
[Test]: Precision: 0.0031-0.0026-0.002-0.0015 Recall: 0.0158-0.0265-0.049-0.0726 NDCG: 0.0094-0.0125-0.0176-0.0222 MRR: 0.0108-0.0122-0.0135-0.0142
------------------------------------------------------
ood testing
[Valid]: Precision: 0.0024-0.002-0.0014-0.0011 Recall: 0.0213-0.035-0.0605-0.0914 NDCG: 0.0105-0.0141-0.0192-0.0244 MRR: 0.008-0.0091-0.01-0.0105
[Test]: Precision: 0.0025-0.002-0.0014-0.001 Recall: 0.0219-0.0362-0.063-0.091 NDCG: 0.0109-0.0145-0.0199-0.0246 MRR: 0.0083-0.0093-0.0102-0.0107
------------------------------------------------------
------------------------------------------------------
Runing Epoch 586 valid loss 328.1122 costs 00: 00: 13
[Valid]: Precision: 0.0032-0.0028-0.002-0.0015 Recall: 0.0152-0.0283-0.0457-0.0668 NDCG: 0.0094-0.013-0.017-0.0211 MRR: 0.0112-0.0128-0.0139-0.0144
[Test]: Precision: 0.0031-0.0026-0.002-0.0015 Recall: 0.0158-0.0265-0.0488-0.0726 NDCG: 0.0094-0.0125-0.0175-0.0222 MRR: 0.0108-0.0122-0.0135-0.0142
------------------------------------------------------
ood testing
[Valid]: Precision: 0.0024-0.002-0.0014-0.0011 Recall: 0.0213-0.035-0.0606-0.0914 NDCG: 0.0105-0.0141-0.0193-0.0244 MRR: 0.008-0.0091-0.01-0.0105
[Test]: Precision: 0.0025-0.002-0.0014-0.001 Recall: 0.0219-0.0362-0.0629-0.091 NDCG: 0.0109-0.0145-0.0199-0.0246 MRR: 0.0083-0.0093-0.0102-0.0107
------------------------------------------------------
------------------------------------------------------
Runing Epoch 587 valid loss 328.1153 costs 00: 00: 12
[Valid]: Precision: 0.0032-0.0028-0.002-0.0015 Recall: 0.0152-0.0283-0.0457-0.0666 NDCG: 0.0094-0.013-0.0171-0.0211 MRR: 0.0113-0.0129-0.014-0.0145
[Test]: Precision: 0.0031-0.0026-0.002-0.0015 Recall: 0.0158-0.0265-0.0488-0.0724 NDCG: 0.0095-0.0125-0.0176-0.0222 MRR: 0.0109-0.0123-0.0136-0.0143
------------------------------------------------------
ood testing
[Valid]: Precision: 0.0024-0.002-0.0014-0.0011 Recall: 0.0213-0.035-0.0606-0.0914 NDCG: 0.0105-0.014-0.0192-0.0244 MRR: 0.0079-0.009-0.0099-0.0104
[Test]: Precision: 0.0025-0.002-0.0014-0.001 Recall: 0.0219-0.0362-0.0629-0.091 NDCG: 0.0109-0.0145-0.0199-0.0246 MRR: 0.0083-0.0093-0.0102-0.0107
------------------------------------------------------
------------------------------------------------------
Runing Epoch 588 valid loss 328.1113 costs 00: 00: 13
[Valid]: Precision: 0.0032-0.0028-0.002-0.0015 Recall: 0.0152-0.0283-0.0457-0.0668 NDCG: 0.0094-0.013-0.0171-0.0211 MRR: 0.0113-0.0129-0.014-0.0145
[Test]: Precision: 0.0031-0.0026-0.002-0.0015 Recall: 0.0158-0.0265-0.0489-0.0726 NDCG: 0.0095-0.0125-0.0176-0.0222 MRR: 0.0109-0.0123-0.0136-0.0143
------------------------------------------------------
ood testing
[Valid]: Precision: 0.0024-0.002-0.0014-0.0011 Recall: 0.0213-0.035-0.0606-0.0914 NDCG: 0.0105-0.014-0.0192-0.0243 MRR: 0.0079-0.009-0.0099-0.0104
[Test]: Precision: 0.0025-0.002-0.0014-0.001 Recall: 0.0219-0.0362-0.0629-0.091 NDCG: 0.0109-0.0145-0.0199-0.0246 MRR: 0.0083-0.0093-0.0102-0.0107
------------------------------------------------------
------------------------------------------------------
Runing Epoch 589 valid loss 328.1071 costs 00: 00: 12
[Valid]: Precision: 0.0032-0.0028-0.002-0.0015 Recall: 0.0152-0.0283-0.0457-0.0665 NDCG: 0.0094-0.013-0.0171-0.0211 MRR: 0.0113-0.0129-0.014-0.0145
[Test]: Precision: 0.0031-0.0026-0.0019-0.0016 Recall: 0.0158-0.0265-0.0487-0.0726 NDCG: 0.0095-0.0125-0.0176-0.0222 MRR: 0.0109-0.0123-0.0136-0.0143
------------------------------------------------------
ood testing
[Valid]: Precision: 0.0024-0.002-0.0014-0.0011 Recall: 0.0213-0.035-0.0606-0.0914 NDCG: 0.0105-0.014-0.0192-0.0243 MRR: 0.0079-0.009-0.0099-0.0104
[Test]: Precision: 0.0025-0.002-0.0014-0.001 Recall: 0.0219-0.0362-0.0629-0.091 NDCG: 0.0109-0.0145-0.0199-0.0246 MRR: 0.0083-0.0093-0.0102-0.0107
------------------------------------------------------
------------------------------------------------------
Runing Epoch 590 valid loss 328.1138 costs 00: 00: 14
[Valid]: Precision: 0.0032-0.0028-0.002-0.0015 Recall: 0.0152-0.0283-0.0457-0.0666 NDCG: 0.0094-0.013-0.0171-0.0211 MRR: 0.0113-0.0129-0.014-0.0145
[Test]: Precision: 0.0031-0.0026-0.0019-0.0016 Recall: 0.0158-0.0265-0.0487-0.0726 NDCG: 0.0095-0.0125-0.0176-0.0222 MRR: 0.0109-0.0123-0.0136-0.0143
------------------------------------------------------
ood testing
[Valid]: Precision: 0.0024-0.002-0.0014-0.0011 Recall: 0.0213-0.035-0.0606-0.0914 NDCG: 0.0105-0.014-0.0192-0.0243 MRR: 0.0079-0.009-0.0099-0.0104
[Test]: Precision: 0.0025-0.002-0.0014-0.001 Recall: 0.0219-0.0362-0.0629-0.0911 NDCG: 0.0109-0.0145-0.0199-0.0246 MRR: 0.0083-0.0093-0.0102-0.0107
------------------------------------------------------
------------------------------------------------------
Runing Epoch 591 valid loss 328.1121 costs 00: 00: 13
[Valid]: Precision: 0.0032-0.0028-0.002-0.0015 Recall: 0.0152-0.0283-0.0457-0.0666 NDCG: 0.0094-0.013-0.0171-0.0211 MRR: 0.0113-0.0129-0.014-0.0145
[Test]: Precision: 0.0031-0.0026-0.0019-0.0015 Recall: 0.0158-0.0265-0.0487-0.0725 NDCG: 0.0095-0.0125-0.0176-0.0222 MRR: 0.0109-0.0123-0.0136-0.0143
------------------------------------------------------
ood testing
[Valid]: Precision: 0.0024-0.002-0.0014-0.0011 Recall: 0.0213-0.035-0.0606-0.0914 NDCG: 0.0105-0.014-0.0192-0.0243 MRR: 0.0079-0.009-0.0099-0.0104
[Test]: Precision: 0.0025-0.002-0.0014-0.001 Recall: 0.0219-0.0362-0.0629-0.0911 NDCG: 0.0109-0.0145-0.0199-0.0246 MRR: 0.0083-0.0093-0.0102-0.0107
------------------------------------------------------
------------------------------------------------------
Runing Epoch 592 valid loss 328.1208 costs 00: 00: 13
[Valid]: Precision: 0.0032-0.0028-0.002-0.0015 Recall: 0.0152-0.0283-0.0459-0.0667 NDCG: 0.0094-0.013-0.0171-0.0211 MRR: 0.0113-0.0129-0.014-0.0145
[Test]: Precision: 0.0031-0.0026-0.002-0.0015 Recall: 0.0158-0.0265-0.049-0.0724 NDCG: 0.0095-0.0125-0.0176-0.0222 MRR: 0.0109-0.0123-0.0136-0.0143
------------------------------------------------------
ood testing
[Valid]: Precision: 0.0024-0.002-0.0014-0.0011 Recall: 0.0213-0.035-0.0607-0.0914 NDCG: 0.0105-0.014-0.0192-0.0243 MRR: 0.0079-0.009-0.0099-0.0104
[Test]: Precision: 0.0025-0.002-0.0014-0.001 Recall: 0.0219-0.0362-0.0629-0.091 NDCG: 0.0109-0.0145-0.0199-0.0246 MRR: 0.0083-0.0093-0.0102-0.0107
------------------------------------------------------
------------------------------------------------------
Runing Epoch 593 valid loss 328.1205 costs 00: 00: 13
[Valid]: Precision: 0.0032-0.0028-0.002-0.0015 Recall: 0.0152-0.0283-0.0459-0.0666 NDCG: 0.0094-0.013-0.0171-0.0211 MRR: 0.0113-0.0129-0.014-0.0145
[Test]: Precision: 0.0031-0.0026-0.002-0.0015 Recall: 0.0158-0.0265-0.049-0.0725 NDCG: 0.0095-0.0125-0.0176-0.0222 MRR: 0.0109-0.0123-0.0136-0.0143
------------------------------------------------------
ood testing
[Valid]: Precision: 0.0024-0.002-0.0014-0.0011 Recall: 0.0213-0.035-0.0607-0.0916 NDCG: 0.0105-0.014-0.0192-0.0244 MRR: 0.0079-0.009-0.0099-0.0104
[Test]: Precision: 0.0025-0.002-0.0014-0.001 Recall: 0.0219-0.0362-0.0629-0.091 NDCG: 0.0109-0.0145-0.0199-0.0246 MRR: 0.0083-0.0093-0.0102-0.0107
------------------------------------------------------
------------------------------------------------------
Runing Epoch 594 valid loss 328.1029 costs 00: 00: 13
[Valid]: Precision: 0.0032-0.0028-0.002-0.0015 Recall: 0.0152-0.0283-0.0459-0.0666 NDCG: 0.0094-0.013-0.0171-0.0211 MRR: 0.0113-0.0129-0.014-0.0145
[Test]: Precision: 0.0031-0.0026-0.002-0.0015 Recall: 0.0158-0.0265-0.049-0.0724 NDCG: 0.0095-0.0125-0.0176-0.0222 MRR: 0.0109-0.0123-0.0136-0.0143
------------------------------------------------------
ood testing
[Valid]: Precision: 0.0024-0.002-0.0014-0.0011 Recall: 0.0213-0.035-0.0607-0.0915 NDCG: 0.0105-0.014-0.0192-0.0244 MRR: 0.0079-0.009-0.0099-0.0104
[Test]: Precision: 0.0025-0.002-0.0014-0.001 Recall: 0.0219-0.0362-0.0629-0.0913 NDCG: 0.0109-0.0145-0.0199-0.0246 MRR: 0.0083-0.0093-0.0102-0.0107
------------------------------------------------------
------------------------------------------------------
Runing Epoch 595 valid loss 328.1059 costs 00: 00: 12
[Valid]: Precision: 0.0032-0.0028-0.002-0.0015 Recall: 0.0152-0.0283-0.0459-0.0666 NDCG: 0.0094-0.013-0.0171-0.0211 MRR: 0.0112-0.0128-0.0139-0.0144
[Test]: Precision: 0.0031-0.0026-0.002-0.0015 Recall: 0.0158-0.0265-0.049-0.0724 NDCG: 0.0094-0.0125-0.0176-0.0221 MRR: 0.0108-0.0122-0.0135-0.0142
------------------------------------------------------
ood testing
[Valid]: Precision: 0.0024-0.002-0.0014-0.0011 Recall: 0.0213-0.035-0.0607-0.0914 NDCG: 0.0105-0.0141-0.0193-0.0244 MRR: 0.008-0.0091-0.01-0.0105
[Test]: Precision: 0.0025-0.002-0.0014-0.001 Recall: 0.0219-0.0362-0.0629-0.091 NDCG: 0.0109-0.0145-0.0199-0.0246 MRR: 0.0083-0.0093-0.0102-0.0107
------------------------------------------------------
------------------------------------------------------
Runing Epoch 596 valid loss 328.1119 costs 00: 00: 12
[Valid]: Precision: 0.0032-0.0028-0.002-0.0015 Recall: 0.0152-0.0283-0.0457-0.0666 NDCG: 0.0094-0.013-0.0171-0.0211 MRR: 0.0113-0.0129-0.014-0.0145
[Test]: Precision: 0.0031-0.0026-0.002-0.0015 Recall: 0.0158-0.0265-0.0487-0.0725 NDCG: 0.0095-0.0125-0.0176-0.0222 MRR: 0.0109-0.0123-0.0136-0.0143
------------------------------------------------------
ood testing
[Valid]: Precision: 0.0024-0.002-0.0014-0.0011 Recall: 0.0213-0.035-0.0606-0.0916 NDCG: 0.0105-0.014-0.0192-0.0244 MRR: 0.0079-0.009-0.0099-0.0104
[Test]: Precision: 0.0025-0.002-0.0014-0.001 Recall: 0.0219-0.0362-0.0629-0.091 NDCG: 0.0109-0.0145-0.0199-0.0246 MRR: 0.0083-0.0093-0.0102-0.0107
------------------------------------------------------
------------------------------------------------------
Runing Epoch 597 valid loss 328.1151 costs 00: 00: 13
[Valid]: Precision: 0.0032-0.0028-0.002-0.0015 Recall: 0.0152-0.0283-0.0459-0.0665 NDCG: 0.0094-0.013-0.0171-0.0211 MRR: 0.0113-0.0129-0.014-0.0145
[Test]: Precision: 0.0031-0.0026-0.002-0.0015 Recall: 0.0158-0.0265-0.049-0.0724 NDCG: 0.0095-0.0125-0.0176-0.0222 MRR: 0.0109-0.0123-0.0136-0.0143
------------------------------------------------------
ood testing
[Valid]: Precision: 0.0024-0.002-0.0014-0.0011 Recall: 0.0213-0.035-0.0607-0.0914 NDCG: 0.0105-0.014-0.0192-0.0244 MRR: 0.0079-0.009-0.0099-0.0104
[Test]: Precision: 0.0025-0.002-0.0014-0.001 Recall: 0.0219-0.0362-0.0629-0.0909 NDCG: 0.0109-0.0145-0.0199-0.0246 MRR: 0.0083-0.0093-0.0102-0.0107
------------------------------------------------------
------------------------------------------------------
Runing Epoch 598 valid loss 328.1158 costs 00: 00: 12
[Valid]: Precision: 0.0032-0.0028-0.002-0.0015 Recall: 0.0152-0.0283-0.0457-0.0664 NDCG: 0.0094-0.013-0.0171-0.021 MRR: 0.0113-0.0129-0.014-0.0145
[Test]: Precision: 0.0031-0.0026-0.0019-0.0015 Recall: 0.0158-0.0265-0.0487-0.0725 NDCG: 0.0095-0.0125-0.0176-0.0222 MRR: 0.0109-0.0123-0.0136-0.0143
------------------------------------------------------
ood testing
[Valid]: Precision: 0.0024-0.002-0.0014-0.0011 Recall: 0.0213-0.035-0.0606-0.0914 NDCG: 0.0105-0.014-0.0192-0.0244 MRR: 0.0079-0.009-0.0099-0.0104
[Test]: Precision: 0.0025-0.002-0.0014-0.001 Recall: 0.0219-0.0362-0.0629-0.0909 NDCG: 0.0109-0.0145-0.0199-0.0246 MRR: 0.0083-0.0093-0.0102-0.0107
------------------------------------------------------
------------------------------------------------------
Runing Epoch 599 valid loss 328.1123 costs 00: 00: 14
[Valid]: Precision: 0.0032-0.0028-0.002-0.0015 Recall: 0.0152-0.0283-0.0457-0.0663 NDCG: 0.0094-0.013-0.0171-0.021 MRR: 0.0113-0.0129-0.014-0.0145
[Test]: Precision: 0.0031-0.0026-0.0019-0.0015 Recall: 0.0158-0.0265-0.0487-0.0725 NDCG: 0.0095-0.0125-0.0176-0.0222 MRR: 0.0109-0.0123-0.0136-0.0143
------------------------------------------------------
ood testing
[Valid]: Precision: 0.0024-0.002-0.0014-0.0011 Recall: 0.0213-0.035-0.0606-0.0914 NDCG: 0.0105-0.014-0.0192-0.0244 MRR: 0.0079-0.009-0.0099-0.0104
[Test]: Precision: 0.0025-0.002-0.0014-0.001 Recall: 0.0219-0.0362-0.0629-0.0908 NDCG: 0.0109-0.0145-0.0199-0.0246 MRR: 0.0083-0.0093-0.0102-0.0107
------------------------------------------------------
------------------------------------------------------
Runing Epoch 600 valid loss 328.1152 costs 00: 00: 12
[Valid]: Precision: 0.0032-0.0028-0.002-0.0015 Recall: 0.0152-0.0283-0.0459-0.0664 NDCG: 0.0094-0.013-0.0171-0.0211 MRR: 0.0113-0.0129-0.014-0.0145
[Test]: Precision: 0.0031-0.0026-0.002-0.0015 Recall: 0.0158-0.0265-0.0492-0.0724 NDCG: 0.0095-0.0125-0.0177-0.0222 MRR: 0.0109-0.0123-0.0136-0.0143
------------------------------------------------------
ood testing
[Valid]: Precision: 0.0024-0.002-0.0014-0.0011 Recall: 0.0213-0.035-0.0608-0.0914 NDCG: 0.0105-0.014-0.0192-0.0244 MRR: 0.0079-0.009-0.0099-0.0104
[Test]: Precision: 0.0025-0.002-0.0014-0.001 Recall: 0.0219-0.0362-0.0629-0.0909 NDCG: 0.0109-0.0145-0.0199-0.0246 MRR: 0.0083-0.0093-0.0102-0.0107
------------------------------------------------------
------------------------------------------------------
Runing Epoch 601 valid loss 328.1118 costs 00: 00: 13
[Valid]: Precision: 0.0032-0.0028-0.002-0.0015 Recall: 0.0152-0.0283-0.0459-0.0664 NDCG: 0.0094-0.013-0.0171-0.021 MRR: 0.0113-0.0129-0.014-0.0145
[Test]: Precision: 0.0031-0.0026-0.002-0.0015 Recall: 0.0158-0.0265-0.0491-0.0725 NDCG: 0.0095-0.0125-0.0177-0.0222 MRR: 0.0109-0.0123-0.0136-0.0143
------------------------------------------------------
ood testing
[Valid]: Precision: 0.0024-0.002-0.0014-0.0011 Recall: 0.0213-0.035-0.0607-0.0915 NDCG: 0.0105-0.014-0.0192-0.0244 MRR: 0.0079-0.009-0.0099-0.0104
[Test]: Precision: 0.0025-0.002-0.0014-0.001 Recall: 0.0219-0.0362-0.0632-0.091 NDCG: 0.0109-0.0145-0.02-0.0246 MRR: 0.0083-0.0093-0.0102-0.0107
------------------------------------------------------
------------------------------------------------------
Runing Epoch 602 valid loss 328.1116 costs 00: 00: 12
[Valid]: Precision: 0.0032-0.0028-0.002-0.0015 Recall: 0.0152-0.0283-0.0457-0.0664 NDCG: 0.0094-0.013-0.0171-0.021 MRR: 0.0113-0.0129-0.014-0.0145
[Test]: Precision: 0.0031-0.0026-0.002-0.0015 Recall: 0.0158-0.0265-0.0491-0.0725 NDCG: 0.0095-0.0125-0.0177-0.0222 MRR: 0.0109-0.0123-0.0136-0.0143
------------------------------------------------------
ood testing
[Valid]: Precision: 0.0024-0.002-0.0014-0.0011 Recall: 0.0213-0.035-0.0608-0.0914 NDCG: 0.0105-0.014-0.0192-0.0244 MRR: 0.0079-0.009-0.0099-0.0104
[Test]: Precision: 0.0025-0.002-0.0014-0.001 Recall: 0.0219-0.0362-0.0632-0.0908 NDCG: 0.0109-0.0145-0.02-0.0246 MRR: 0.0083-0.0093-0.0102-0.0107
------------------------------------------------------
------------------------------------------------------
Runing Epoch 603 valid loss 328.1114 costs 00: 00: 13
[Valid]: Precision: 0.0032-0.0028-0.002-0.0015 Recall: 0.0152-0.0283-0.0459-0.0664 NDCG: 0.0094-0.013-0.0171-0.021 MRR: 0.0113-0.0129-0.014-0.0145
[Test]: Precision: 0.0031-0.0026-0.002-0.0015 Recall: 0.0158-0.0265-0.0493-0.0725 NDCG: 0.0095-0.0125-0.0177-0.0222 MRR: 0.0109-0.0123-0.0136-0.0143
------------------------------------------------------
ood testing
[Valid]: Precision: 0.0024-0.002-0.0014-0.0011 Recall: 0.0213-0.035-0.0607-0.0915 NDCG: 0.0105-0.014-0.0192-0.0244 MRR: 0.0079-0.009-0.0099-0.0104
[Test]: Precision: 0.0025-0.002-0.0014-0.001 Recall: 0.0219-0.0362-0.0632-0.091 NDCG: 0.0109-0.0145-0.02-0.0246 MRR: 0.0083-0.0093-0.0102-0.0107
------------------------------------------------------
------------------------------------------------------
Runing Epoch 604 valid loss 328.1191 costs 00: 00: 12
[Valid]: Precision: 0.0032-0.0028-0.002-0.0015 Recall: 0.0152-0.0283-0.0457-0.0665 NDCG: 0.0094-0.013-0.0171-0.0211 MRR: 0.0113-0.0129-0.014-0.0145
[Test]: Precision: 0.0031-0.0026-0.002-0.0015 Recall: 0.0158-0.0265-0.0493-0.0725 NDCG: 0.0095-0.0125-0.0177-0.0222 MRR: 0.0109-0.0123-0.0136-0.0143
------------------------------------------------------
ood testing
[Valid]: Precision: 0.0024-0.002-0.0014-0.0011 Recall: 0.0213-0.035-0.0608-0.0914 NDCG: 0.0105-0.014-0.0192-0.0243 MRR: 0.0079-0.009-0.0099-0.0104
[Test]: Precision: 0.0025-0.002-0.0014-0.001 Recall: 0.0219-0.0362-0.0632-0.0909 NDCG: 0.0109-0.0145-0.02-0.0246 MRR: 0.0083-0.0093-0.0102-0.0107
------------------------------------------------------
------------------------------------------------------
Runing Epoch 605 valid loss 328.1158 costs 00: 00: 13
[Valid]: Precision: 0.0032-0.0028-0.002-0.0015 Recall: 0.0152-0.0283-0.0459-0.0665 NDCG: 0.0094-0.013-0.0171-0.0211 MRR: 0.0113-0.0129-0.014-0.0145
[Test]: Precision: 0.0031-0.0026-0.002-0.0015 Recall: 0.0158-0.0265-0.0493-0.0724 NDCG: 0.0095-0.0125-0.0177-0.0222 MRR: 0.0109-0.0123-0.0136-0.0143
------------------------------------------------------
ood testing
[Valid]: Precision: 0.0024-0.002-0.0014-0.0011 Recall: 0.0213-0.035-0.0607-0.0914 NDCG: 0.0105-0.014-0.0192-0.0244 MRR: 0.0079-0.009-0.0099-0.0104
[Test]: Precision: 0.0025-0.002-0.0014-0.001 Recall: 0.0219-0.0362-0.0632-0.091 NDCG: 0.0109-0.0145-0.02-0.0246 MRR: 0.0083-0.0093-0.0102-0.0107
------------------------------------------------------
------------------------------------------------------
Runing Epoch 606 valid loss 328.1105 costs 00: 00: 13
[Valid]: Precision: 0.0032-0.0028-0.002-0.0015 Recall: 0.0152-0.0283-0.0459-0.0664 NDCG: 0.0094-0.013-0.0171-0.021 MRR: 0.0113-0.0129-0.014-0.0145
[Test]: Precision: 0.0031-0.0026-0.002-0.0015 Recall: 0.0158-0.0265-0.0491-0.0725 NDCG: 0.0095-0.0125-0.0177-0.0222 MRR: 0.0109-0.0123-0.0136-0.0143
------------------------------------------------------
ood testing
[Valid]: Precision: 0.0024-0.002-0.0014-0.0011 Recall: 0.0213-0.035-0.0608-0.0915 NDCG: 0.0105-0.014-0.0192-0.0244 MRR: 0.0079-0.009-0.0099-0.0104
[Test]: Precision: 0.0025-0.002-0.0014-0.001 Recall: 0.0219-0.0362-0.0632-0.091 NDCG: 0.0109-0.0145-0.02-0.0246 MRR: 0.0083-0.0093-0.0102-0.0107
------------------------------------------------------
------------------------------------------------------
Runing Epoch 607 valid loss 328.1145 costs 00: 00: 12
[Valid]: Precision: 0.0032-0.0028-0.002-0.0015 Recall: 0.0152-0.0283-0.0459-0.0664 NDCG: 0.0094-0.013-0.0171-0.021 MRR: 0.0113-0.0129-0.014-0.0145
[Test]: Precision: 0.0031-0.0026-0.002-0.0015 Recall: 0.0158-0.0265-0.0492-0.0725 NDCG: 0.0095-0.0125-0.0177-0.0222 MRR: 0.0109-0.0123-0.0136-0.0143
------------------------------------------------------
ood testing
[Valid]: Precision: 0.0024-0.002-0.0014-0.0011 Recall: 0.0213-0.035-0.0608-0.0915 NDCG: 0.0105-0.014-0.0192-0.0244 MRR: 0.0079-0.009-0.0099-0.0104
[Test]: Precision: 0.0025-0.002-0.0014-0.001 Recall: 0.0219-0.0362-0.0629-0.091 NDCG: 0.0109-0.0145-0.0199-0.0246 MRR: 0.0083-0.0093-0.0102-0.0107
------------------------------------------------------
------------------------------------------------------
Runing Epoch 608 valid loss 328.1104 costs 00: 00: 13
[Valid]: Precision: 0.0032-0.0028-0.002-0.0015 Recall: 0.0152-0.0283-0.0459-0.0665 NDCG: 0.0094-0.013-0.0171-0.0211 MRR: 0.0113-0.0129-0.014-0.0145
[Test]: Precision: 0.0031-0.0026-0.002-0.0015 Recall: 0.0158-0.0265-0.0492-0.0726 NDCG: 0.0095-0.0125-0.0177-0.0222 MRR: 0.0109-0.0123-0.0136-0.0143
------------------------------------------------------
ood testing
[Valid]: Precision: 0.0024-0.002-0.0014-0.0011 Recall: 0.0213-0.035-0.0607-0.0914 NDCG: 0.0105-0.014-0.0192-0.0244 MRR: 0.0079-0.009-0.0099-0.0104
[Test]: Precision: 0.0025-0.002-0.0014-0.001 Recall: 0.0219-0.0362-0.0629-0.091 NDCG: 0.0109-0.0145-0.0199-0.0246 MRR: 0.0083-0.0093-0.0102-0.0107
------------------------------------------------------
------------------------------------------------------
Runing Epoch 609 valid loss 328.1156 costs 00: 00: 12
[Valid]: Precision: 0.0032-0.0028-0.002-0.0015 Recall: 0.0152-0.0283-0.0459-0.0665 NDCG: 0.0094-0.013-0.0171-0.0211 MRR: 0.0113-0.0129-0.014-0.0145
[Test]: Precision: 0.0031-0.0026-0.002-0.0015 Recall: 0.0158-0.0265-0.0491-0.0726 NDCG: 0.0095-0.0125-0.0177-0.0222 MRR: 0.0109-0.0123-0.0136-0.0143
------------------------------------------------------
ood testing
[Valid]: Precision: 0.0024-0.002-0.0014-0.0011 Recall: 0.0213-0.035-0.0607-0.0914 NDCG: 0.0105-0.014-0.0192-0.0244 MRR: 0.0079-0.009-0.0099-0.0104
[Test]: Precision: 0.0025-0.002-0.0014-0.001 Recall: 0.0219-0.0362-0.0632-0.091 NDCG: 0.0109-0.0145-0.02-0.0246 MRR: 0.0083-0.0093-0.0102-0.0107
------------------------------------------------------
------------------------------------------------------
Runing Epoch 610 valid loss 328.1141 costs 00: 00: 13
[Valid]: Precision: 0.0032-0.0028-0.002-0.0015 Recall: 0.0152-0.0283-0.0457-0.0664 NDCG: 0.0094-0.013-0.0171-0.021 MRR: 0.0112-0.0128-0.0139-0.0144
[Test]: Precision: 0.0031-0.0026-0.002-0.0015 Recall: 0.0158-0.0265-0.049-0.0724 NDCG: 0.0094-0.0125-0.0176-0.0221 MRR: 0.0108-0.0122-0.0135-0.0142
------------------------------------------------------
ood testing
[Valid]: Precision: 0.0024-0.002-0.0014-0.0011 Recall: 0.0213-0.035-0.0604-0.0915 NDCG: 0.0105-0.0141-0.0192-0.0244 MRR: 0.008-0.0091-0.01-0.0105
[Test]: Precision: 0.0025-0.002-0.0014-0.001 Recall: 0.0219-0.0362-0.063-0.091 NDCG: 0.0109-0.0145-0.0199-0.0246 MRR: 0.0083-0.0093-0.0102-0.0107
------------------------------------------------------
------------------------------------------------------
Runing Epoch 611 valid loss 328.1140 costs 00: 00: 12
[Valid]: Precision: 0.0032-0.0028-0.002-0.0015 Recall: 0.0152-0.0283-0.0457-0.0663 NDCG: 0.0094-0.013-0.0171-0.021 MRR: 0.0112-0.0128-0.0139-0.0144
[Test]: Precision: 0.0031-0.0026-0.002-0.0015 Recall: 0.0158-0.0265-0.0491-0.0726 NDCG: 0.0094-0.0125-0.0176-0.0222 MRR: 0.0108-0.0122-0.0135-0.0142
------------------------------------------------------
ood testing
[Valid]: Precision: 0.0024-0.002-0.0014-0.0011 Recall: 0.0213-0.035-0.0607-0.0916 NDCG: 0.0105-0.0141-0.0193-0.0244 MRR: 0.008-0.0091-0.01-0.0105
[Test]: Precision: 0.0025-0.002-0.0014-0.001 Recall: 0.0219-0.0362-0.063-0.091 NDCG: 0.0109-0.0145-0.0199-0.0246 MRR: 0.0083-0.0093-0.0102-0.0107
------------------------------------------------------
------------------------------------------------------
Runing Epoch 612 valid loss 328.1148 costs 00: 00: 13
[Valid]: Precision: 0.0032-0.0028-0.002-0.0015 Recall: 0.0152-0.0283-0.0458-0.0666 NDCG: 0.0094-0.013-0.0171-0.0211 MRR: 0.0113-0.0129-0.014-0.0145
[Test]: Precision: 0.0031-0.0026-0.002-0.0015 Recall: 0.0158-0.0265-0.0491-0.0725 NDCG: 0.0095-0.0125-0.0177-0.0222 MRR: 0.0109-0.0123-0.0136-0.0143
------------------------------------------------------
ood testing
[Valid]: Precision: 0.0024-0.002-0.0014-0.0011 Recall: 0.0213-0.035-0.0607-0.0914 NDCG: 0.0105-0.014-0.0192-0.0244 MRR: 0.0079-0.009-0.0099-0.0104
[Test]: Precision: 0.0025-0.002-0.0014-0.001 Recall: 0.0219-0.0362-0.0631-0.0912 NDCG: 0.0109-0.0145-0.0199-0.0246 MRR: 0.0083-0.0093-0.0102-0.0107
------------------------------------------------------
------------------------------------------------------
Runing Epoch 613 valid loss 328.1108 costs 00: 00: 12
[Valid]: Precision: 0.0032-0.0028-0.002-0.0015 Recall: 0.0152-0.0283-0.0458-0.0664 NDCG: 0.0094-0.013-0.0171-0.021 MRR: 0.0112-0.0128-0.0139-0.0144
[Test]: Precision: 0.0031-0.0026-0.002-0.0015 Recall: 0.0158-0.0265-0.0493-0.0725 NDCG: 0.0094-0.0125-0.0176-0.0222 MRR: 0.0108-0.0122-0.0135-0.0142
------------------------------------------------------
ood testing
[Valid]: Precision: 0.0024-0.002-0.0014-0.0011 Recall: 0.0213-0.035-0.0608-0.0916 NDCG: 0.0105-0.0141-0.0193-0.0244 MRR: 0.008-0.0091-0.01-0.0105
[Test]: Precision: 0.0025-0.002-0.0014-0.001 Recall: 0.0219-0.0362-0.0631-0.0911 NDCG: 0.0109-0.0145-0.02-0.0246 MRR: 0.0083-0.0093-0.0102-0.0107
------------------------------------------------------
------------------------------------------------------
Runing Epoch 614 valid loss 328.1165 costs 00: 00: 12
[Valid]: Precision: 0.0032-0.0028-0.002-0.0015 Recall: 0.0152-0.0283-0.0459-0.0664 NDCG: 0.0094-0.013-0.0171-0.0211 MRR: 0.0113-0.0129-0.014-0.0145
[Test]: Precision: 0.0031-0.0026-0.002-0.0015 Recall: 0.0158-0.0265-0.0488-0.0725 NDCG: 0.0095-0.0125-0.0176-0.0222 MRR: 0.0109-0.0123-0.0136-0.0143
------------------------------------------------------
ood testing
[Valid]: Precision: 0.0024-0.002-0.0014-0.0011 Recall: 0.0213-0.035-0.0606-0.0916 NDCG: 0.0105-0.014-0.0192-0.0244 MRR: 0.0079-0.009-0.0099-0.0104
[Test]: Precision: 0.0025-0.002-0.0014-0.001 Recall: 0.0219-0.0362-0.0631-0.0911 NDCG: 0.0109-0.0145-0.0199-0.0246 MRR: 0.0083-0.0093-0.0102-0.0107
------------------------------------------------------
------------------------------------------------------
Runing Epoch 615 valid loss 328.1124 costs 00: 00: 13
[Valid]: Precision: 0.0032-0.0028-0.002-0.0015 Recall: 0.0152-0.0283-0.0459-0.0663 NDCG: 0.0094-0.013-0.0171-0.021 MRR: 0.0113-0.0129-0.014-0.0145
[Test]: Precision: 0.0031-0.0026-0.002-0.0015 Recall: 0.0158-0.0265-0.0488-0.0724 NDCG: 0.0095-0.0125-0.0176-0.0222 MRR: 0.0109-0.0123-0.0136-0.0143
------------------------------------------------------
ood testing
[Valid]: Precision: 0.0024-0.002-0.0014-0.0011 Recall: 0.0213-0.035-0.0606-0.0916 NDCG: 0.0105-0.014-0.0192-0.0244 MRR: 0.0079-0.009-0.0099-0.0104
[Test]: Precision: 0.0025-0.002-0.0014-0.001 Recall: 0.0219-0.0362-0.0631-0.091 NDCG: 0.0109-0.0145-0.0199-0.0246 MRR: 0.0083-0.0093-0.0102-0.0107
------------------------------------------------------
------------------------------------------------------
Runing Epoch 616 valid loss 328.1078 costs 00: 00: 12
[Valid]: Precision: 0.0032-0.0028-0.002-0.0015 Recall: 0.0152-0.0283-0.0457-0.0665 NDCG: 0.0094-0.013-0.017-0.0211 MRR: 0.0112-0.0128-0.0139-0.0144
[Test]: Precision: 0.0031-0.0026-0.002-0.0015 Recall: 0.0158-0.0265-0.0488-0.0723 NDCG: 0.0094-0.0125-0.0175-0.0221 MRR: 0.0108-0.0122-0.0135-0.0142
------------------------------------------------------
ood testing
[Valid]: Precision: 0.0024-0.002-0.0014-0.0011 Recall: 0.0213-0.035-0.0606-0.0916 NDCG: 0.0105-0.0141-0.0193-0.0244 MRR: 0.008-0.0091-0.01-0.0105
[Test]: Precision: 0.0025-0.002-0.0014-0.001 Recall: 0.0219-0.0362-0.0629-0.091 NDCG: 0.0109-0.0145-0.0199-0.0246 MRR: 0.0083-0.0093-0.0102-0.0107
------------------------------------------------------
------------------------------------------------------
Runing Epoch 617 valid loss 328.1131 costs 00: 00: 13
[Valid]: Precision: 0.0032-0.0028-0.002-0.0015 Recall: 0.0152-0.0283-0.0457-0.0667 NDCG: 0.0094-0.013-0.017-0.0211 MRR: 0.0112-0.0128-0.0139-0.0144
[Test]: Precision: 0.0031-0.0026-0.002-0.0015 Recall: 0.0158-0.0265-0.0488-0.0723 NDCG: 0.0094-0.0125-0.0175-0.0221 MRR: 0.0108-0.0122-0.0135-0.0142
------------------------------------------------------
ood testing
[Valid]: Precision: 0.0024-0.002-0.0014-0.0011 Recall: 0.0213-0.035-0.0606-0.0914 NDCG: 0.0105-0.0141-0.0193-0.0244 MRR: 0.008-0.0091-0.01-0.0105
[Test]: Precision: 0.0025-0.002-0.0014-0.001 Recall: 0.0219-0.0362-0.0629-0.0907 NDCG: 0.0109-0.0145-0.0199-0.0245 MRR: 0.0083-0.0093-0.0102-0.0107
------------------------------------------------------
------------------------------------------------------
Runing Epoch 618 valid loss 328.1142 costs 00: 00: 12
[Valid]: Precision: 0.0032-0.0028-0.002-0.0015 Recall: 0.0152-0.0283-0.0457-0.0665 NDCG: 0.0094-0.013-0.0171-0.0211 MRR: 0.0113-0.0129-0.014-0.0145
[Test]: Precision: 0.0031-0.0026-0.002-0.0015 Recall: 0.0158-0.0265-0.049-0.0724 NDCG: 0.0095-0.0125-0.0176-0.0222 MRR: 0.0109-0.0123-0.0136-0.0143
------------------------------------------------------
ood testing
[Valid]: Precision: 0.0024-0.002-0.0014-0.0011 Recall: 0.0213-0.035-0.0605-0.0914 NDCG: 0.0105-0.014-0.0192-0.0244 MRR: 0.0079-0.009-0.0099-0.0104
[Test]: Precision: 0.0025-0.002-0.0014-0.001 Recall: 0.0219-0.0362-0.063-0.0907 NDCG: 0.0109-0.0145-0.0199-0.0245 MRR: 0.0083-0.0093-0.0102-0.0107
------------------------------------------------------
------------------------------------------------------
Runing Epoch 619 valid loss 328.1109 costs 00: 00: 13
[Valid]: Precision: 0.0032-0.0028-0.002-0.0015 Recall: 0.0152-0.0283-0.0457-0.0667 NDCG: 0.0094-0.013-0.0171-0.0211 MRR: 0.0113-0.0129-0.014-0.0145
[Test]: Precision: 0.0031-0.0026-0.002-0.0015 Recall: 0.0158-0.0265-0.049-0.0725 NDCG: 0.0095-0.0125-0.0176-0.0222 MRR: 0.0109-0.0123-0.0136-0.0143
------------------------------------------------------
ood testing
[Valid]: Precision: 0.0024-0.002-0.0014-0.0011 Recall: 0.0213-0.035-0.0605-0.0914 NDCG: 0.0105-0.014-0.0192-0.0244 MRR: 0.0079-0.009-0.0099-0.0104
[Test]: Precision: 0.0025-0.002-0.0014-0.001 Recall: 0.0219-0.0362-0.063-0.0908 NDCG: 0.0109-0.0145-0.0199-0.0245 MRR: 0.0083-0.0093-0.0102-0.0107
------------------------------------------------------
------------------------------------------------------
Runing Epoch 620 valid loss 328.1120 costs 00: 00: 12
[Valid]: Precision: 0.0032-0.0028-0.002-0.0015 Recall: 0.0152-0.0283-0.0457-0.0665 NDCG: 0.0094-0.013-0.0171-0.0211 MRR: 0.0113-0.0129-0.014-0.0145
[Test]: Precision: 0.0031-0.0026-0.002-0.0015 Recall: 0.0158-0.0265-0.049-0.0724 NDCG: 0.0095-0.0125-0.0176-0.0222 MRR: 0.0109-0.0123-0.0136-0.0143
------------------------------------------------------
ood testing
[Valid]: Precision: 0.0024-0.002-0.0014-0.0011 Recall: 0.0213-0.035-0.0604-0.0916 NDCG: 0.0105-0.014-0.0192-0.0244 MRR: 0.0079-0.009-0.0099-0.0104
[Test]: Precision: 0.0025-0.002-0.0014-0.001 Recall: 0.0219-0.0362-0.063-0.091 NDCG: 0.0109-0.0145-0.0199-0.0246 MRR: 0.0083-0.0093-0.0102-0.0107
------------------------------------------------------
------------------------------------------------------
Runing Epoch 621 valid loss 328.1142 costs 00: 00: 13
[Valid]: Precision: 0.0032-0.0028-0.002-0.0015 Recall: 0.0152-0.0283-0.0459-0.0665 NDCG: 0.0094-0.013-0.0171-0.0211 MRR: 0.0113-0.0129-0.014-0.0145
[Test]: Precision: 0.0031-0.0026-0.002-0.0015 Recall: 0.0158-0.0265-0.049-0.0725 NDCG: 0.0095-0.0125-0.0176-0.0222 MRR: 0.0109-0.0123-0.0136-0.0143
------------------------------------------------------
ood testing
[Valid]: Precision: 0.0024-0.002-0.0014-0.0011 Recall: 0.0213-0.035-0.0606-0.0916 NDCG: 0.0105-0.014-0.0192-0.0244 MRR: 0.0079-0.009-0.0099-0.0104
[Test]: Precision: 0.0025-0.002-0.0014-0.001 Recall: 0.0219-0.0362-0.0631-0.0911 NDCG: 0.0109-0.0145-0.0199-0.0246 MRR: 0.0083-0.0093-0.0102-0.0107
------------------------------------------------------
------------------------------------------------------
Runing Epoch 622 valid loss 328.1132 costs 00: 00: 12
[Valid]: Precision: 0.0032-0.0028-0.002-0.0015 Recall: 0.0152-0.0283-0.0458-0.0666 NDCG: 0.0094-0.013-0.0171-0.0211 MRR: 0.0113-0.0129-0.014-0.0145
[Test]: Precision: 0.0031-0.0026-0.002-0.0015 Recall: 0.0158-0.0265-0.0493-0.0724 NDCG: 0.0095-0.0125-0.0177-0.0222 MRR: 0.0109-0.0123-0.0136-0.0143
------------------------------------------------------
ood testing
[Valid]: Precision: 0.0024-0.002-0.0014-0.0011 Recall: 0.0213-0.035-0.0608-0.0916 NDCG: 0.0105-0.014-0.0192-0.0244 MRR: 0.0079-0.009-0.0099-0.0104
[Test]: Precision: 0.0025-0.002-0.0014-0.001 Recall: 0.0219-0.0362-0.0631-0.091 NDCG: 0.0109-0.0145-0.0199-0.0246 MRR: 0.0083-0.0093-0.0102-0.0107
------------------------------------------------------
------------------------------------------------------
Runing Epoch 623 valid loss 328.1168 costs 00: 00: 12
[Valid]: Precision: 0.0032-0.0028-0.002-0.0015 Recall: 0.0152-0.0283-0.0457-0.0666 NDCG: 0.0094-0.013-0.0171-0.0211 MRR: 0.0113-0.0129-0.014-0.0145
[Test]: Precision: 0.0031-0.0026-0.002-0.0015 Recall: 0.0158-0.0265-0.0493-0.0726 NDCG: 0.0095-0.0125-0.0177-0.0222 MRR: 0.0109-0.0123-0.0136-0.0143
------------------------------------------------------
ood testing
[Valid]: Precision: 0.0024-0.002-0.0014-0.0011 Recall: 0.0213-0.035-0.0607-0.0916 NDCG: 0.0105-0.014-0.0192-0.0244 MRR: 0.0079-0.009-0.0099-0.0104
[Test]: Precision: 0.0025-0.002-0.0014-0.001 Recall: 0.0219-0.0362-0.063-0.0911 NDCG: 0.0109-0.0145-0.0199-0.0246 MRR: 0.0083-0.0093-0.0102-0.0107
------------------------------------------------------
------------------------------------------------------
Runing Epoch 624 valid loss 328.1124 costs 00: 00: 13
[Valid]: Precision: 0.0032-0.0028-0.002-0.0015 Recall: 0.0152-0.0283-0.0457-0.0665 NDCG: 0.0094-0.013-0.0171-0.0211 MRR: 0.0113-0.0129-0.014-0.0145
[Test]: Precision: 0.0031-0.0026-0.002-0.0015 Recall: 0.0158-0.0265-0.0493-0.0726 NDCG: 0.0095-0.0125-0.0177-0.0222 MRR: 0.0109-0.0123-0.0136-0.0143
------------------------------------------------------
ood testing
[Valid]: Precision: 0.0024-0.002-0.0014-0.0011 Recall: 0.0213-0.035-0.0607-0.0916 NDCG: 0.0105-0.014-0.0192-0.0244 MRR: 0.0079-0.009-0.0099-0.0104
[Test]: Precision: 0.0025-0.002-0.0014-0.001 Recall: 0.0219-0.0362-0.063-0.091 NDCG: 0.0109-0.0145-0.0199-0.0246 MRR: 0.0083-0.0093-0.0102-0.0107
------------------------------------------------------
------------------------------------------------------
Runing Epoch 625 valid loss 328.1104 costs 00: 00: 12
[Valid]: Precision: 0.0032-0.0028-0.002-0.0015 Recall: 0.0152-0.0283-0.0458-0.0666 NDCG: 0.0094-0.013-0.0171-0.0211 MRR: 0.0113-0.0129-0.014-0.0145
[Test]: Precision: 0.0031-0.0026-0.002-0.0015 Recall: 0.0158-0.0265-0.0493-0.0726 NDCG: 0.0095-0.0125-0.0177-0.0222 MRR: 0.0109-0.0123-0.0136-0.0143
------------------------------------------------------
ood testing
[Valid]: Precision: 0.0024-0.002-0.0014-0.0011 Recall: 0.0213-0.035-0.0607-0.0915 NDCG: 0.0105-0.014-0.0192-0.0244 MRR: 0.0079-0.009-0.0099-0.0104
[Test]: Precision: 0.0025-0.002-0.0014-0.001 Recall: 0.0219-0.0362-0.0631-0.0909 NDCG: 0.0109-0.0145-0.0199-0.0246 MRR: 0.0083-0.0093-0.0102-0.0107
------------------------------------------------------
------------------------------------------------------
Runing Epoch 626 valid loss 328.1082 costs 00: 00: 13
[Valid]: Precision: 0.0032-0.0028-0.002-0.0015 Recall: 0.0152-0.0283-0.0458-0.0665 NDCG: 0.0094-0.013-0.0171-0.0211 MRR: 0.0113-0.0129-0.014-0.0145
[Test]: Precision: 0.0031-0.0026-0.002-0.0015 Recall: 0.0158-0.0265-0.0493-0.0725 NDCG: 0.0095-0.0125-0.0177-0.0222 MRR: 0.0109-0.0123-0.0136-0.0143
------------------------------------------------------
ood testing
[Valid]: Precision: 0.0024-0.002-0.0014-0.0011 Recall: 0.0213-0.035-0.0609-0.0916 NDCG: 0.0105-0.014-0.0193-0.0244 MRR: 0.0079-0.009-0.0099-0.0104
[Test]: Precision: 0.0025-0.002-0.0014-0.001 Recall: 0.0219-0.0362-0.0633-0.091 NDCG: 0.0109-0.0145-0.02-0.0246 MRR: 0.0083-0.0093-0.0102-0.0107
------------------------------------------------------
------------------------------------------------------
Runing Epoch 627 valid loss 328.1131 costs 00: 00: 12
[Valid]: Precision: 0.0032-0.0028-0.002-0.0015 Recall: 0.0152-0.0283-0.0457-0.0666 NDCG: 0.0094-0.013-0.0171-0.0211 MRR: 0.0113-0.0129-0.014-0.0145
[Test]: Precision: 0.0031-0.0026-0.002-0.0015 Recall: 0.0158-0.0265-0.0493-0.0725 NDCG: 0.0095-0.0125-0.0177-0.0222 MRR: 0.0109-0.0123-0.0136-0.0143
------------------------------------------------------
ood testing
[Valid]: Precision: 0.0024-0.002-0.0014-0.0011 Recall: 0.0213-0.035-0.0608-0.0916 NDCG: 0.0105-0.014-0.0193-0.0244 MRR: 0.0079-0.009-0.0099-0.0104
[Test]: Precision: 0.0025-0.002-0.0014-0.001 Recall: 0.0219-0.0362-0.0632-0.091 NDCG: 0.0109-0.0145-0.02-0.0246 MRR: 0.0083-0.0093-0.0102-0.0107
------------------------------------------------------
------------------------------------------------------
Runing Epoch 628 valid loss 328.1128 costs 00: 00: 13
[Valid]: Precision: 0.0032-0.0028-0.002-0.0015 Recall: 0.0152-0.0283-0.0457-0.0666 NDCG: 0.0094-0.013-0.0171-0.0211 MRR: 0.0113-0.0129-0.014-0.0145
[Test]: Precision: 0.0031-0.0026-0.002-0.0015 Recall: 0.0158-0.0265-0.0493-0.0725 NDCG: 0.0095-0.0125-0.0177-0.0222 MRR: 0.0109-0.0123-0.0136-0.0143
------------------------------------------------------
ood testing
[Valid]: Precision: 0.0024-0.002-0.0014-0.0011 Recall: 0.0213-0.035-0.0606-0.0916 NDCG: 0.0105-0.014-0.0192-0.0244 MRR: 0.0079-0.009-0.0099-0.0104
[Test]: Precision: 0.0025-0.002-0.0014-0.001 Recall: 0.0219-0.0362-0.063-0.091 NDCG: 0.0109-0.0145-0.0199-0.0246 MRR: 0.0083-0.0093-0.0102-0.0107
------------------------------------------------------
------------------------------------------------------
Runing Epoch 629 valid loss 328.1169 costs 00: 00: 12
[Valid]: Precision: 0.0032-0.0028-0.002-0.0015 Recall: 0.0152-0.0283-0.0457-0.0665 NDCG: 0.0094-0.013-0.0171-0.0211 MRR: 0.0112-0.0128-0.0139-0.0144
[Test]: Precision: 0.0031-0.0026-0.002-0.0015 Recall: 0.0158-0.0265-0.0493-0.0723 NDCG: 0.0094-0.0125-0.0176-0.0221 MRR: 0.0108-0.0122-0.0135-0.0142
------------------------------------------------------
ood testing
[Valid]: Precision: 0.0024-0.002-0.0014-0.0011 Recall: 0.0213-0.035-0.0606-0.0916 NDCG: 0.0105-0.0141-0.0192-0.0244 MRR: 0.008-0.0091-0.01-0.0105
[Test]: Precision: 0.0025-0.002-0.0014-0.001 Recall: 0.0219-0.0362-0.063-0.0908 NDCG: 0.0109-0.0145-0.0199-0.0246 MRR: 0.0083-0.0093-0.0102-0.0107
------------------------------------------------------
------------------------------------------------------
Runing Epoch 630 valid loss 328.1116 costs 00: 00: 13
[Valid]: Precision: 0.0032-0.0028-0.002-0.0015 Recall: 0.0152-0.0283-0.0457-0.0666 NDCG: 0.0094-0.013-0.0171-0.0211 MRR: 0.0113-0.0129-0.014-0.0145
[Test]: Precision: 0.0031-0.0026-0.002-0.0015 Recall: 0.0158-0.0265-0.0493-0.0725 NDCG: 0.0095-0.0125-0.0177-0.0222 MRR: 0.0109-0.0123-0.0136-0.0143
------------------------------------------------------
ood testing
[Valid]: Precision: 0.0024-0.002-0.0014-0.0011 Recall: 0.0213-0.035-0.0608-0.0917 NDCG: 0.0105-0.014-0.0192-0.0244 MRR: 0.0079-0.009-0.0099-0.0104
[Test]: Precision: 0.0025-0.002-0.0014-0.001 Recall: 0.0219-0.0362-0.0632-0.091 NDCG: 0.0109-0.0145-0.02-0.0246 MRR: 0.0083-0.0093-0.0102-0.0107
------------------------------------------------------
------------------------------------------------------
Runing Epoch 631 valid loss 328.1193 costs 00: 00: 12
[Valid]: Precision: 0.0032-0.0028-0.002-0.0015 Recall: 0.0152-0.0283-0.0457-0.0668 NDCG: 0.0094-0.013-0.0171-0.0211 MRR: 0.0113-0.0129-0.014-0.0145
[Test]: Precision: 0.0031-0.0026-0.002-0.0015 Recall: 0.0158-0.0265-0.0493-0.0723 NDCG: 0.0095-0.0125-0.0177-0.0222 MRR: 0.0109-0.0123-0.0136-0.0143
------------------------------------------------------
ood testing
[Valid]: Precision: 0.0024-0.002-0.0014-0.0011 Recall: 0.0213-0.035-0.0606-0.0916 NDCG: 0.0105-0.014-0.0192-0.0244 MRR: 0.0079-0.009-0.0099-0.0104
[Test]: Precision: 0.0025-0.002-0.0014-0.001 Recall: 0.0219-0.0362-0.063-0.0912 NDCG: 0.0109-0.0145-0.0199-0.0246 MRR: 0.0083-0.0093-0.0102-0.0107
------------------------------------------------------
------------------------------------------------------
Runing Epoch 632 valid loss 328.1138 costs 00: 00: 12
[Valid]: Precision: 0.0032-0.0028-0.002-0.0015 Recall: 0.0152-0.0283-0.0457-0.0666 NDCG: 0.0094-0.013-0.0171-0.0211 MRR: 0.0113-0.0129-0.014-0.0145
[Test]: Precision: 0.0031-0.0026-0.002-0.0015 Recall: 0.0158-0.0265-0.0493-0.0724 NDCG: 0.0095-0.0125-0.0177-0.0222 MRR: 0.0109-0.0123-0.0136-0.0143
------------------------------------------------------
ood testing
[Valid]: Precision: 0.0024-0.002-0.0014-0.0011 Recall: 0.0213-0.035-0.0607-0.0916 NDCG: 0.0105-0.014-0.0192-0.0244 MRR: 0.0079-0.009-0.0099-0.0104
[Test]: Precision: 0.0025-0.002-0.0014-0.001 Recall: 0.0219-0.0362-0.0632-0.0913 NDCG: 0.0109-0.0145-0.02-0.0246 MRR: 0.0083-0.0093-0.0102-0.0107
------------------------------------------------------
------------------------------------------------------
Runing Epoch 633 valid loss 328.1116 costs 00: 00: 13
[Valid]: Precision: 0.0032-0.0028-0.002-0.0015 Recall: 0.0152-0.0283-0.0457-0.0668 NDCG: 0.0094-0.013-0.0171-0.0211 MRR: 0.0113-0.0129-0.014-0.0145
[Test]: Precision: 0.0031-0.0026-0.002-0.0015 Recall: 0.0158-0.0265-0.0491-0.0725 NDCG: 0.0095-0.0125-0.0177-0.0222 MRR: 0.0109-0.0123-0.0136-0.0143
------------------------------------------------------
ood testing
[Valid]: Precision: 0.0024-0.002-0.0014-0.0011 Recall: 0.0213-0.035-0.0607-0.0916 NDCG: 0.0105-0.014-0.0192-0.0244 MRR: 0.0079-0.009-0.0099-0.0104
[Test]: Precision: 0.0025-0.002-0.0014-0.001 Recall: 0.0219-0.0362-0.0632-0.0912 NDCG: 0.0109-0.0145-0.02-0.0246 MRR: 0.0083-0.0093-0.0102-0.0107
------------------------------------------------------
------------------------------------------------------
Runing Epoch 634 valid loss 328.1116 costs 00: 00: 12
[Valid]: Precision: 0.0032-0.0028-0.002-0.0015 Recall: 0.0152-0.0283-0.0457-0.0667 NDCG: 0.0094-0.013-0.0171-0.0211 MRR: 0.0113-0.0129-0.014-0.0145
[Test]: Precision: 0.0031-0.0026-0.0019-0.0015 Recall: 0.0158-0.0265-0.0487-0.0723 NDCG: 0.0095-0.0125-0.0176-0.0222 MRR: 0.0109-0.0123-0.0136-0.0143
------------------------------------------------------
ood testing
[Valid]: Precision: 0.0024-0.002-0.0014-0.0011 Recall: 0.0213-0.035-0.0606-0.0916 NDCG: 0.0105-0.014-0.0192-0.0244 MRR: 0.0079-0.009-0.0099-0.0104
[Test]: Precision: 0.0025-0.002-0.0014-0.001 Recall: 0.0219-0.0362-0.0629-0.0911 NDCG: 0.0109-0.0145-0.0199-0.0246 MRR: 0.0083-0.0093-0.0102-0.0107
------------------------------------------------------
------------------------------------------------------
Runing Epoch 635 valid loss 328.1076 costs 00: 00: 13
[Valid]: Precision: 0.0032-0.0028-0.002-0.0015 Recall: 0.0152-0.0283-0.0459-0.0666 NDCG: 0.0094-0.013-0.0171-0.0211 MRR: 0.0113-0.0129-0.014-0.0145
[Test]: Precision: 0.0031-0.0026-0.002-0.0015 Recall: 0.0158-0.0265-0.0488-0.0723 NDCG: 0.0095-0.0125-0.0176-0.0222 MRR: 0.0109-0.0123-0.0136-0.0143
------------------------------------------------------
ood testing
[Valid]: Precision: 0.0024-0.002-0.0014-0.0011 Recall: 0.0213-0.035-0.0606-0.0916 NDCG: 0.0105-0.014-0.0192-0.0244 MRR: 0.0079-0.009-0.0099-0.0104
[Test]: Precision: 0.0025-0.002-0.0014-0.001 Recall: 0.0219-0.0362-0.0631-0.0911 NDCG: 0.0109-0.0145-0.0199-0.0246 MRR: 0.0083-0.0093-0.0102-0.0107
------------------------------------------------------
------------------------------------------------------
Runing Epoch 636 valid loss 328.1156 costs 00: 00: 12
[Valid]: Precision: 0.0032-0.0028-0.002-0.0015 Recall: 0.0152-0.0283-0.0458-0.0668 NDCG: 0.0094-0.013-0.0171-0.0211 MRR: 0.0113-0.0129-0.014-0.0145
[Test]: Precision: 0.0031-0.0026-0.002-0.0015 Recall: 0.0158-0.0265-0.0488-0.0724 NDCG: 0.0095-0.0125-0.0176-0.0222 MRR: 0.0109-0.0123-0.0136-0.0143
------------------------------------------------------
ood testing
[Valid]: Precision: 0.0024-0.002-0.0014-0.0011 Recall: 0.0213-0.035-0.0607-0.0914 NDCG: 0.0105-0.014-0.0192-0.0244 MRR: 0.0079-0.009-0.0099-0.0104
[Test]: Precision: 0.0025-0.002-0.0014-0.001 Recall: 0.0219-0.0362-0.063-0.091 NDCG: 0.0109-0.0145-0.0199-0.0246 MRR: 0.0083-0.0093-0.0102-0.0107
------------------------------------------------------
------------------------------------------------------
Runing Epoch 637 valid loss 328.1133 costs 00: 00: 13
[Valid]: Precision: 0.0032-0.0028-0.002-0.0015 Recall: 0.0152-0.0283-0.0458-0.0666 NDCG: 0.0094-0.013-0.0171-0.0211 MRR: 0.0113-0.0129-0.014-0.0145
[Test]: Precision: 0.0031-0.0026-0.002-0.0015 Recall: 0.0158-0.0265-0.0488-0.0724 NDCG: 0.0095-0.0125-0.0176-0.0222 MRR: 0.0109-0.0123-0.0136-0.0143
------------------------------------------------------
ood testing
[Valid]: Precision: 0.0024-0.002-0.0014-0.0011 Recall: 0.0213-0.035-0.0607-0.0914 NDCG: 0.0105-0.014-0.0192-0.0244 MRR: 0.0079-0.009-0.0099-0.0104
[Test]: Precision: 0.0025-0.002-0.0014-0.001 Recall: 0.0219-0.0362-0.063-0.091 NDCG: 0.0109-0.0145-0.0199-0.0246 MRR: 0.0083-0.0093-0.0102-0.0107
------------------------------------------------------
------------------------------------------------------
Runing Epoch 638 valid loss 328.1070 costs 00: 00: 12
[Valid]: Precision: 0.0032-0.0028-0.002-0.0015 Recall: 0.0152-0.0283-0.046-0.0666 NDCG: 0.0094-0.013-0.0171-0.0211 MRR: 0.0113-0.0129-0.014-0.0145
[Test]: Precision: 0.0031-0.0026-0.002-0.0015 Recall: 0.0158-0.0265-0.0492-0.0724 NDCG: 0.0095-0.0125-0.0177-0.0222 MRR: 0.0109-0.0123-0.0136-0.0143
------------------------------------------------------
ood testing
[Valid]: Precision: 0.0024-0.002-0.0014-0.0011 Recall: 0.0213-0.035-0.0609-0.0914 NDCG: 0.0105-0.014-0.0193-0.0244 MRR: 0.0079-0.009-0.0099-0.0104
[Test]: Precision: 0.0025-0.002-0.0014-0.001 Recall: 0.0219-0.0362-0.063-0.091 NDCG: 0.0109-0.0145-0.0199-0.0246 MRR: 0.0083-0.0093-0.0102-0.0107
------------------------------------------------------
------------------------------------------------------
Runing Epoch 639 valid loss 328.1152 costs 00: 00: 13
[Valid]: Precision: 0.0032-0.0028-0.002-0.0015 Recall: 0.0152-0.0283-0.0457-0.0667 NDCG: 0.0094-0.013-0.0171-0.0211 MRR: 0.0113-0.0129-0.014-0.0145
[Test]: Precision: 0.0031-0.0026-0.002-0.0015 Recall: 0.0158-0.0265-0.0488-0.0724 NDCG: 0.0095-0.0125-0.0176-0.0222 MRR: 0.0109-0.0123-0.0136-0.0143
------------------------------------------------------
ood testing
[Valid]: Precision: 0.0024-0.002-0.0014-0.0011 Recall: 0.0213-0.035-0.0606-0.0914 NDCG: 0.0105-0.014-0.0192-0.0244 MRR: 0.0079-0.009-0.0099-0.0104
[Test]: Precision: 0.0025-0.002-0.0014-0.001 Recall: 0.0219-0.0362-0.0629-0.091 NDCG: 0.0109-0.0145-0.0199-0.0246 MRR: 0.0083-0.0093-0.0102-0.0107
------------------------------------------------------
------------------------------------------------------
Runing Epoch 640 valid loss 328.1169 costs 00: 00: 13
[Valid]: Precision: 0.0032-0.0028-0.002-0.0015 Recall: 0.0152-0.0283-0.0458-0.0668 NDCG: 0.0094-0.013-0.0171-0.0211 MRR: 0.0113-0.0129-0.014-0.0145
[Test]: Precision: 0.0031-0.0026-0.002-0.0015 Recall: 0.0158-0.0265-0.0488-0.0726 NDCG: 0.0095-0.0125-0.0176-0.0222 MRR: 0.0109-0.0123-0.0136-0.0143
------------------------------------------------------
ood testing
[Valid]: Precision: 0.0024-0.002-0.0014-0.0011 Recall: 0.0213-0.035-0.0607-0.0914 NDCG: 0.0105-0.014-0.0192-0.0244 MRR: 0.0079-0.009-0.0099-0.0104
[Test]: Precision: 0.0025-0.002-0.0014-0.001 Recall: 0.0219-0.0362-0.063-0.0911 NDCG: 0.0109-0.0145-0.0199-0.0246 MRR: 0.0083-0.0093-0.0102-0.0107
------------------------------------------------------
------------------------------------------------------
Runing Epoch 641 valid loss 328.1129 costs 00: 00: 12
[Valid]: Precision: 0.0032-0.0028-0.002-0.0015 Recall: 0.0152-0.0283-0.0458-0.0669 NDCG: 0.0094-0.013-0.0171-0.0212 MRR: 0.0113-0.0129-0.014-0.0145
[Test]: Precision: 0.0031-0.0026-0.002-0.0015 Recall: 0.0158-0.0265-0.0488-0.0726 NDCG: 0.0095-0.0125-0.0176-0.0222 MRR: 0.0109-0.0123-0.0136-0.0143
------------------------------------------------------
ood testing
[Valid]: Precision: 0.0024-0.002-0.0014-0.0011 Recall: 0.0213-0.035-0.0607-0.0914 NDCG: 0.0105-0.014-0.0192-0.0243 MRR: 0.0079-0.009-0.0099-0.0104
[Test]: Precision: 0.0025-0.002-0.0014-0.001 Recall: 0.0219-0.0362-0.063-0.091 NDCG: 0.0109-0.0145-0.0199-0.0246 MRR: 0.0083-0.0093-0.0102-0.0107
------------------------------------------------------
------------------------------------------------------
Runing Epoch 642 valid loss 328.1141 costs 00: 00: 13
[Valid]: Precision: 0.0032-0.0028-0.002-0.0015 Recall: 0.0152-0.0283-0.0457-0.0668 NDCG: 0.0094-0.013-0.0171-0.0211 MRR: 0.0113-0.0129-0.014-0.0145
[Test]: Precision: 0.0031-0.0026-0.002-0.0015 Recall: 0.0158-0.0265-0.0488-0.0725 NDCG: 0.0095-0.0125-0.0176-0.0222 MRR: 0.0109-0.0123-0.0136-0.0143
------------------------------------------------------
ood testing
[Valid]: Precision: 0.0024-0.002-0.0014-0.0011 Recall: 0.0213-0.035-0.0606-0.0914 NDCG: 0.0105-0.014-0.0192-0.0244 MRR: 0.0079-0.009-0.0099-0.0104
[Test]: Precision: 0.0025-0.002-0.0014-0.001 Recall: 0.0219-0.0362-0.0629-0.0911 NDCG: 0.0109-0.0145-0.0199-0.0246 MRR: 0.0083-0.0093-0.0102-0.0107
------------------------------------------------------
------------------------------------------------------
Runing Epoch 643 valid loss 328.1096 costs 00: 00: 12
[Valid]: Precision: 0.0032-0.0028-0.002-0.0015 Recall: 0.0152-0.0283-0.0457-0.0669 NDCG: 0.0094-0.013-0.0171-0.0211 MRR: 0.0113-0.0129-0.014-0.0145
[Test]: Precision: 0.0031-0.0026-0.002-0.0015 Recall: 0.0158-0.0265-0.0488-0.0726 NDCG: 0.0095-0.0125-0.0176-0.0222 MRR: 0.0109-0.0123-0.0136-0.0143
------------------------------------------------------
ood testing
[Valid]: Precision: 0.0024-0.002-0.0014-0.0011 Recall: 0.0213-0.035-0.0606-0.0914 NDCG: 0.0105-0.014-0.0192-0.0243 MRR: 0.0079-0.009-0.0099-0.0104
[Test]: Precision: 0.0025-0.002-0.0014-0.001 Recall: 0.0219-0.0362-0.0629-0.091 NDCG: 0.0109-0.0145-0.0199-0.0246 MRR: 0.0083-0.0093-0.0102-0.0107
------------------------------------------------------
------------------------------------------------------
Runing Epoch 644 valid loss 328.1030 costs 00: 00: 13
[Valid]: Precision: 0.0032-0.0028-0.002-0.0015 Recall: 0.0152-0.0283-0.0457-0.0666 NDCG: 0.0094-0.013-0.0171-0.0211 MRR: 0.0113-0.0129-0.014-0.0145
[Test]: Precision: 0.0031-0.0026-0.002-0.0015 Recall: 0.0158-0.0265-0.0488-0.0724 NDCG: 0.0095-0.0125-0.0176-0.0222 MRR: 0.0109-0.0123-0.0136-0.0143
------------------------------------------------------
ood testing
[Valid]: Precision: 0.0024-0.002-0.0014-0.0011 Recall: 0.0213-0.035-0.0606-0.0914 NDCG: 0.0105-0.014-0.0192-0.0244 MRR: 0.0079-0.009-0.0099-0.0104
[Test]: Precision: 0.0025-0.002-0.0014-0.001 Recall: 0.0219-0.0362-0.0629-0.0911 NDCG: 0.0109-0.0145-0.0199-0.0246 MRR: 0.0083-0.0093-0.0102-0.0107
------------------------------------------------------
------------------------------------------------------
Runing Epoch 645 valid loss 328.1150 costs 00: 00: 12
[Valid]: Precision: 0.0032-0.0028-0.002-0.0015 Recall: 0.0152-0.0283-0.0457-0.0667 NDCG: 0.0094-0.013-0.017-0.0211 MRR: 0.0112-0.0128-0.0139-0.0144
[Test]: Precision: 0.0031-0.0026-0.002-0.0015 Recall: 0.0158-0.0265-0.0488-0.0725 NDCG: 0.0094-0.0125-0.0176-0.0222 MRR: 0.0108-0.0122-0.0135-0.0142
------------------------------------------------------
ood testing
[Valid]: Precision: 0.0024-0.002-0.0014-0.0011 Recall: 0.0213-0.035-0.0606-0.0915 NDCG: 0.0105-0.0141-0.0193-0.0244 MRR: 0.008-0.0091-0.01-0.0105
[Test]: Precision: 0.0025-0.002-0.0014-0.001 Recall: 0.0219-0.0362-0.0629-0.0911 NDCG: 0.0109-0.0145-0.0199-0.0246 MRR: 0.0083-0.0093-0.0102-0.0107
------------------------------------------------------
------------------------------------------------------
Runing Epoch 646 valid loss 328.1184 costs 00: 00: 13
[Valid]: Precision: 0.0032-0.0028-0.002-0.0015 Recall: 0.0152-0.0283-0.0457-0.0667 NDCG: 0.0094-0.013-0.017-0.0211 MRR: 0.0112-0.0128-0.0139-0.0144
[Test]: Precision: 0.0031-0.0026-0.002-0.0015 Recall: 0.0158-0.0265-0.0488-0.0725 NDCG: 0.0094-0.0125-0.0176-0.0222 MRR: 0.0108-0.0122-0.0135-0.0142
------------------------------------------------------
ood testing
[Valid]: Precision: 0.0024-0.002-0.0014-0.0011 Recall: 0.0213-0.035-0.0606-0.0915 NDCG: 0.0105-0.0141-0.0193-0.0244 MRR: 0.008-0.0091-0.01-0.0105
[Test]: Precision: 0.0025-0.002-0.0014-0.001 Recall: 0.0219-0.0362-0.0629-0.0911 NDCG: 0.0109-0.0145-0.0199-0.0246 MRR: 0.0083-0.0093-0.0102-0.0107
------------------------------------------------------
------------------------------------------------------
Runing Epoch 647 valid loss 328.1165 costs 00: 00: 12
[Valid]: Precision: 0.0032-0.0028-0.002-0.0015 Recall: 0.0152-0.0283-0.0459-0.0667 NDCG: 0.0094-0.013-0.0171-0.0211 MRR: 0.0113-0.0129-0.014-0.0145
[Test]: Precision: 0.0031-0.0026-0.002-0.0015 Recall: 0.0158-0.0265-0.0492-0.0724 NDCG: 0.0095-0.0125-0.0177-0.0222 MRR: 0.0109-0.0123-0.0136-0.0143
------------------------------------------------------
ood testing
[Valid]: Precision: 0.0024-0.002-0.0014-0.0011 Recall: 0.0213-0.035-0.0608-0.0914 NDCG: 0.0105-0.014-0.0192-0.0244 MRR: 0.0079-0.009-0.0099-0.0104
[Test]: Precision: 0.0025-0.002-0.0014-0.001 Recall: 0.0219-0.0362-0.0629-0.0911 NDCG: 0.0109-0.0145-0.0199-0.0246 MRR: 0.0083-0.0093-0.0102-0.0107
------------------------------------------------------
------------------------------------------------------
Runing Epoch 648 valid loss 328.1144 costs 00: 00: 13
[Valid]: Precision: 0.0032-0.0028-0.002-0.0015 Recall: 0.0152-0.0283-0.0459-0.0668 NDCG: 0.0094-0.013-0.0171-0.0211 MRR: 0.0113-0.0129-0.014-0.0145
[Test]: Precision: 0.0031-0.0026-0.002-0.0015 Recall: 0.0158-0.0265-0.0492-0.0725 NDCG: 0.0095-0.0125-0.0177-0.0222 MRR: 0.0109-0.0123-0.0136-0.0143
------------------------------------------------------
ood testing
[Valid]: Precision: 0.0024-0.002-0.0014-0.0011 Recall: 0.0213-0.035-0.0608-0.0914 NDCG: 0.0105-0.014-0.0192-0.0244 MRR: 0.0079-0.009-0.0099-0.0104
[Test]: Precision: 0.0025-0.002-0.0014-0.001 Recall: 0.0219-0.0362-0.0629-0.0911 NDCG: 0.0109-0.0145-0.0199-0.0246 MRR: 0.0083-0.0093-0.0102-0.0107
------------------------------------------------------
------------------------------------------------------
Runing Epoch 649 valid loss 328.1099 costs 00: 00: 13
[Valid]: Precision: 0.0032-0.0028-0.002-0.0015 Recall: 0.0152-0.0283-0.0459-0.0668 NDCG: 0.0094-0.013-0.0171-0.0211 MRR: 0.0113-0.0129-0.014-0.0145
[Test]: Precision: 0.0031-0.0026-0.002-0.0015 Recall: 0.0158-0.0265-0.0492-0.0725 NDCG: 0.0095-0.0125-0.0177-0.0222 MRR: 0.0109-0.0123-0.0136-0.0143
------------------------------------------------------
ood testing
[Valid]: Precision: 0.0024-0.002-0.0014-0.0011 Recall: 0.0213-0.035-0.0608-0.0914 NDCG: 0.0105-0.014-0.0192-0.0244 MRR: 0.0079-0.009-0.0099-0.0104
[Test]: Precision: 0.0025-0.002-0.0014-0.001 Recall: 0.0219-0.0362-0.0629-0.0911 NDCG: 0.0109-0.0145-0.0199-0.0246 MRR: 0.0083-0.0093-0.0102-0.0107
------------------------------------------------------
------------------------------------------------------
Runing Epoch 650 valid loss 328.1107 costs 00: 00: 12
[Valid]: Precision: 0.0032-0.0028-0.002-0.0015 Recall: 0.0152-0.0283-0.0459-0.0668 NDCG: 0.0094-0.013-0.0171-0.0211 MRR: 0.0112-0.0128-0.0139-0.0144
[Test]: Precision: 0.0031-0.0026-0.002-0.0015 Recall: 0.0158-0.0265-0.0493-0.0725 NDCG: 0.0094-0.0125-0.0176-0.0222 MRR: 0.0108-0.0122-0.0135-0.0142
------------------------------------------------------
ood testing
[Valid]: Precision: 0.0024-0.002-0.0014-0.0011 Recall: 0.0213-0.035-0.0608-0.0914 NDCG: 0.0105-0.0141-0.0193-0.0244 MRR: 0.008-0.0091-0.01-0.0105
[Test]: Precision: 0.0025-0.002-0.0014-0.001 Recall: 0.0219-0.0362-0.0632-0.091 NDCG: 0.0109-0.0145-0.02-0.0246 MRR: 0.0083-0.0093-0.0102-0.0107
------------------------------------------------------
------------------------------------------------------
Runing Epoch 651 valid loss 328.1138 costs 00: 00: 13
[Valid]: Precision: 0.0032-0.0028-0.002-0.0015 Recall: 0.0152-0.0283-0.046-0.0669 NDCG: 0.0094-0.013-0.0171-0.0211 MRR: 0.0112-0.0128-0.0139-0.0144
[Test]: Precision: 0.0031-0.0026-0.002-0.0015 Recall: 0.0158-0.0265-0.0493-0.0726 NDCG: 0.0094-0.0125-0.0176-0.0222 MRR: 0.0108-0.0122-0.0135-0.0142
------------------------------------------------------
ood testing
[Valid]: Precision: 0.0024-0.002-0.0014-0.0011 Recall: 0.0213-0.035-0.0609-0.0914 NDCG: 0.0105-0.0141-0.0193-0.0244 MRR: 0.008-0.0091-0.01-0.0105
[Test]: Precision: 0.0025-0.002-0.0014-0.001 Recall: 0.0219-0.0362-0.0634-0.091 NDCG: 0.0109-0.0145-0.02-0.0246 MRR: 0.0083-0.0093-0.0103-0.0107
------------------------------------------------------
------------------------------------------------------
Runing Epoch 652 valid loss 328.1144 costs 00: 00: 12
[Valid]: Precision: 0.0032-0.0028-0.002-0.0015 Recall: 0.0152-0.0283-0.0459-0.0668 NDCG: 0.0094-0.013-0.0171-0.0211 MRR: 0.0113-0.0129-0.014-0.0145
[Test]: Precision: 0.0031-0.0026-0.002-0.0015 Recall: 0.0158-0.0265-0.0492-0.0726 NDCG: 0.0095-0.0125-0.0177-0.0222 MRR: 0.0109-0.0123-0.0136-0.0143
------------------------------------------------------
ood testing
[Valid]: Precision: 0.0024-0.002-0.0014-0.0011 Recall: 0.0213-0.035-0.0607-0.0914 NDCG: 0.0105-0.014-0.0192-0.0244 MRR: 0.0079-0.009-0.0099-0.0104
[Test]: Precision: 0.0025-0.002-0.0014-0.001 Recall: 0.0219-0.0362-0.0629-0.091 NDCG: 0.0109-0.0145-0.0199-0.0246 MRR: 0.0083-0.0093-0.0102-0.0107
------------------------------------------------------
------------------------------------------------------
Runing Epoch 653 valid loss 328.1033 costs 00: 00: 13
[Valid]: Precision: 0.0032-0.0028-0.002-0.0015 Recall: 0.0152-0.0283-0.0459-0.0668 NDCG: 0.0094-0.013-0.0171-0.0211 MRR: 0.0112-0.0128-0.0139-0.0144
[Test]: Precision: 0.0031-0.0026-0.002-0.0015 Recall: 0.0158-0.0265-0.0492-0.0725 NDCG: 0.0094-0.0125-0.0176-0.0222 MRR: 0.0108-0.0122-0.0135-0.0142
------------------------------------------------------
ood testing
[Valid]: Precision: 0.0024-0.002-0.0014-0.0011 Recall: 0.0213-0.035-0.0608-0.0914 NDCG: 0.0105-0.0141-0.0193-0.0244 MRR: 0.008-0.0091-0.01-0.0105
[Test]: Precision: 0.0025-0.002-0.0014-0.001 Recall: 0.0219-0.0362-0.0629-0.091 NDCG: 0.0109-0.0145-0.0199-0.0246 MRR: 0.0083-0.0093-0.0102-0.0107
------------------------------------------------------
------------------------------------------------------
Runing Epoch 654 valid loss 328.1180 costs 00: 00: 12
[Valid]: Precision: 0.0032-0.0028-0.002-0.0015 Recall: 0.0152-0.0283-0.0459-0.0668 NDCG: 0.0094-0.013-0.0171-0.0211 MRR: 0.0113-0.0129-0.014-0.0145
[Test]: Precision: 0.0031-0.0026-0.002-0.0015 Recall: 0.0158-0.0265-0.0492-0.0725 NDCG: 0.0095-0.0125-0.0177-0.0222 MRR: 0.0109-0.0123-0.0136-0.0143
------------------------------------------------------
ood testing
[Valid]: Precision: 0.0024-0.002-0.0014-0.0011 Recall: 0.0213-0.035-0.0608-0.0914 NDCG: 0.0105-0.014-0.0192-0.0243 MRR: 0.0079-0.009-0.0099-0.0104
[Test]: Precision: 0.0025-0.002-0.0014-0.001 Recall: 0.0219-0.0362-0.0629-0.0908 NDCG: 0.0109-0.0145-0.0199-0.0246 MRR: 0.0083-0.0093-0.0102-0.0107
------------------------------------------------------
------------------------------------------------------
Runing Epoch 655 valid loss 328.1209 costs 00: 00: 13
[Valid]: Precision: 0.0032-0.0028-0.002-0.0015 Recall: 0.0152-0.0283-0.0459-0.0668 NDCG: 0.0094-0.013-0.0171-0.0211 MRR: 0.0112-0.0128-0.0139-0.0144
[Test]: Precision: 0.0031-0.0026-0.002-0.0015 Recall: 0.0158-0.0265-0.0492-0.0725 NDCG: 0.0094-0.0125-0.0176-0.0222 MRR: 0.0108-0.0122-0.0135-0.0142
------------------------------------------------------
ood testing
[Valid]: Precision: 0.0024-0.002-0.0014-0.0011 Recall: 0.0213-0.035-0.0608-0.0914 NDCG: 0.0105-0.0141-0.0193-0.0244 MRR: 0.008-0.0091-0.01-0.0105
[Test]: Precision: 0.0025-0.002-0.0014-0.001 Recall: 0.0219-0.0362-0.0629-0.091 NDCG: 0.0109-0.0145-0.0199-0.0246 MRR: 0.0083-0.0093-0.0102-0.0107
------------------------------------------------------
------------------------------------------------------
Runing Epoch 656 valid loss 328.1087 costs 00: 00: 12
[Valid]: Precision: 0.0032-0.0028-0.002-0.0015 Recall: 0.0152-0.0283-0.0459-0.0669 NDCG: 0.0094-0.013-0.0171-0.0211 MRR: 0.0113-0.0129-0.014-0.0145
[Test]: Precision: 0.0031-0.0026-0.002-0.0015 Recall: 0.0158-0.0265-0.0492-0.0726 NDCG: 0.0095-0.0125-0.0177-0.0222 MRR: 0.0109-0.0123-0.0136-0.0143
------------------------------------------------------
ood testing
[Valid]: Precision: 0.0024-0.002-0.0014-0.0011 Recall: 0.0213-0.035-0.0608-0.0914 NDCG: 0.0105-0.014-0.0192-0.0243 MRR: 0.0079-0.009-0.0099-0.0104
[Test]: Precision: 0.0025-0.002-0.0014-0.001 Recall: 0.0219-0.0362-0.0629-0.091 NDCG: 0.0109-0.0145-0.0199-0.0246 MRR: 0.0083-0.0093-0.0102-0.0107
------------------------------------------------------
------------------------------------------------------
Runing Epoch 657 valid loss 328.1144 costs 00: 00: 13
[Valid]: Precision: 0.0032-0.0028-0.002-0.0015 Recall: 0.0152-0.0283-0.0459-0.0669 NDCG: 0.0094-0.013-0.0171-0.0211 MRR: 0.0113-0.0129-0.014-0.0145
[Test]: Precision: 0.0031-0.0026-0.002-0.0015 Recall: 0.0158-0.0265-0.0492-0.0726 NDCG: 0.0095-0.0125-0.0177-0.0222 MRR: 0.0109-0.0123-0.0136-0.0143
------------------------------------------------------
ood testing
[Valid]: Precision: 0.0024-0.002-0.0014-0.0011 Recall: 0.0213-0.035-0.0608-0.0914 NDCG: 0.0105-0.014-0.0192-0.0243 MRR: 0.0079-0.009-0.0099-0.0104
[Test]: Precision: 0.0025-0.002-0.0014-0.001 Recall: 0.0219-0.0362-0.0629-0.091 NDCG: 0.0109-0.0145-0.0199-0.0246 MRR: 0.0083-0.0093-0.0102-0.0107
------------------------------------------------------
------------------------------------------------------
Runing Epoch 658 valid loss 328.1140 costs 00: 00: 13
[Valid]: Precision: 0.0032-0.0028-0.002-0.0015 Recall: 0.0152-0.0283-0.046-0.0668 NDCG: 0.0094-0.013-0.0171-0.0211 MRR: 0.0113-0.0129-0.014-0.0145
[Test]: Precision: 0.0031-0.0026-0.002-0.0015 Recall: 0.0158-0.0265-0.0492-0.0725 NDCG: 0.0095-0.0125-0.0177-0.0222 MRR: 0.0109-0.0123-0.0136-0.0143
------------------------------------------------------
ood testing
[Valid]: Precision: 0.0024-0.002-0.0014-0.0011 Recall: 0.0213-0.035-0.0609-0.0914 NDCG: 0.0105-0.014-0.0193-0.0243 MRR: 0.0079-0.009-0.0099-0.0104
[Test]: Precision: 0.0025-0.002-0.0014-0.001 Recall: 0.0219-0.0362-0.0631-0.0909 NDCG: 0.0109-0.0145-0.0199-0.0246 MRR: 0.0083-0.0093-0.0102-0.0107
------------------------------------------------------
------------------------------------------------------
Runing Epoch 659 valid loss 328.1142 costs 00: 00: 12
[Valid]: Precision: 0.0032-0.0028-0.002-0.0015 Recall: 0.0152-0.0283-0.0458-0.0668 NDCG: 0.0094-0.013-0.0171-0.0211 MRR: 0.0113-0.0129-0.014-0.0145
[Test]: Precision: 0.0031-0.0026-0.002-0.0015 Recall: 0.0158-0.0265-0.0488-0.0725 NDCG: 0.0095-0.0125-0.0176-0.0222 MRR: 0.0109-0.0123-0.0136-0.0143
------------------------------------------------------
ood testing
[Valid]: Precision: 0.0024-0.002-0.0014-0.0011 Recall: 0.0213-0.035-0.0608-0.0914 NDCG: 0.0105-0.014-0.0192-0.0244 MRR: 0.0079-0.009-0.0099-0.0104
[Test]: Precision: 0.0025-0.002-0.0014-0.001 Recall: 0.0219-0.0362-0.0631-0.0911 NDCG: 0.0109-0.0145-0.0199-0.0246 MRR: 0.0083-0.0093-0.0102-0.0107
------------------------------------------------------
------------------------------------------------------
Runing Epoch 660 valid loss 328.1099 costs 00: 00: 13
[Valid]: Precision: 0.0032-0.0028-0.002-0.0015 Recall: 0.0152-0.0283-0.0459-0.0667 NDCG: 0.0094-0.013-0.0171-0.0211 MRR: 0.0112-0.0128-0.0139-0.0144
[Test]: Precision: 0.0031-0.0026-0.002-0.0015 Recall: 0.0158-0.0265-0.0492-0.0726 NDCG: 0.0094-0.0125-0.0176-0.0222 MRR: 0.0108-0.0122-0.0135-0.0142
------------------------------------------------------
ood testing
[Valid]: Precision: 0.0024-0.002-0.0014-0.0011 Recall: 0.0213-0.035-0.0608-0.0915 NDCG: 0.0105-0.0141-0.0193-0.0244 MRR: 0.008-0.0091-0.01-0.0105
[Test]: Precision: 0.0025-0.002-0.0014-0.001 Recall: 0.0219-0.0362-0.0629-0.0909 NDCG: 0.0109-0.0145-0.0199-0.0246 MRR: 0.0083-0.0093-0.0102-0.0107
------------------------------------------------------
------------------------------------------------------
Runing Epoch 661 valid loss 328.1181 costs 00: 00: 12
[Valid]: Precision: 0.0032-0.0028-0.002-0.0015 Recall: 0.0152-0.0283-0.0459-0.0665 NDCG: 0.0094-0.013-0.0171-0.0211 MRR: 0.0113-0.0129-0.014-0.0145
[Test]: Precision: 0.0031-0.0026-0.002-0.0015 Recall: 0.0158-0.0265-0.0492-0.0727 NDCG: 0.0095-0.0125-0.0177-0.0222 MRR: 0.0109-0.0123-0.0136-0.0143
------------------------------------------------------
ood testing
[Valid]: Precision: 0.0024-0.002-0.0014-0.0011 Recall: 0.0213-0.035-0.0608-0.0916 NDCG: 0.0105-0.014-0.0192-0.0244 MRR: 0.0079-0.009-0.0099-0.0104
[Test]: Precision: 0.0025-0.002-0.0014-0.001 Recall: 0.0219-0.0362-0.0629-0.0909 NDCG: 0.0109-0.0145-0.0199-0.0246 MRR: 0.0083-0.0093-0.0102-0.0107
------------------------------------------------------
------------------------------------------------------
Runing Epoch 662 valid loss 328.1141 costs 00: 00: 13
[Valid]: Precision: 0.0032-0.0028-0.002-0.0015 Recall: 0.0152-0.0283-0.0457-0.0666 NDCG: 0.0094-0.013-0.0171-0.0211 MRR: 0.0113-0.0129-0.014-0.0145
[Test]: Precision: 0.0031-0.0026-0.002-0.0015 Recall: 0.0158-0.0265-0.0489-0.0727 NDCG: 0.0095-0.0125-0.0176-0.0222 MRR: 0.0109-0.0123-0.0136-0.0143
------------------------------------------------------
ood testing
[Valid]: Precision: 0.0024-0.002-0.0014-0.0011 Recall: 0.0213-0.035-0.0606-0.0915 NDCG: 0.0105-0.014-0.0192-0.0244 MRR: 0.0079-0.009-0.0099-0.0104
[Test]: Precision: 0.0025-0.002-0.0014-0.001 Recall: 0.0219-0.0362-0.0629-0.0909 NDCG: 0.0109-0.0145-0.0199-0.0246 MRR: 0.0083-0.0093-0.0102-0.0107
------------------------------------------------------
------------------------------------------------------
Runing Epoch 663 valid loss 328.1180 costs 00: 00: 12
[Valid]: Precision: 0.0032-0.0028-0.002-0.0015 Recall: 0.0152-0.0283-0.0457-0.0668 NDCG: 0.0094-0.013-0.0171-0.0211 MRR: 0.0113-0.0129-0.014-0.0145
[Test]: Precision: 0.0031-0.0026-0.002-0.0015 Recall: 0.0158-0.0265-0.0489-0.0725 NDCG: 0.0095-0.0125-0.0176-0.0222 MRR: 0.0109-0.0123-0.0136-0.0143
------------------------------------------------------
ood testing
[Valid]: Precision: 0.0024-0.002-0.0014-0.0011 Recall: 0.0213-0.035-0.0606-0.0914 NDCG: 0.0105-0.014-0.0192-0.0244 MRR: 0.0079-0.009-0.0099-0.0104
[Test]: Precision: 0.0025-0.002-0.0014-0.001 Recall: 0.0219-0.0362-0.0629-0.0911 NDCG: 0.0109-0.0145-0.0199-0.0246 MRR: 0.0083-0.0093-0.0102-0.0107
------------------------------------------------------
------------------------------------------------------
Runing Epoch 664 valid loss 328.1077 costs 00: 00: 13
[Valid]: Precision: 0.0032-0.0028-0.002-0.0015 Recall: 0.0152-0.0283-0.0457-0.0668 NDCG: 0.0094-0.013-0.0171-0.0211 MRR: 0.0112-0.0128-0.0139-0.0144
[Test]: Precision: 0.0031-0.0026-0.002-0.0015 Recall: 0.0158-0.0265-0.0489-0.0726 NDCG: 0.0094-0.0125-0.0176-0.0222 MRR: 0.0108-0.0122-0.0135-0.0142
------------------------------------------------------
ood testing
[Valid]: Precision: 0.0024-0.002-0.0014-0.0011 Recall: 0.0213-0.035-0.0606-0.0914 NDCG: 0.0105-0.0141-0.0192-0.0244 MRR: 0.008-0.0091-0.01-0.0105
[Test]: Precision: 0.0025-0.002-0.0014-0.001 Recall: 0.0219-0.0362-0.0629-0.0908 NDCG: 0.0109-0.0145-0.0199-0.0246 MRR: 0.0083-0.0093-0.0102-0.0107
------------------------------------------------------
------------------------------------------------------
Runing Epoch 665 valid loss 328.1087 costs 00: 00: 12
[Valid]: Precision: 0.0032-0.0028-0.002-0.0015 Recall: 0.0152-0.0283-0.0457-0.0668 NDCG: 0.0094-0.013-0.0171-0.0211 MRR: 0.0112-0.0128-0.0139-0.0144
[Test]: Precision: 0.0031-0.0026-0.002-0.0015 Recall: 0.0158-0.0265-0.0489-0.0726 NDCG: 0.0094-0.0125-0.0176-0.0222 MRR: 0.0108-0.0122-0.0135-0.0142
------------------------------------------------------
ood testing
[Valid]: Precision: 0.0024-0.002-0.0014-0.0011 Recall: 0.0213-0.035-0.0606-0.0914 NDCG: 0.0105-0.0141-0.0192-0.0244 MRR: 0.008-0.0091-0.01-0.0105
[Test]: Precision: 0.0025-0.002-0.0014-0.001 Recall: 0.0219-0.0362-0.0629-0.091 NDCG: 0.0109-0.0145-0.0199-0.0246 MRR: 0.0083-0.0093-0.0102-0.0107
------------------------------------------------------
------------------------------------------------------
Runing Epoch 666 valid loss 328.1157 costs 00: 00: 12
[Valid]: Precision: 0.0032-0.0028-0.002-0.0015 Recall: 0.0152-0.0283-0.0457-0.0667 NDCG: 0.0094-0.013-0.0171-0.0211 MRR: 0.0112-0.0128-0.0139-0.0144
[Test]: Precision: 0.0031-0.0026-0.002-0.0015 Recall: 0.0158-0.0265-0.0489-0.0724 NDCG: 0.0094-0.0125-0.0176-0.0221 MRR: 0.0108-0.0122-0.0135-0.0142
------------------------------------------------------
ood testing
[Valid]: Precision: 0.0024-0.002-0.0014-0.0011 Recall: 0.0213-0.035-0.0606-0.0914 NDCG: 0.0105-0.0141-0.0193-0.0244 MRR: 0.008-0.0091-0.01-0.0105
[Test]: Precision: 0.0025-0.002-0.0014-0.001 Recall: 0.0219-0.0362-0.0629-0.091 NDCG: 0.0109-0.0145-0.0199-0.0246 MRR: 0.0083-0.0093-0.0102-0.0107
------------------------------------------------------
------------------------------------------------------
Runing Epoch 667 valid loss 328.1126 costs 00: 00: 13
[Valid]: Precision: 0.0032-0.0028-0.002-0.0015 Recall: 0.0152-0.0283-0.0459-0.0667 NDCG: 0.0094-0.013-0.0171-0.0211 MRR: 0.0113-0.0129-0.014-0.0145
[Test]: Precision: 0.0031-0.0026-0.002-0.0015 Recall: 0.0158-0.0265-0.0493-0.0724 NDCG: 0.0095-0.0125-0.0177-0.0222 MRR: 0.0109-0.0123-0.0136-0.0143
------------------------------------------------------
ood testing
[Valid]: Precision: 0.0024-0.002-0.0014-0.0011 Recall: 0.0213-0.035-0.0608-0.0914 NDCG: 0.0105-0.014-0.0192-0.0243 MRR: 0.0079-0.009-0.0099-0.0104
[Test]: Precision: 0.0025-0.002-0.0014-0.001 Recall: 0.0219-0.0362-0.0632-0.091 NDCG: 0.0109-0.0145-0.02-0.0246 MRR: 0.0083-0.0093-0.0102-0.0107
------------------------------------------------------
------------------------------------------------------
Runing Epoch 668 valid loss 328.1183 costs 00: 00: 12
[Valid]: Precision: 0.0032-0.0028-0.002-0.0015 Recall: 0.0152-0.0283-0.0459-0.0669 NDCG: 0.0094-0.013-0.0171-0.0211 MRR: 0.0113-0.0129-0.014-0.0145
[Test]: Precision: 0.0031-0.0026-0.002-0.0015 Recall: 0.0158-0.0265-0.0492-0.0726 NDCG: 0.0095-0.0125-0.0177-0.0222 MRR: 0.0109-0.0123-0.0136-0.0143
------------------------------------------------------
ood testing
[Valid]: Precision: 0.0024-0.002-0.0014-0.0011 Recall: 0.0213-0.035-0.0607-0.0914 NDCG: 0.0105-0.014-0.0192-0.0243 MRR: 0.0079-0.009-0.0099-0.0104
[Test]: Precision: 0.0025-0.002-0.0014-0.001 Recall: 0.0219-0.0362-0.0629-0.0908 NDCG: 0.0109-0.0145-0.0199-0.0246 MRR: 0.0083-0.0093-0.0102-0.0107
------------------------------------------------------
------------------------------------------------------
Runing Epoch 669 valid loss 328.1120 costs 00: 00: 13
[Valid]: Precision: 0.0032-0.0028-0.002-0.0015 Recall: 0.0152-0.0283-0.0457-0.0667 NDCG: 0.0094-0.013-0.0171-0.0211 MRR: 0.0113-0.0129-0.014-0.0145
[Test]: Precision: 0.0031-0.0026-0.002-0.0015 Recall: 0.0158-0.0265-0.049-0.0724 NDCG: 0.0095-0.0125-0.0176-0.0222 MRR: 0.0109-0.0123-0.0136-0.0143
------------------------------------------------------
ood testing
[Valid]: Precision: 0.0024-0.002-0.0014-0.0011 Recall: 0.0213-0.035-0.0605-0.0914 NDCG: 0.0105-0.014-0.0192-0.0243 MRR: 0.0079-0.009-0.0099-0.0104
[Test]: Precision: 0.0025-0.002-0.0014-0.001 Recall: 0.0219-0.0362-0.0631-0.091 NDCG: 0.0109-0.0145-0.0199-0.0246 MRR: 0.0083-0.0093-0.0102-0.0107
------------------------------------------------------
------------------------------------------------------
Runing Epoch 670 valid loss 328.1138 costs 00: 00: 13
[Valid]: Precision: 0.0032-0.0028-0.002-0.0015 Recall: 0.0152-0.0283-0.0457-0.0668 NDCG: 0.0094-0.013-0.0171-0.0211 MRR: 0.0113-0.0129-0.014-0.0145
[Test]: Precision: 0.0031-0.0026-0.002-0.0015 Recall: 0.0158-0.0265-0.049-0.0725 NDCG: 0.0095-0.0125-0.0176-0.0222 MRR: 0.0109-0.0123-0.0136-0.0143
------------------------------------------------------
ood testing
[Valid]: Precision: 0.0024-0.002-0.0014-0.0011 Recall: 0.0213-0.035-0.0605-0.0914 NDCG: 0.0105-0.014-0.0192-0.0243 MRR: 0.0079-0.009-0.0099-0.0104
[Test]: Precision: 0.0025-0.002-0.0014-0.001 Recall: 0.0219-0.0362-0.0631-0.0909 NDCG: 0.0109-0.0145-0.0199-0.0246 MRR: 0.0083-0.0093-0.0102-0.0107
------------------------------------------------------
------------------------------------------------------
Runing Epoch 671 valid loss 328.1169 costs 00: 00: 14
[Valid]: Precision: 0.0032-0.0028-0.002-0.0015 Recall: 0.0152-0.0283-0.0458-0.0668 NDCG: 0.0094-0.013-0.0171-0.0211 MRR: 0.0113-0.0129-0.014-0.0145
[Test]: Precision: 0.0031-0.0026-0.002-0.0015 Recall: 0.0158-0.0265-0.0489-0.0725 NDCG: 0.0095-0.0125-0.0176-0.0222 MRR: 0.0109-0.0123-0.0136-0.0143
------------------------------------------------------
ood testing
[Valid]: Precision: 0.0024-0.002-0.0014-0.0011 Recall: 0.0213-0.035-0.0607-0.0914 NDCG: 0.0105-0.014-0.0192-0.0243 MRR: 0.0079-0.009-0.0099-0.0104
[Test]: Precision: 0.0025-0.002-0.0014-0.001 Recall: 0.0219-0.0362-0.063-0.091 NDCG: 0.0109-0.0145-0.0199-0.0246 MRR: 0.0083-0.0093-0.0102-0.0107
------------------------------------------------------
------------------------------------------------------
Runing Epoch 672 valid loss 328.1133 costs 00: 00: 12
[Valid]: Precision: 0.0032-0.0028-0.002-0.0015 Recall: 0.0152-0.0283-0.0457-0.0668 NDCG: 0.0094-0.013-0.0171-0.0211 MRR: 0.0113-0.0129-0.014-0.0145
[Test]: Precision: 0.0031-0.0026-0.002-0.0015 Recall: 0.0158-0.0265-0.049-0.0726 NDCG: 0.0095-0.0125-0.0176-0.0222 MRR: 0.0109-0.0123-0.0136-0.0143
------------------------------------------------------
ood testing
[Valid]: Precision: 0.0024-0.002-0.0014-0.0011 Recall: 0.0213-0.035-0.0605-0.0914 NDCG: 0.0105-0.014-0.0192-0.0243 MRR: 0.0079-0.009-0.0099-0.0104
[Test]: Precision: 0.0025-0.002-0.0014-0.001 Recall: 0.0219-0.0362-0.0631-0.091 NDCG: 0.0109-0.0145-0.0199-0.0246 MRR: 0.0083-0.0093-0.0102-0.0107
------------------------------------------------------
------------------------------------------------------
Runing Epoch 673 valid loss 328.1204 costs 00: 00: 13
[Valid]: Precision: 0.0032-0.0028-0.002-0.0015 Recall: 0.0152-0.0283-0.0457-0.0669 NDCG: 0.0094-0.013-0.0171-0.0211 MRR: 0.0113-0.0129-0.014-0.0145
[Test]: Precision: 0.0031-0.0026-0.002-0.0015 Recall: 0.0158-0.0265-0.0489-0.0726 NDCG: 0.0095-0.0125-0.0176-0.0222 MRR: 0.0109-0.0123-0.0136-0.0143
------------------------------------------------------
ood testing
[Valid]: Precision: 0.0024-0.002-0.0014-0.0011 Recall: 0.0213-0.035-0.0606-0.0914 NDCG: 0.0105-0.014-0.0192-0.0243 MRR: 0.0079-0.009-0.0099-0.0104
[Test]: Precision: 0.0025-0.002-0.0014-0.001 Recall: 0.0219-0.0362-0.0629-0.091 NDCG: 0.0109-0.0145-0.0199-0.0246 MRR: 0.0083-0.0093-0.0102-0.0107
------------------------------------------------------
------------------------------------------------------
Runing Epoch 674 valid loss 328.1056 costs 00: 00: 13
[Valid]: Precision: 0.0032-0.0028-0.002-0.0015 Recall: 0.0152-0.0283-0.0459-0.0668 NDCG: 0.0094-0.013-0.0171-0.0211 MRR: 0.0113-0.0129-0.014-0.0145
[Test]: Precision: 0.0031-0.0026-0.002-0.0015 Recall: 0.0158-0.0265-0.049-0.0725 NDCG: 0.0095-0.0125-0.0176-0.0222 MRR: 0.0109-0.0123-0.0136-0.0143
------------------------------------------------------
ood testing
[Valid]: Precision: 0.0024-0.002-0.0014-0.0011 Recall: 0.0213-0.035-0.0606-0.0914 NDCG: 0.0105-0.014-0.0192-0.0243 MRR: 0.0079-0.009-0.0099-0.0104
[Test]: Precision: 0.0025-0.002-0.0014-0.001 Recall: 0.0219-0.0362-0.0632-0.091 NDCG: 0.0109-0.0145-0.02-0.0246 MRR: 0.0083-0.0093-0.0102-0.0107
------------------------------------------------------
------------------------------------------------------
Runing Epoch 675 valid loss 328.1046 costs 00: 00: 12
[Valid]: Precision: 0.0032-0.0028-0.002-0.0015 Recall: 0.0152-0.0283-0.0459-0.0667 NDCG: 0.0094-0.013-0.0171-0.0211 MRR: 0.0113-0.0129-0.014-0.0145
[Test]: Precision: 0.0031-0.0026-0.002-0.0015 Recall: 0.0158-0.0265-0.049-0.0724 NDCG: 0.0095-0.0125-0.0176-0.0222 MRR: 0.0109-0.0123-0.0136-0.0143
------------------------------------------------------
ood testing
[Valid]: Precision: 0.0024-0.002-0.0014-0.0011 Recall: 0.0213-0.035-0.0606-0.0914 NDCG: 0.0105-0.014-0.0192-0.0243 MRR: 0.0079-0.009-0.0099-0.0104
[Test]: Precision: 0.0025-0.002-0.0014-0.001 Recall: 0.0219-0.0362-0.0632-0.091 NDCG: 0.0109-0.0145-0.02-0.0246 MRR: 0.0083-0.0093-0.0102-0.0107
------------------------------------------------------
------------------------------------------------------
Runing Epoch 676 valid loss 328.1159 costs 00: 00: 13
[Valid]: Precision: 0.0032-0.0028-0.002-0.0015 Recall: 0.0152-0.0283-0.0459-0.0668 NDCG: 0.0094-0.013-0.0171-0.0211 MRR: 0.0113-0.0129-0.014-0.0145
[Test]: Precision: 0.0031-0.0026-0.002-0.0015 Recall: 0.0158-0.0265-0.049-0.0725 NDCG: 0.0095-0.0125-0.0176-0.0222 MRR: 0.0109-0.0123-0.0136-0.0143
------------------------------------------------------
ood testing
[Valid]: Precision: 0.0024-0.002-0.0014-0.0011 Recall: 0.0213-0.035-0.0606-0.0914 NDCG: 0.0105-0.014-0.0192-0.0243 MRR: 0.0079-0.009-0.0099-0.0104
[Test]: Precision: 0.0025-0.002-0.0014-0.001 Recall: 0.0219-0.0362-0.0632-0.091 NDCG: 0.0109-0.0145-0.02-0.0246 MRR: 0.0083-0.0093-0.0102-0.0107
------------------------------------------------------
------------------------------------------------------
Runing Epoch 677 valid loss 328.1176 costs 00: 00: 12
[Valid]: Precision: 0.0032-0.0028-0.002-0.0015 Recall: 0.0152-0.0283-0.0459-0.0668 NDCG: 0.0094-0.013-0.0171-0.0211 MRR: 0.0113-0.0129-0.014-0.0145
[Test]: Precision: 0.0031-0.0026-0.002-0.0015 Recall: 0.0158-0.0265-0.049-0.0725 NDCG: 0.0095-0.0125-0.0176-0.0222 MRR: 0.0109-0.0123-0.0136-0.0143
------------------------------------------------------
ood testing
[Valid]: Precision: 0.0024-0.002-0.0014-0.0011 Recall: 0.0213-0.035-0.0606-0.0914 NDCG: 0.0105-0.014-0.0192-0.0244 MRR: 0.0079-0.009-0.0099-0.0104
[Test]: Precision: 0.0025-0.002-0.0014-0.001 Recall: 0.0219-0.0362-0.0632-0.0911 NDCG: 0.0109-0.0145-0.02-0.0246 MRR: 0.0083-0.0093-0.0102-0.0107
------------------------------------------------------
------------------------------------------------------
Runing Epoch 678 valid loss 328.1119 costs 00: 00: 13
[Valid]: Precision: 0.0032-0.0028-0.002-0.0015 Recall: 0.0152-0.0283-0.0459-0.0668 NDCG: 0.0094-0.013-0.0171-0.0211 MRR: 0.0113-0.0129-0.014-0.0145
[Test]: Precision: 0.0031-0.0026-0.002-0.0015 Recall: 0.0158-0.0265-0.049-0.0725 NDCG: 0.0095-0.0125-0.0176-0.0222 MRR: 0.0109-0.0123-0.0136-0.0143
------------------------------------------------------
ood testing
[Valid]: Precision: 0.0024-0.002-0.0014-0.0011 Recall: 0.0213-0.035-0.0606-0.0914 NDCG: 0.0105-0.014-0.0192-0.0243 MRR: 0.0079-0.009-0.0099-0.0104
[Test]: Precision: 0.0025-0.002-0.0014-0.001 Recall: 0.0219-0.0362-0.0632-0.091 NDCG: 0.0109-0.0145-0.02-0.0246 MRR: 0.0083-0.0093-0.0102-0.0107
------------------------------------------------------
------------------------------------------------------
Runing Epoch 679 valid loss 328.1113 costs 00: 00: 13
[Valid]: Precision: 0.0032-0.0028-0.002-0.0015 Recall: 0.0152-0.0283-0.0459-0.0668 NDCG: 0.0094-0.013-0.0171-0.0211 MRR: 0.0113-0.0129-0.014-0.0145
[Test]: Precision: 0.0031-0.0026-0.002-0.0015 Recall: 0.0158-0.0265-0.049-0.0725 NDCG: 0.0095-0.0125-0.0176-0.0222 MRR: 0.0109-0.0123-0.0136-0.0143
------------------------------------------------------
ood testing
[Valid]: Precision: 0.0024-0.002-0.0014-0.0011 Recall: 0.0213-0.035-0.0606-0.0914 NDCG: 0.0105-0.014-0.0192-0.0243 MRR: 0.0079-0.009-0.0099-0.0104
[Test]: Precision: 0.0025-0.002-0.0014-0.001 Recall: 0.0219-0.0362-0.0631-0.091 NDCG: 0.0109-0.0145-0.02-0.0246 MRR: 0.0083-0.0093-0.0102-0.0107
------------------------------------------------------
------------------------------------------------------
Runing Epoch 680 valid loss 328.1119 costs 00: 00: 13
[Valid]: Precision: 0.0032-0.0028-0.002-0.0015 Recall: 0.0152-0.0283-0.0458-0.0668 NDCG: 0.0094-0.013-0.0171-0.0211 MRR: 0.0113-0.0129-0.014-0.0145
[Test]: Precision: 0.0031-0.0026-0.002-0.0015 Recall: 0.0158-0.0265-0.0489-0.0725 NDCG: 0.0095-0.0125-0.0176-0.0222 MRR: 0.0109-0.0123-0.0136-0.0143
------------------------------------------------------
ood testing
[Valid]: Precision: 0.0024-0.002-0.0014-0.0011 Recall: 0.0213-0.035-0.0607-0.0914 NDCG: 0.0105-0.014-0.0192-0.0243 MRR: 0.0079-0.009-0.0099-0.0104
[Test]: Precision: 0.0025-0.002-0.0014-0.001 Recall: 0.0219-0.0362-0.063-0.0909 NDCG: 0.0109-0.0145-0.0199-0.0246 MRR: 0.0083-0.0093-0.0102-0.0107
------------------------------------------------------
------------------------------------------------------
Runing Epoch 681 valid loss 328.1167 costs 00: 00: 12
[Valid]: Precision: 0.0032-0.0028-0.002-0.0015 Recall: 0.0152-0.0283-0.0459-0.0668 NDCG: 0.0094-0.013-0.0171-0.0211 MRR: 0.0113-0.0129-0.014-0.0145
[Test]: Precision: 0.0031-0.0026-0.002-0.0015 Recall: 0.0158-0.0265-0.049-0.0724 NDCG: 0.0095-0.0125-0.0176-0.0222 MRR: 0.0109-0.0123-0.0136-0.0143
------------------------------------------------------
ood testing
[Valid]: Precision: 0.0024-0.002-0.0014-0.0011 Recall: 0.0213-0.035-0.0606-0.0914 NDCG: 0.0105-0.014-0.0192-0.0244 MRR: 0.0079-0.009-0.0099-0.0104
[Test]: Precision: 0.0025-0.002-0.0014-0.001 Recall: 0.0219-0.0362-0.0631-0.0911 NDCG: 0.0109-0.0145-0.0199-0.0246 MRR: 0.0083-0.0093-0.0102-0.0107
------------------------------------------------------
------------------------------------------------------
Runing Epoch 682 valid loss 328.1159 costs 00: 00: 13
[Valid]: Precision: 0.0032-0.0028-0.002-0.0015 Recall: 0.0152-0.0283-0.0458-0.0668 NDCG: 0.0094-0.013-0.0171-0.0211 MRR: 0.0113-0.0129-0.014-0.0145
[Test]: Precision: 0.0031-0.0026-0.002-0.0015 Recall: 0.0158-0.0265-0.0489-0.0724 NDCG: 0.0095-0.0125-0.0176-0.0222 MRR: 0.0109-0.0123-0.0136-0.0143
------------------------------------------------------
ood testing
[Valid]: Precision: 0.0024-0.002-0.0014-0.0011 Recall: 0.0213-0.035-0.0607-0.0914 NDCG: 0.0105-0.014-0.0192-0.0243 MRR: 0.0079-0.009-0.0099-0.0104
[Test]: Precision: 0.0025-0.002-0.0014-0.001 Recall: 0.0219-0.0362-0.063-0.091 NDCG: 0.0109-0.0145-0.0199-0.0246 MRR: 0.0083-0.0093-0.0102-0.0107
------------------------------------------------------
------------------------------------------------------
Runing Epoch 683 valid loss 328.1057 costs 00: 00: 13
[Valid]: Precision: 0.0032-0.0028-0.002-0.0015 Recall: 0.0152-0.0283-0.0457-0.0668 NDCG: 0.0094-0.013-0.017-0.0211 MRR: 0.0112-0.0128-0.0139-0.0144
[Test]: Precision: 0.0031-0.0026-0.002-0.0015 Recall: 0.0158-0.0265-0.0489-0.0726 NDCG: 0.0094-0.0125-0.0176-0.0222 MRR: 0.0108-0.0122-0.0135-0.0142
------------------------------------------------------
ood testing
[Valid]: Precision: 0.0024-0.002-0.0014-0.0011 Recall: 0.0213-0.035-0.0606-0.0914 NDCG: 0.0105-0.0141-0.0192-0.0244 MRR: 0.008-0.0091-0.01-0.0105
[Test]: Precision: 0.0025-0.002-0.0014-0.001 Recall: 0.0219-0.0362-0.0629-0.091 NDCG: 0.0109-0.0145-0.0199-0.0246 MRR: 0.0083-0.0093-0.0102-0.0107
------------------------------------------------------
------------------------------------------------------
Runing Epoch 684 valid loss 328.1134 costs 00: 00: 12
[Valid]: Precision: 0.0032-0.0028-0.002-0.0015 Recall: 0.0152-0.0283-0.0459-0.0667 NDCG: 0.0094-0.013-0.0171-0.0211 MRR: 0.0113-0.0129-0.014-0.0145
[Test]: Precision: 0.0031-0.0026-0.002-0.0015 Recall: 0.0158-0.0265-0.049-0.0724 NDCG: 0.0095-0.0125-0.0176-0.0222 MRR: 0.0109-0.0123-0.0136-0.0143
------------------------------------------------------
ood testing
[Valid]: Precision: 0.0024-0.002-0.0014-0.0011 Recall: 0.0213-0.035-0.0606-0.0914 NDCG: 0.0105-0.014-0.0192-0.0243 MRR: 0.0079-0.009-0.0099-0.0104
[Test]: Precision: 0.0025-0.002-0.0014-0.001 Recall: 0.0219-0.0362-0.0631-0.091 NDCG: 0.0109-0.0145-0.02-0.0246 MRR: 0.0083-0.0093-0.0102-0.0107
------------------------------------------------------
------------------------------------------------------
Runing Epoch 685 valid loss 328.1173 costs 00: 00: 13
[Valid]: Precision: 0.0032-0.0028-0.002-0.0015 Recall: 0.0152-0.0283-0.0458-0.0667 NDCG: 0.0094-0.013-0.0171-0.0211 MRR: 0.0112-0.0128-0.0139-0.0144
[Test]: Precision: 0.0031-0.0026-0.002-0.0015 Recall: 0.0158-0.0265-0.0488-0.0723 NDCG: 0.0094-0.0125-0.0176-0.0221 MRR: 0.0108-0.0122-0.0135-0.0142
------------------------------------------------------
ood testing
[Valid]: Precision: 0.0024-0.002-0.0014-0.0011 Recall: 0.0213-0.035-0.0608-0.0914 NDCG: 0.0105-0.0141-0.0193-0.0244 MRR: 0.008-0.0091-0.01-0.0105
[Test]: Precision: 0.0025-0.002-0.0014-0.001 Recall: 0.0219-0.0362-0.063-0.091 NDCG: 0.0109-0.0145-0.0199-0.0246 MRR: 0.0083-0.0093-0.0102-0.0107
------------------------------------------------------
------------------------------------------------------
Runing Epoch 686 valid loss 328.1063 costs 00: 00: 12
[Valid]: Precision: 0.0032-0.0028-0.002-0.0015 Recall: 0.0152-0.0283-0.046-0.0668 NDCG: 0.0094-0.013-0.0171-0.0211 MRR: 0.0113-0.0129-0.014-0.0145
[Test]: Precision: 0.0031-0.0026-0.002-0.0015 Recall: 0.0158-0.0265-0.0492-0.0724 NDCG: 0.0095-0.0125-0.0177-0.0222 MRR: 0.0109-0.0123-0.0136-0.0143
------------------------------------------------------
ood testing
[Valid]: Precision: 0.0024-0.002-0.0014-0.0011 Recall: 0.0213-0.035-0.0608-0.0914 NDCG: 0.0105-0.014-0.0193-0.0243 MRR: 0.0079-0.009-0.0099-0.0104
[Test]: Precision: 0.0025-0.002-0.0014-0.001 Recall: 0.0219-0.0362-0.063-0.091 NDCG: 0.0109-0.0145-0.0199-0.0246 MRR: 0.0083-0.0093-0.0102-0.0107
------------------------------------------------------
------------------------------------------------------
Runing Epoch 687 valid loss 328.1156 costs 00: 00: 13
[Valid]: Precision: 0.0032-0.0028-0.002-0.0015 Recall: 0.0152-0.0283-0.046-0.0668 NDCG: 0.0094-0.013-0.0171-0.0211 MRR: 0.0113-0.0129-0.014-0.0145
[Test]: Precision: 0.0031-0.0026-0.002-0.0015 Recall: 0.0158-0.0265-0.0492-0.0724 NDCG: 0.0095-0.0125-0.0177-0.0222 MRR: 0.0109-0.0123-0.0136-0.0143
------------------------------------------------------
ood testing
[Valid]: Precision: 0.0024-0.002-0.0014-0.0011 Recall: 0.0213-0.035-0.0608-0.0914 NDCG: 0.0105-0.014-0.0193-0.0243 MRR: 0.0079-0.009-0.0099-0.0104
[Test]: Precision: 0.0025-0.002-0.0014-0.001 Recall: 0.0219-0.0362-0.063-0.091 NDCG: 0.0109-0.0145-0.0199-0.0246 MRR: 0.0083-0.0093-0.0102-0.0107
------------------------------------------------------
------------------------------------------------------
Runing Epoch 688 valid loss 328.1141 costs 00: 00: 12
[Valid]: Precision: 0.0032-0.0028-0.002-0.0015 Recall: 0.0152-0.0283-0.046-0.0666 NDCG: 0.0094-0.013-0.0171-0.0211 MRR: 0.0113-0.0129-0.014-0.0145
[Test]: Precision: 0.0031-0.0026-0.002-0.0015 Recall: 0.0158-0.0265-0.0492-0.0724 NDCG: 0.0095-0.0125-0.0177-0.0222 MRR: 0.0109-0.0123-0.0136-0.0143
------------------------------------------------------
ood testing
[Valid]: Precision: 0.0024-0.002-0.0014-0.0011 Recall: 0.0213-0.035-0.0608-0.0914 NDCG: 0.0105-0.014-0.0193-0.0244 MRR: 0.0079-0.009-0.0099-0.0104
[Test]: Precision: 0.0025-0.002-0.0014-0.001 Recall: 0.0219-0.0362-0.063-0.0907 NDCG: 0.0109-0.0145-0.0199-0.0245 MRR: 0.0083-0.0093-0.0102-0.0107
------------------------------------------------------
------------------------------------------------------
Runing Epoch 689 valid loss 328.1103 costs 00: 00: 13
[Valid]: Precision: 0.0032-0.0028-0.002-0.0015 Recall: 0.0152-0.0283-0.0459-0.0666 NDCG: 0.0094-0.013-0.0171-0.0211 MRR: 0.0113-0.0129-0.014-0.0145
[Test]: Precision: 0.0031-0.0026-0.002-0.0015 Recall: 0.0158-0.0265-0.0492-0.0724 NDCG: 0.0095-0.0125-0.0177-0.0222 MRR: 0.0109-0.0123-0.0136-0.0143
------------------------------------------------------
ood testing
[Valid]: Precision: 0.0024-0.002-0.0014-0.0011 Recall: 0.0213-0.035-0.0607-0.0914 NDCG: 0.0105-0.014-0.0192-0.0243 MRR: 0.0079-0.009-0.0099-0.0104
[Test]: Precision: 0.0025-0.002-0.0014-0.001 Recall: 0.0219-0.0362-0.0629-0.0908 NDCG: 0.0109-0.0145-0.0199-0.0246 MRR: 0.0083-0.0093-0.0102-0.0107
------------------------------------------------------
------------------------------------------------------
Runing Epoch 690 valid loss 328.1240 costs 00: 00: 12
[Valid]: Precision: 0.0032-0.0028-0.002-0.0015 Recall: 0.0152-0.0283-0.0458-0.0668 NDCG: 0.0094-0.013-0.0171-0.0211 MRR: 0.0113-0.0129-0.014-0.0145
[Test]: Precision: 0.0031-0.0026-0.002-0.0015 Recall: 0.0158-0.0265-0.0489-0.0723 NDCG: 0.0095-0.0125-0.0176-0.0222 MRR: 0.0109-0.0123-0.0136-0.0143
------------------------------------------------------
ood testing
[Valid]: Precision: 0.0024-0.002-0.0014-0.0011 Recall: 0.0213-0.035-0.0607-0.0915 NDCG: 0.0105-0.014-0.0192-0.0244 MRR: 0.0079-0.009-0.0099-0.0104
[Test]: Precision: 0.0025-0.002-0.0014-0.001 Recall: 0.0219-0.0362-0.063-0.0911 NDCG: 0.0109-0.0145-0.0199-0.0246 MRR: 0.0083-0.0093-0.0102-0.0107
------------------------------------------------------
------------------------------------------------------
Runing Epoch 691 valid loss 328.1129 costs 00: 00: 13
[Valid]: Precision: 0.0032-0.0028-0.002-0.0015 Recall: 0.0152-0.0283-0.0457-0.0666 NDCG: 0.0094-0.013-0.0171-0.0211 MRR: 0.0113-0.0129-0.014-0.0145
[Test]: Precision: 0.0031-0.0026-0.002-0.0015 Recall: 0.0158-0.0265-0.0489-0.0724 NDCG: 0.0095-0.0125-0.0176-0.0222 MRR: 0.0109-0.0123-0.0136-0.0143
------------------------------------------------------
ood testing
[Valid]: Precision: 0.0024-0.002-0.0014-0.0011 Recall: 0.0213-0.035-0.0606-0.0914 NDCG: 0.0105-0.014-0.0192-0.0244 MRR: 0.0079-0.009-0.0099-0.0104
[Test]: Precision: 0.0025-0.002-0.0014-0.001 Recall: 0.0219-0.0362-0.0629-0.0907 NDCG: 0.0109-0.0145-0.0199-0.0245 MRR: 0.0083-0.0093-0.0102-0.0107
------------------------------------------------------
------------------------------------------------------
Runing Epoch 692 valid loss 328.1080 costs 00: 00: 13
[Valid]: Precision: 0.0032-0.0028-0.002-0.0015 Recall: 0.0152-0.0283-0.046-0.0668 NDCG: 0.0094-0.013-0.0171-0.0211 MRR: 0.0113-0.0129-0.014-0.0145
[Test]: Precision: 0.0031-0.0026-0.002-0.0015 Recall: 0.0158-0.0265-0.0492-0.0723 NDCG: 0.0095-0.0125-0.0177-0.0222 MRR: 0.0109-0.0123-0.0136-0.0143
------------------------------------------------------
ood testing
[Valid]: Precision: 0.0024-0.002-0.0014-0.0011 Recall: 0.0213-0.035-0.0609-0.0915 NDCG: 0.0105-0.014-0.0193-0.0244 MRR: 0.0079-0.009-0.0099-0.0104
[Test]: Precision: 0.0025-0.002-0.0014-0.001 Recall: 0.0219-0.0362-0.063-0.091 NDCG: 0.0109-0.0145-0.0199-0.0246 MRR: 0.0083-0.0093-0.0102-0.0107
------------------------------------------------------
------------------------------------------------------
Runing Epoch 693 valid loss 328.1168 costs 00: 00: 12
[Valid]: Precision: 0.0032-0.0028-0.002-0.0015 Recall: 0.0152-0.0283-0.0459-0.0668 NDCG: 0.0094-0.013-0.0171-0.0211 MRR: 0.0113-0.0129-0.014-0.0145
[Test]: Precision: 0.0031-0.0026-0.002-0.0015 Recall: 0.0158-0.0265-0.0493-0.0724 NDCG: 0.0095-0.0125-0.0177-0.0222 MRR: 0.0109-0.0123-0.0136-0.0143
------------------------------------------------------
ood testing
[Valid]: Precision: 0.0024-0.002-0.0014-0.0011 Recall: 0.0213-0.035-0.0607-0.0914 NDCG: 0.0105-0.014-0.0192-0.0243 MRR: 0.0079-0.009-0.0099-0.0104
[Test]: Precision: 0.0025-0.002-0.0014-0.001 Recall: 0.0219-0.0362-0.0632-0.091 NDCG: 0.0109-0.0145-0.02-0.0246 MRR: 0.0083-0.0093-0.0102-0.0107
------------------------------------------------------
------------------------------------------------------
Runing Epoch 694 valid loss 328.1173 costs 00: 00: 13
[Valid]: Precision: 0.0032-0.0028-0.002-0.0015 Recall: 0.0153-0.0283-0.0457-0.0668 NDCG: 0.0094-0.013-0.0171-0.0211 MRR: 0.0113-0.0129-0.014-0.0145
[Test]: Precision: 0.0031-0.0026-0.002-0.0015 Recall: 0.0161-0.0265-0.0493-0.0724 NDCG: 0.0096-0.0125-0.0177-0.0222 MRR: 0.011-0.0123-0.0136-0.0143
------------------------------------------------------
ood testing
[Valid]: Precision: 0.0024-0.002-0.0014-0.0011 Recall: 0.0215-0.035-0.0606-0.0914 NDCG: 0.0105-0.014-0.0192-0.0244 MRR: 0.0079-0.009-0.0099-0.0104
[Test]: Precision: 0.0025-0.002-0.0014-0.001 Recall: 0.0219-0.0362-0.063-0.0911 NDCG: 0.0109-0.0145-0.0199-0.0246 MRR: 0.0083-0.0093-0.0102-0.0107
------------------------------------------------------
------------------------------------------------------
Runing Epoch 695 valid loss 328.1160 costs 00: 00: 12
[Valid]: Precision: 0.0032-0.0028-0.002-0.0015 Recall: 0.0152-0.0283-0.0458-0.0668 NDCG: 0.0094-0.013-0.0171-0.0211 MRR: 0.0113-0.0129-0.014-0.0145
[Test]: Precision: 0.0031-0.0026-0.002-0.0015 Recall: 0.0158-0.0265-0.0493-0.0724 NDCG: 0.0095-0.0125-0.0177-0.0222 MRR: 0.0109-0.0123-0.0136-0.0143
------------------------------------------------------
ood testing
[Valid]: Precision: 0.0024-0.002-0.0014-0.0011 Recall: 0.0213-0.035-0.0608-0.0914 NDCG: 0.0105-0.014-0.0192-0.0243 MRR: 0.0079-0.009-0.0099-0.0104
[Test]: Precision: 0.0025-0.002-0.0014-0.001 Recall: 0.0219-0.0362-0.0631-0.091 NDCG: 0.0109-0.0145-0.02-0.0246 MRR: 0.0083-0.0093-0.0102-0.0107
------------------------------------------------------
------------------------------------------------------
Runing Epoch 696 valid loss 328.1082 costs 00: 00: 13
[Valid]: Precision: 0.0032-0.0028-0.002-0.0015 Recall: 0.0152-0.0283-0.0458-0.0668 NDCG: 0.0094-0.013-0.0171-0.0211 MRR: 0.0113-0.0129-0.014-0.0145
[Test]: Precision: 0.0031-0.0026-0.002-0.0015 Recall: 0.0158-0.0265-0.0493-0.0724 NDCG: 0.0095-0.0125-0.0177-0.0222 MRR: 0.0109-0.0123-0.0136-0.0143
------------------------------------------------------
ood testing
[Valid]: Precision: 0.0024-0.002-0.0014-0.0011 Recall: 0.0213-0.035-0.0608-0.0914 NDCG: 0.0105-0.014-0.0192-0.0243 MRR: 0.0079-0.009-0.0099-0.0104
[Test]: Precision: 0.0025-0.002-0.0014-0.001 Recall: 0.0219-0.0362-0.0631-0.091 NDCG: 0.0109-0.0145-0.02-0.0246 MRR: 0.0083-0.0093-0.0102-0.0107
------------------------------------------------------
------------------------------------------------------
Runing Epoch 697 valid loss 328.1200 costs 00: 00: 12
[Valid]: Precision: 0.0032-0.0028-0.002-0.0015 Recall: 0.0152-0.0283-0.0457-0.0668 NDCG: 0.0094-0.013-0.0171-0.0211 MRR: 0.0113-0.0129-0.014-0.0145
[Test]: Precision: 0.0031-0.0026-0.002-0.0015 Recall: 0.0158-0.0265-0.0493-0.0724 NDCG: 0.0095-0.0125-0.0177-0.0222 MRR: 0.0109-0.0123-0.0136-0.0143
------------------------------------------------------
ood testing
[Valid]: Precision: 0.0024-0.002-0.0014-0.0011 Recall: 0.0213-0.035-0.0606-0.0914 NDCG: 0.0105-0.014-0.0192-0.0243 MRR: 0.0079-0.009-0.0099-0.0104
[Test]: Precision: 0.0025-0.002-0.0014-0.001 Recall: 0.0219-0.0362-0.063-0.091 NDCG: 0.0109-0.0145-0.0199-0.0246 MRR: 0.0083-0.0093-0.0102-0.0107
------------------------------------------------------
------------------------------------------------------
Runing Epoch 698 valid loss 328.1162 costs 00: 00: 13
[Valid]: Precision: 0.0032-0.0028-0.002-0.0015 Recall: 0.0152-0.0283-0.0457-0.0666 NDCG: 0.0094-0.013-0.0171-0.0211 MRR: 0.0113-0.0129-0.014-0.0145
[Test]: Precision: 0.0031-0.0026-0.002-0.0015 Recall: 0.0158-0.0265-0.0493-0.0724 NDCG: 0.0095-0.0125-0.0177-0.0222 MRR: 0.0109-0.0123-0.0136-0.0143
------------------------------------------------------
ood testing
[Valid]: Precision: 0.0024-0.002-0.0014-0.0011 Recall: 0.0213-0.035-0.0607-0.0914 NDCG: 0.0105-0.014-0.0192-0.0243 MRR: 0.0079-0.009-0.0099-0.0104
[Test]: Precision: 0.0025-0.002-0.0014-0.001 Recall: 0.0219-0.0362-0.0632-0.0909 NDCG: 0.0109-0.0145-0.02-0.0246 MRR: 0.0083-0.0093-0.0102-0.0107
------------------------------------------------------
------------------------------------------------------
Runing Epoch 699 valid loss 328.1132 costs 00: 00: 13
[Valid]: Precision: 0.0032-0.0028-0.002-0.0015 Recall: 0.0152-0.0283-0.0457-0.0665 NDCG: 0.0094-0.013-0.0171-0.0211 MRR: 0.0113-0.0129-0.014-0.0145
[Test]: Precision: 0.0031-0.0026-0.002-0.0015 Recall: 0.0158-0.0265-0.0493-0.0725 NDCG: 0.0095-0.0125-0.0177-0.0222 MRR: 0.0109-0.0123-0.0136-0.0143
------------------------------------------------------
ood testing
[Valid]: Precision: 0.0024-0.002-0.0014-0.0011 Recall: 0.0213-0.035-0.0608-0.0914 NDCG: 0.0105-0.014-0.0192-0.0243 MRR: 0.0079-0.009-0.0099-0.0104
[Test]: Precision: 0.0025-0.002-0.0014-0.001 Recall: 0.0219-0.0362-0.0632-0.0908 NDCG: 0.0109-0.0145-0.02-0.0246 MRR: 0.0083-0.0093-0.0102-0.0107
------------------------------------------------------
------------------------------------------------------
Runing Epoch 700 valid loss 328.1142 costs 00: 00: 13
[Valid]: Precision: 0.0032-0.0028-0.002-0.0015 Recall: 0.0152-0.0283-0.0457-0.0666 NDCG: 0.0094-0.013-0.0171-0.0211 MRR: 0.0113-0.0129-0.014-0.0145
[Test]: Precision: 0.0031-0.0026-0.002-0.0015 Recall: 0.0158-0.0265-0.0493-0.0724 NDCG: 0.0095-0.0125-0.0177-0.0222 MRR: 0.0109-0.0123-0.0136-0.0143
------------------------------------------------------
ood testing
[Valid]: Precision: 0.0024-0.002-0.0014-0.0011 Recall: 0.0213-0.035-0.0608-0.0914 NDCG: 0.0105-0.014-0.0192-0.0243 MRR: 0.0079-0.009-0.0099-0.0104
[Test]: Precision: 0.0025-0.002-0.0014-0.001 Recall: 0.0219-0.0362-0.0632-0.0908 NDCG: 0.0109-0.0145-0.02-0.0246 MRR: 0.0083-0.0093-0.0102-0.0107
------------------------------------------------------
------------------------------------------------------
Runing Epoch 701 valid loss 328.1213 costs 00: 00: 12
[Valid]: Precision: 0.0032-0.0028-0.002-0.0015 Recall: 0.0152-0.0283-0.0458-0.0667 NDCG: 0.0094-0.013-0.0171-0.0211 MRR: 0.0113-0.0129-0.014-0.0145
[Test]: Precision: 0.0031-0.0026-0.002-0.0015 Recall: 0.0158-0.0265-0.0493-0.0724 NDCG: 0.0095-0.0125-0.0177-0.0222 MRR: 0.0109-0.0123-0.0136-0.0143
------------------------------------------------------
ood testing
[Valid]: Precision: 0.0024-0.002-0.0014-0.0011 Recall: 0.0213-0.035-0.0609-0.0914 NDCG: 0.0105-0.014-0.0193-0.0243 MRR: 0.0079-0.009-0.0099-0.0104
[Test]: Precision: 0.0025-0.002-0.0014-0.001 Recall: 0.0219-0.0362-0.0633-0.0907 NDCG: 0.0109-0.0145-0.02-0.0245 MRR: 0.0083-0.0093-0.0102-0.0107
------------------------------------------------------
------------------------------------------------------
Runing Epoch 702 valid loss 328.0999 costs 00: 00: 12
[Valid]: Precision: 0.0032-0.0028-0.002-0.0015 Recall: 0.0152-0.0283-0.0459-0.0668 NDCG: 0.0094-0.013-0.0171-0.0211 MRR: 0.0113-0.0129-0.014-0.0145
[Test]: Precision: 0.0031-0.0026-0.002-0.0015 Recall: 0.0158-0.0265-0.0493-0.0724 NDCG: 0.0095-0.0125-0.0177-0.0222 MRR: 0.0109-0.0123-0.0136-0.0143
------------------------------------------------------
ood testing
[Valid]: Precision: 0.0024-0.002-0.0014-0.0011 Recall: 0.0213-0.035-0.0607-0.0914 NDCG: 0.0105-0.014-0.0192-0.0243 MRR: 0.0079-0.009-0.0099-0.0104
[Test]: Precision: 0.0025-0.002-0.0014-0.001 Recall: 0.0219-0.0362-0.0632-0.091 NDCG: 0.0109-0.0145-0.02-0.0246 MRR: 0.0083-0.0093-0.0102-0.0107
------------------------------------------------------
------------------------------------------------------
Runing Epoch 703 valid loss 328.1150 costs 00: 00: 13
[Valid]: Precision: 0.0032-0.0028-0.002-0.0015 Recall: 0.0152-0.0283-0.0459-0.0668 NDCG: 0.0094-0.013-0.0171-0.0211 MRR: 0.0113-0.0129-0.014-0.0145
[Test]: Precision: 0.0031-0.0026-0.002-0.0015 Recall: 0.0158-0.0265-0.0493-0.0724 NDCG: 0.0095-0.0125-0.0177-0.0222 MRR: 0.0109-0.0123-0.0136-0.0143
------------------------------------------------------
ood testing
[Valid]: Precision: 0.0024-0.002-0.0014-0.0011 Recall: 0.0213-0.035-0.0607-0.0914 NDCG: 0.0105-0.014-0.0192-0.0243 MRR: 0.0079-0.009-0.0099-0.0104
[Test]: Precision: 0.0025-0.002-0.0014-0.001 Recall: 0.0219-0.0362-0.0632-0.091 NDCG: 0.0109-0.0145-0.02-0.0246 MRR: 0.0083-0.0093-0.0102-0.0107
------------------------------------------------------
------------------------------------------------------
Runing Epoch 704 valid loss 328.1179 costs 00: 00: 12
[Valid]: Precision: 0.0032-0.0028-0.002-0.0015 Recall: 0.0152-0.0283-0.0459-0.0667 NDCG: 0.0094-0.013-0.0171-0.0211 MRR: 0.0113-0.0129-0.014-0.0145
[Test]: Precision: 0.0031-0.0026-0.002-0.0015 Recall: 0.0158-0.0265-0.0492-0.0725 NDCG: 0.0095-0.0125-0.0177-0.0222 MRR: 0.0109-0.0123-0.0136-0.0143
------------------------------------------------------
ood testing
[Valid]: Precision: 0.0024-0.002-0.0014-0.0011 Recall: 0.0213-0.035-0.0608-0.0915 NDCG: 0.0105-0.014-0.0192-0.0244 MRR: 0.0079-0.009-0.0099-0.0104
[Test]: Precision: 0.0025-0.002-0.0014-0.001 Recall: 0.0219-0.0362-0.0632-0.0909 NDCG: 0.0109-0.0145-0.02-0.0246 MRR: 0.0083-0.0093-0.0102-0.0107
------------------------------------------------------
------------------------------------------------------
Runing Epoch 705 valid loss 328.1086 costs 00: 00: 13
[Valid]: Precision: 0.0032-0.0028-0.002-0.0015 Recall: 0.0152-0.0283-0.0459-0.0668 NDCG: 0.0094-0.013-0.0171-0.0211 MRR: 0.0113-0.0129-0.014-0.0145
[Test]: Precision: 0.0031-0.0026-0.002-0.0015 Recall: 0.0158-0.0265-0.0493-0.0724 NDCG: 0.0095-0.0125-0.0177-0.0222 MRR: 0.0109-0.0123-0.0136-0.0143
------------------------------------------------------
ood testing
[Valid]: Precision: 0.0024-0.002-0.0014-0.0011 Recall: 0.0213-0.035-0.0608-0.0914 NDCG: 0.0105-0.014-0.0192-0.0243 MRR: 0.0079-0.009-0.0099-0.0104
[Test]: Precision: 0.0025-0.002-0.0014-0.001 Recall: 0.0219-0.0362-0.0632-0.091 NDCG: 0.0109-0.0145-0.02-0.0246 MRR: 0.0083-0.0093-0.0102-0.0107
------------------------------------------------------
------------------------------------------------------
Runing Epoch 706 valid loss 328.1101 costs 00: 00: 12
[Valid]: Precision: 0.0032-0.0028-0.002-0.0015 Recall: 0.0152-0.0283-0.0459-0.0666 NDCG: 0.0094-0.013-0.0171-0.0211 MRR: 0.0113-0.0129-0.014-0.0145
[Test]: Precision: 0.0031-0.0026-0.002-0.0015 Recall: 0.0158-0.0265-0.0493-0.0724 NDCG: 0.0095-0.0125-0.0177-0.0222 MRR: 0.0109-0.0123-0.0136-0.0143
------------------------------------------------------
ood testing
[Valid]: Precision: 0.0024-0.002-0.0014-0.0011 Recall: 0.0213-0.035-0.0608-0.0914 NDCG: 0.0105-0.014-0.0192-0.0243 MRR: 0.0079-0.009-0.0099-0.0104
[Test]: Precision: 0.0025-0.002-0.0014-0.001 Recall: 0.0219-0.0362-0.0632-0.0907 NDCG: 0.0109-0.0145-0.02-0.0245 MRR: 0.0083-0.0093-0.0102-0.0107
------------------------------------------------------
------------------------------------------------------
Runing Epoch 707 valid loss 328.1211 costs 00: 00: 14
[Valid]: Precision: 0.0032-0.0028-0.002-0.0015 Recall: 0.0152-0.0283-0.0457-0.0667 NDCG: 0.0094-0.013-0.0171-0.0211 MRR: 0.0113-0.0129-0.014-0.0145
[Test]: Precision: 0.0031-0.0026-0.002-0.0015 Recall: 0.0158-0.0265-0.0489-0.0724 NDCG: 0.0095-0.0125-0.0176-0.0222 MRR: 0.0109-0.0123-0.0136-0.0143
------------------------------------------------------
ood testing
[Valid]: Precision: 0.0024-0.002-0.0014-0.0011 Recall: 0.0213-0.035-0.0606-0.0914 NDCG: 0.0105-0.014-0.0192-0.0244 MRR: 0.0079-0.009-0.0099-0.0104
[Test]: Precision: 0.0025-0.002-0.0014-0.001 Recall: 0.0219-0.0362-0.0629-0.0908 NDCG: 0.0109-0.0145-0.0199-0.0246 MRR: 0.0083-0.0093-0.0102-0.0107
------------------------------------------------------
------------------------------------------------------
Runing Epoch 708 valid loss 328.1177 costs 00: 00: 12
[Valid]: Precision: 0.0032-0.0028-0.002-0.0015 Recall: 0.0152-0.0283-0.0459-0.0668 NDCG: 0.0094-0.013-0.0171-0.0211 MRR: 0.0113-0.0129-0.014-0.0145
[Test]: Precision: 0.0031-0.0026-0.002-0.0015 Recall: 0.0158-0.0265-0.0493-0.0724 NDCG: 0.0095-0.0125-0.0177-0.0222 MRR: 0.0109-0.0123-0.0136-0.0143
------------------------------------------------------
ood testing
[Valid]: Precision: 0.0024-0.002-0.0014-0.0011 Recall: 0.0213-0.035-0.0607-0.0914 NDCG: 0.0105-0.014-0.0192-0.0243 MRR: 0.0079-0.009-0.0099-0.0104
[Test]: Precision: 0.0025-0.002-0.0014-0.001 Recall: 0.0219-0.0362-0.0632-0.0907 NDCG: 0.0109-0.0145-0.02-0.0245 MRR: 0.0083-0.0093-0.0102-0.0107
------------------------------------------------------
------------------------------------------------------
Runing Epoch 709 valid loss 328.1099 costs 00: 00: 13
[Valid]: Precision: 0.0032-0.0028-0.002-0.0015 Recall: 0.0152-0.0283-0.0457-0.0668 NDCG: 0.0094-0.013-0.0171-0.0211 MRR: 0.0113-0.0129-0.014-0.0145
[Test]: Precision: 0.0031-0.0026-0.002-0.0015 Recall: 0.0158-0.0265-0.0493-0.0724 NDCG: 0.0095-0.0125-0.0177-0.0222 MRR: 0.0109-0.0123-0.0136-0.0143
------------------------------------------------------
ood testing
[Valid]: Precision: 0.0024-0.002-0.0014-0.0011 Recall: 0.0213-0.035-0.0608-0.0914 NDCG: 0.0105-0.014-0.0193-0.0243 MRR: 0.0079-0.009-0.0099-0.0104
[Test]: Precision: 0.0025-0.002-0.0014-0.001 Recall: 0.0219-0.0362-0.0632-0.0907 NDCG: 0.0109-0.0145-0.02-0.0245 MRR: 0.0083-0.0093-0.0102-0.0107
------------------------------------------------------
------------------------------------------------------
Runing Epoch 710 valid loss 328.1116 costs 00: 00: 12
[Valid]: Precision: 0.0032-0.0028-0.002-0.0015 Recall: 0.0152-0.0283-0.0457-0.0665 NDCG: 0.0094-0.013-0.017-0.0211 MRR: 0.0112-0.0128-0.0139-0.0144
[Test]: Precision: 0.0031-0.0026-0.002-0.0015 Recall: 0.0158-0.0265-0.0493-0.0724 NDCG: 0.0094-0.0125-0.0176-0.0221 MRR: 0.0108-0.0122-0.0135-0.0142
------------------------------------------------------
ood testing
[Valid]: Precision: 0.0024-0.002-0.0014-0.0011 Recall: 0.0213-0.035-0.0608-0.0914 NDCG: 0.0105-0.0141-0.0193-0.0244 MRR: 0.008-0.0091-0.01-0.0105
[Test]: Precision: 0.0025-0.002-0.0014-0.001 Recall: 0.0219-0.0362-0.0632-0.0908 NDCG: 0.0109-0.0145-0.02-0.0246 MRR: 0.0083-0.0093-0.0102-0.0107
------------------------------------------------------
------------------------------------------------------
Runing Epoch 711 valid loss 328.1108 costs 00: 00: 13
[Valid]: Precision: 0.0032-0.0028-0.002-0.0015 Recall: 0.0152-0.0283-0.0457-0.0666 NDCG: 0.0094-0.013-0.0171-0.0211 MRR: 0.0113-0.0129-0.014-0.0145
[Test]: Precision: 0.0031-0.0026-0.002-0.0015 Recall: 0.0158-0.0265-0.0493-0.0725 NDCG: 0.0095-0.0125-0.0177-0.0222 MRR: 0.0109-0.0123-0.0136-0.0143
------------------------------------------------------
ood testing
[Valid]: Precision: 0.0024-0.002-0.0014-0.0011 Recall: 0.0213-0.035-0.0608-0.0915 NDCG: 0.0105-0.014-0.0193-0.0244 MRR: 0.0079-0.009-0.0099-0.0104
[Test]: Precision: 0.0025-0.002-0.0014-0.001 Recall: 0.0219-0.0362-0.0632-0.0909 NDCG: 0.0109-0.0145-0.02-0.0246 MRR: 0.0083-0.0093-0.0102-0.0107
------------------------------------------------------
------------------------------------------------------
Runing Epoch 712 valid loss 328.1154 costs 00: 00: 13
[Valid]: Precision: 0.0032-0.0028-0.002-0.0015 Recall: 0.0152-0.0283-0.0459-0.0668 NDCG: 0.0094-0.013-0.0171-0.0211 MRR: 0.0113-0.0129-0.014-0.0145
[Test]: Precision: 0.0031-0.0026-0.002-0.0015 Recall: 0.0158-0.0265-0.0492-0.0724 NDCG: 0.0095-0.0125-0.0177-0.0222 MRR: 0.0109-0.0123-0.0136-0.0143
------------------------------------------------------
ood testing
[Valid]: Precision: 0.0024-0.002-0.0014-0.0011 Recall: 0.0213-0.035-0.0608-0.0914 NDCG: 0.0105-0.014-0.0192-0.0243 MRR: 0.0079-0.009-0.0099-0.0104
[Test]: Precision: 0.0025-0.002-0.0014-0.001 Recall: 0.0219-0.0362-0.0629-0.0907 NDCG: 0.0109-0.0145-0.0199-0.0245 MRR: 0.0083-0.0093-0.0102-0.0107
------------------------------------------------------
------------------------------------------------------
Runing Epoch 713 valid loss 328.1187 costs 00: 00: 12
[Valid]: Precision: 0.0032-0.0028-0.002-0.0015 Recall: 0.0152-0.0283-0.0459-0.0667 NDCG: 0.0094-0.013-0.0171-0.0211 MRR: 0.0113-0.0129-0.014-0.0145
[Test]: Precision: 0.0031-0.0026-0.002-0.0015 Recall: 0.0158-0.0265-0.0492-0.0724 NDCG: 0.0095-0.0125-0.0177-0.0222 MRR: 0.0109-0.0123-0.0136-0.0143
------------------------------------------------------
ood testing
[Valid]: Precision: 0.0024-0.002-0.0014-0.0011 Recall: 0.0213-0.035-0.0607-0.0914 NDCG: 0.0105-0.014-0.0192-0.0243 MRR: 0.0079-0.009-0.0099-0.0104
[Test]: Precision: 0.0025-0.002-0.0014-0.001 Recall: 0.0219-0.0362-0.0629-0.0907 NDCG: 0.0109-0.0145-0.0199-0.0245 MRR: 0.0083-0.0093-0.0102-0.0107
------------------------------------------------------
------------------------------------------------------
Runing Epoch 714 valid loss 328.1204 costs 00: 00: 13
[Valid]: Precision: 0.0032-0.0028-0.002-0.0015 Recall: 0.0152-0.0283-0.0459-0.0668 NDCG: 0.0094-0.013-0.0171-0.0211 MRR: 0.0113-0.0129-0.014-0.0145
[Test]: Precision: 0.0031-0.0026-0.002-0.0015 Recall: 0.0158-0.0265-0.0493-0.0724 NDCG: 0.0095-0.0125-0.0177-0.0222 MRR: 0.0109-0.0123-0.0136-0.0143
------------------------------------------------------
ood testing
[Valid]: Precision: 0.0024-0.002-0.0014-0.0011 Recall: 0.0213-0.035-0.0608-0.0914 NDCG: 0.0105-0.014-0.0192-0.0243 MRR: 0.0079-0.009-0.0099-0.0104
[Test]: Precision: 0.0025-0.002-0.0014-0.001 Recall: 0.0219-0.0362-0.0632-0.0908 NDCG: 0.0109-0.0145-0.02-0.0246 MRR: 0.0083-0.0093-0.0102-0.0107
------------------------------------------------------
------------------------------------------------------
Runing Epoch 715 valid loss 328.1129 costs 00: 00: 12
[Valid]: Precision: 0.0032-0.0028-0.002-0.0015 Recall: 0.0152-0.0283-0.0459-0.0668 NDCG: 0.0094-0.013-0.0171-0.0211 MRR: 0.0112-0.0128-0.0139-0.0144
[Test]: Precision: 0.0031-0.0026-0.002-0.0015 Recall: 0.0158-0.0265-0.0492-0.0724 NDCG: 0.0094-0.0125-0.0176-0.0221 MRR: 0.0108-0.0122-0.0135-0.0142
------------------------------------------------------
ood testing
[Valid]: Precision: 0.0024-0.002-0.0014-0.0011 Recall: 0.0213-0.035-0.0608-0.0914 NDCG: 0.0105-0.0141-0.0193-0.0244 MRR: 0.008-0.0091-0.01-0.0105
[Test]: Precision: 0.0025-0.002-0.0014-0.001 Recall: 0.0219-0.0362-0.0629-0.0909 NDCG: 0.0109-0.0145-0.0199-0.0246 MRR: 0.0083-0.0093-0.0102-0.0107
------------------------------------------------------
------------------------------------------------------
Runing Epoch 716 valid loss 328.1178 costs 00: 00: 13
[Valid]: Precision: 0.0032-0.0028-0.002-0.0015 Recall: 0.0152-0.0283-0.0457-0.0667 NDCG: 0.0094-0.013-0.017-0.0211 MRR: 0.0112-0.0128-0.0139-0.0144
[Test]: Precision: 0.0031-0.0026-0.002-0.0015 Recall: 0.0158-0.0265-0.0493-0.0724 NDCG: 0.0094-0.0125-0.0176-0.0221 MRR: 0.0108-0.0122-0.0135-0.0142
------------------------------------------------------
ood testing
[Valid]: Precision: 0.0024-0.002-0.0014-0.0011 Recall: 0.0213-0.035-0.0608-0.0914 NDCG: 0.0105-0.0141-0.0193-0.0244 MRR: 0.008-0.0091-0.01-0.0105
[Test]: Precision: 0.0025-0.002-0.0014-0.001 Recall: 0.0219-0.0362-0.0632-0.0907 NDCG: 0.0109-0.0145-0.02-0.0245 MRR: 0.0083-0.0093-0.0102-0.0107
------------------------------------------------------
------------------------------------------------------
Runing Epoch 717 valid loss 328.1178 costs 00: 00: 12
[Valid]: Precision: 0.0032-0.0028-0.002-0.0015 Recall: 0.0152-0.0283-0.0459-0.0665 NDCG: 0.0094-0.013-0.0171-0.0211 MRR: 0.0113-0.0129-0.014-0.0145
[Test]: Precision: 0.0031-0.0026-0.002-0.0015 Recall: 0.0158-0.0265-0.0493-0.0724 NDCG: 0.0095-0.0125-0.0177-0.0222 MRR: 0.0109-0.0123-0.0136-0.0143
------------------------------------------------------
ood testing
[Valid]: Precision: 0.0024-0.002-0.0014-0.0011 Recall: 0.0213-0.035-0.0607-0.0914 NDCG: 0.0105-0.014-0.0192-0.0244 MRR: 0.0079-0.009-0.0099-0.0104
[Test]: Precision: 0.0025-0.002-0.0014-0.001 Recall: 0.0219-0.0362-0.0632-0.0908 NDCG: 0.0109-0.0145-0.02-0.0246 MRR: 0.0083-0.0093-0.0102-0.0107
------------------------------------------------------
------------------------------------------------------
Runing Epoch 718 valid loss 328.1077 costs 00: 00: 13
[Valid]: Precision: 0.0032-0.0028-0.002-0.0015 Recall: 0.0152-0.0283-0.0459-0.0665 NDCG: 0.0094-0.013-0.0171-0.0211 MRR: 0.0112-0.0128-0.0139-0.0144
[Test]: Precision: 0.0031-0.0026-0.002-0.0015 Recall: 0.0158-0.0265-0.0493-0.0724 NDCG: 0.0094-0.0125-0.0176-0.0221 MRR: 0.0108-0.0122-0.0135-0.0142
------------------------------------------------------
ood testing
[Valid]: Precision: 0.0024-0.002-0.0014-0.0011 Recall: 0.0213-0.035-0.0607-0.0914 NDCG: 0.0105-0.0141-0.0193-0.0244 MRR: 0.008-0.0091-0.01-0.0105
[Test]: Precision: 0.0025-0.002-0.0014-0.001 Recall: 0.0219-0.0362-0.0632-0.0908 NDCG: 0.0109-0.0145-0.02-0.0246 MRR: 0.0083-0.0093-0.0102-0.0107
------------------------------------------------------
------------------------------------------------------
Runing Epoch 719 valid loss 328.1053 costs 00: 00: 12
[Valid]: Precision: 0.0032-0.0028-0.002-0.0015 Recall: 0.0152-0.0283-0.0459-0.0666 NDCG: 0.0094-0.013-0.0171-0.0211 MRR: 0.0112-0.0128-0.0139-0.0144
[Test]: Precision: 0.0031-0.0026-0.002-0.0015 Recall: 0.0158-0.0265-0.0492-0.0724 NDCG: 0.0094-0.0125-0.0176-0.0221 MRR: 0.0108-0.0122-0.0135-0.0142
------------------------------------------------------
ood testing
[Valid]: Precision: 0.0024-0.002-0.0014-0.0011 Recall: 0.0213-0.035-0.0607-0.0914 NDCG: 0.0105-0.0141-0.0193-0.0244 MRR: 0.008-0.0091-0.01-0.0105
[Test]: Precision: 0.0025-0.002-0.0014-0.001 Recall: 0.0219-0.0362-0.0629-0.0907 NDCG: 0.0109-0.0145-0.0199-0.0245 MRR: 0.0083-0.0093-0.0102-0.0107
------------------------------------------------------
------------------------------------------------------
Runing Epoch 720 valid loss 328.1141 costs 00: 00: 13
[Valid]: Precision: 0.0032-0.0028-0.002-0.0015 Recall: 0.0152-0.0283-0.0459-0.0667 NDCG: 0.0094-0.013-0.0171-0.0211 MRR: 0.0112-0.0128-0.0139-0.0144
[Test]: Precision: 0.0031-0.0026-0.002-0.0015 Recall: 0.0158-0.0265-0.0492-0.0725 NDCG: 0.0094-0.0125-0.0176-0.0222 MRR: 0.0108-0.0122-0.0135-0.0142
------------------------------------------------------
ood testing
[Valid]: Precision: 0.0024-0.002-0.0014-0.0011 Recall: 0.0213-0.035-0.0607-0.0914 NDCG: 0.0105-0.0141-0.0193-0.0244 MRR: 0.008-0.0091-0.01-0.0105
[Test]: Precision: 0.0025-0.002-0.0014-0.001 Recall: 0.0219-0.0362-0.0629-0.0907 NDCG: 0.0109-0.0145-0.0199-0.0245 MRR: 0.0083-0.0093-0.0102-0.0107
------------------------------------------------------
------------------------------------------------------
Runing Epoch 721 valid loss 328.1126 costs 00: 00: 13
[Valid]: Precision: 0.0032-0.0028-0.002-0.0015 Recall: 0.0152-0.0283-0.0457-0.0666 NDCG: 0.0094-0.013-0.017-0.0211 MRR: 0.0112-0.0128-0.0139-0.0144
[Test]: Precision: 0.0031-0.0026-0.002-0.0015 Recall: 0.0158-0.0265-0.0489-0.0724 NDCG: 0.0094-0.0125-0.0175-0.0221 MRR: 0.0108-0.0122-0.0135-0.0142
------------------------------------------------------
ood testing
[Valid]: Precision: 0.0024-0.002-0.0014-0.0011 Recall: 0.0213-0.035-0.0606-0.0914 NDCG: 0.0105-0.0141-0.0192-0.0244 MRR: 0.008-0.0091-0.01-0.0105
[Test]: Precision: 0.0025-0.002-0.0014-0.001 Recall: 0.0219-0.0362-0.0629-0.0908 NDCG: 0.0109-0.0145-0.0199-0.0246 MRR: 0.0083-0.0093-0.0102-0.0107
------------------------------------------------------
------------------------------------------------------
Runing Epoch 722 valid loss 328.1161 costs 00: 00: 12
[Valid]: Precision: 0.0032-0.0028-0.002-0.0015 Recall: 0.0152-0.0283-0.0459-0.0667 NDCG: 0.0094-0.013-0.0171-0.0211 MRR: 0.0112-0.0128-0.0139-0.0144
[Test]: Precision: 0.0031-0.0026-0.002-0.0015 Recall: 0.0158-0.0265-0.0492-0.0724 NDCG: 0.0094-0.0125-0.0176-0.0221 MRR: 0.0108-0.0122-0.0135-0.0142
------------------------------------------------------
ood testing
[Valid]: Precision: 0.0024-0.002-0.0014-0.0011 Recall: 0.0213-0.035-0.0608-0.0914 NDCG: 0.0105-0.0141-0.0193-0.0244 MRR: 0.008-0.0091-0.01-0.0105
[Test]: Precision: 0.0025-0.002-0.0014-0.001 Recall: 0.0219-0.0362-0.0629-0.0907 NDCG: 0.0109-0.0145-0.0199-0.0245 MRR: 0.0083-0.0093-0.0102-0.0107
------------------------------------------------------
------------------------------------------------------
Runing Epoch 723 valid loss 328.1109 costs 00: 00: 13
[Valid]: Precision: 0.0032-0.0028-0.002-0.0015 Recall: 0.0152-0.0283-0.0457-0.0667 NDCG: 0.0094-0.013-0.0171-0.0211 MRR: 0.0113-0.0129-0.014-0.0145
[Test]: Precision: 0.0031-0.0026-0.002-0.0015 Recall: 0.0158-0.0265-0.0488-0.0724 NDCG: 0.0095-0.0125-0.0176-0.0222 MRR: 0.0109-0.0123-0.0136-0.0143
------------------------------------------------------
ood testing
[Valid]: Precision: 0.0024-0.002-0.0014-0.0011 Recall: 0.0213-0.035-0.0606-0.0914 NDCG: 0.0105-0.014-0.0192-0.0243 MRR: 0.0079-0.009-0.0099-0.0104
[Test]: Precision: 0.0025-0.002-0.0014-0.001 Recall: 0.0219-0.0362-0.0629-0.0907 NDCG: 0.0109-0.0145-0.0199-0.0245 MRR: 0.0083-0.0093-0.0102-0.0107
------------------------------------------------------
------------------------------------------------------
Runing Epoch 724 valid loss 328.1123 costs 00: 00: 12
[Valid]: Precision: 0.0032-0.0028-0.002-0.0015 Recall: 0.0152-0.0283-0.0457-0.0667 NDCG: 0.0094-0.013-0.0171-0.0211 MRR: 0.0113-0.0129-0.014-0.0145
[Test]: Precision: 0.0031-0.0026-0.002-0.0015 Recall: 0.0158-0.0265-0.049-0.0724 NDCG: 0.0095-0.0125-0.0176-0.0222 MRR: 0.0109-0.0123-0.0136-0.0143
------------------------------------------------------
ood testing
[Valid]: Precision: 0.0024-0.002-0.0014-0.0011 Recall: 0.0213-0.035-0.0605-0.0914 NDCG: 0.0105-0.014-0.0192-0.0243 MRR: 0.0079-0.009-0.0099-0.0104
[Test]: Precision: 0.0025-0.002-0.0014-0.001 Recall: 0.0219-0.0362-0.063-0.0907 NDCG: 0.0109-0.0145-0.0199-0.0245 MRR: 0.0083-0.0093-0.0102-0.0107
------------------------------------------------------
------------------------------------------------------
Runing Epoch 725 valid loss 328.1212 costs 00: 00: 14
[Valid]: Precision: 0.0032-0.0028-0.002-0.0015 Recall: 0.0152-0.0283-0.046-0.0667 NDCG: 0.0094-0.013-0.0171-0.0211 MRR: 0.0113-0.0129-0.014-0.0145
[Test]: Precision: 0.0031-0.0026-0.002-0.0015 Recall: 0.0158-0.0265-0.0492-0.0724 NDCG: 0.0095-0.0125-0.0177-0.0222 MRR: 0.0109-0.0123-0.0136-0.0143
------------------------------------------------------
ood testing
[Valid]: Precision: 0.0024-0.002-0.0014-0.0011 Recall: 0.0213-0.035-0.0608-0.0914 NDCG: 0.0105-0.014-0.0193-0.0243 MRR: 0.0079-0.009-0.0099-0.0104
[Test]: Precision: 0.0025-0.002-0.0014-0.001 Recall: 0.0219-0.0362-0.063-0.0907 NDCG: 0.0109-0.0145-0.0199-0.0245 MRR: 0.0083-0.0093-0.0102-0.0107
------------------------------------------------------
------------------------------------------------------
Runing Epoch 726 valid loss 328.1192 costs 00: 00: 12
[Valid]: Precision: 0.0032-0.0028-0.002-0.0015 Recall: 0.0152-0.0283-0.046-0.0667 NDCG: 0.0094-0.013-0.0171-0.0211 MRR: 0.0113-0.0129-0.014-0.0145
[Test]: Precision: 0.0031-0.0026-0.002-0.0015 Recall: 0.0158-0.0265-0.0492-0.0724 NDCG: 0.0095-0.0125-0.0177-0.0222 MRR: 0.0109-0.0123-0.0136-0.0143
------------------------------------------------------
ood testing
[Valid]: Precision: 0.0024-0.002-0.0014-0.0011 Recall: 0.0213-0.035-0.0608-0.0914 NDCG: 0.0105-0.014-0.0192-0.0243 MRR: 0.0079-0.009-0.0099-0.0104
[Test]: Precision: 0.0025-0.002-0.0014-0.001 Recall: 0.0219-0.0362-0.063-0.0907 NDCG: 0.0109-0.0145-0.0199-0.0245 MRR: 0.0083-0.0093-0.0102-0.0107
------------------------------------------------------
------------------------------------------------------
Runing Epoch 727 valid loss 328.1196 costs 00: 00: 13
[Valid]: Precision: 0.0032-0.0028-0.002-0.0015 Recall: 0.0152-0.0283-0.0459-0.0667 NDCG: 0.0094-0.013-0.0171-0.0211 MRR: 0.0112-0.0128-0.0139-0.0144
[Test]: Precision: 0.0031-0.0026-0.002-0.0015 Recall: 0.0158-0.0265-0.0492-0.0723 NDCG: 0.0094-0.0125-0.0176-0.0221 MRR: 0.0108-0.0122-0.0135-0.0142
------------------------------------------------------
ood testing
[Valid]: Precision: 0.0024-0.002-0.0014-0.0011 Recall: 0.0213-0.035-0.0608-0.0914 NDCG: 0.0105-0.0141-0.0193-0.0244 MRR: 0.008-0.0091-0.01-0.0105
[Test]: Precision: 0.0025-0.002-0.0014-0.001 Recall: 0.0219-0.0362-0.0629-0.0908 NDCG: 0.0109-0.0145-0.0199-0.0246 MRR: 0.0083-0.0093-0.0102-0.0107
------------------------------------------------------
------------------------------------------------------
Runing Epoch 728 valid loss 328.1067 costs 00: 00: 13
[Valid]: Precision: 0.0032-0.0028-0.002-0.0015 Recall: 0.0152-0.0283-0.0457-0.0667 NDCG: 0.0094-0.013-0.0171-0.0211 MRR: 0.0112-0.0128-0.0139-0.0144
[Test]: Precision: 0.0031-0.0026-0.002-0.0015 Recall: 0.0158-0.0265-0.0489-0.0724 NDCG: 0.0094-0.0125-0.0176-0.0221 MRR: 0.0108-0.0122-0.0135-0.0142
------------------------------------------------------
ood testing
[Valid]: Precision: 0.0024-0.002-0.0014-0.0011 Recall: 0.0213-0.035-0.0606-0.0914 NDCG: 0.0105-0.0141-0.0193-0.0244 MRR: 0.008-0.0091-0.01-0.0105
[Test]: Precision: 0.0025-0.002-0.0014-0.001 Recall: 0.0219-0.0362-0.0629-0.0907 NDCG: 0.0109-0.0145-0.0199-0.0245 MRR: 0.0083-0.0093-0.0102-0.0107
------------------------------------------------------
------------------------------------------------------
Runing Epoch 729 valid loss 328.1132 costs 00: 00: 17
[Valid]: Precision: 0.0032-0.0028-0.002-0.0015 Recall: 0.0152-0.0283-0.0458-0.0667 NDCG: 0.0094-0.013-0.0171-0.0211 MRR: 0.0112-0.0128-0.0139-0.0144
[Test]: Precision: 0.0031-0.0026-0.002-0.0015 Recall: 0.0158-0.0265-0.0488-0.0724 NDCG: 0.0094-0.0125-0.0175-0.0221 MRR: 0.0108-0.0122-0.0135-0.0142
------------------------------------------------------
ood testing
[Valid]: Precision: 0.0024-0.002-0.0014-0.0011 Recall: 0.0213-0.035-0.0607-0.0914 NDCG: 0.0105-0.0141-0.0193-0.0244 MRR: 0.008-0.0091-0.01-0.0105
[Test]: Precision: 0.0025-0.002-0.0014-0.001 Recall: 0.0219-0.0362-0.0631-0.0907 NDCG: 0.0109-0.0145-0.0199-0.0245 MRR: 0.0083-0.0093-0.0102-0.0107
------------------------------------------------------
------------------------------------------------------
Runing Epoch 730 valid loss 328.1134 costs 00: 00: 12
[Valid]: Precision: 0.0032-0.0028-0.002-0.0015 Recall: 0.0152-0.0283-0.0457-0.0666 NDCG: 0.0094-0.013-0.0171-0.0211 MRR: 0.0112-0.0128-0.0139-0.0144
[Test]: Precision: 0.0031-0.0026-0.002-0.0015 Recall: 0.0158-0.0265-0.0487-0.0724 NDCG: 0.0094-0.0125-0.0175-0.0221 MRR: 0.0108-0.0122-0.0135-0.0142
------------------------------------------------------
ood testing
[Valid]: Precision: 0.0024-0.002-0.0014-0.0011 Recall: 0.0213-0.035-0.0606-0.0914 NDCG: 0.0105-0.0141-0.0192-0.0244 MRR: 0.008-0.0091-0.01-0.0105
[Test]: Precision: 0.0025-0.002-0.0014-0.001 Recall: 0.0219-0.0362-0.0629-0.0907 NDCG: 0.0109-0.0145-0.0199-0.0245 MRR: 0.0083-0.0093-0.0102-0.0107
------------------------------------------------------
------------------------------------------------------
Runing Epoch 731 valid loss 328.1212 costs 00: 00: 12
[Valid]: Precision: 0.0032-0.0028-0.002-0.0015 Recall: 0.0152-0.0283-0.0459-0.0667 NDCG: 0.0094-0.013-0.0171-0.0211 MRR: 0.0112-0.0128-0.0139-0.0144
[Test]: Precision: 0.0031-0.0026-0.002-0.0015 Recall: 0.0158-0.0265-0.049-0.0724 NDCG: 0.0094-0.0125-0.0176-0.0221 MRR: 0.0108-0.0122-0.0135-0.0142
------------------------------------------------------
ood testing
[Valid]: Precision: 0.0024-0.002-0.0014-0.0011 Recall: 0.0213-0.035-0.0608-0.0914 NDCG: 0.0105-0.0141-0.0193-0.0244 MRR: 0.008-0.0091-0.01-0.0105
[Test]: Precision: 0.0025-0.002-0.0014-0.001 Recall: 0.0219-0.0362-0.0629-0.0907 NDCG: 0.0109-0.0145-0.0199-0.0245 MRR: 0.0083-0.0093-0.0102-0.0107
------------------------------------------------------
------------------------------------------------------
Runing Epoch 732 valid loss 328.1136 costs 00: 00: 13
[Valid]: Precision: 0.0032-0.0028-0.002-0.0015 Recall: 0.0152-0.0283-0.0459-0.0666 NDCG: 0.0094-0.013-0.0171-0.0211 MRR: 0.0112-0.0128-0.0139-0.0144
[Test]: Precision: 0.0031-0.0026-0.002-0.0015 Recall: 0.0158-0.0265-0.049-0.0726 NDCG: 0.0094-0.0125-0.0176-0.0221 MRR: 0.0108-0.0122-0.0135-0.0142
------------------------------------------------------
ood testing
[Valid]: Precision: 0.0024-0.002-0.0014-0.0011 Recall: 0.0213-0.035-0.0607-0.0917 NDCG: 0.0105-0.0141-0.0193-0.0244 MRR: 0.008-0.0091-0.01-0.0105
[Test]: Precision: 0.0025-0.002-0.0014-0.001 Recall: 0.0219-0.0362-0.0629-0.0909 NDCG: 0.0109-0.0145-0.0199-0.0246 MRR: 0.0083-0.0093-0.0102-0.0107
------------------------------------------------------
------------------------------------------------------
Runing Epoch 733 valid loss 328.1106 costs 00: 00: 12
[Valid]: Precision: 0.0032-0.0028-0.002-0.0015 Recall: 0.0152-0.0283-0.0459-0.0666 NDCG: 0.0094-0.013-0.0171-0.0211 MRR: 0.0113-0.0129-0.014-0.0145
[Test]: Precision: 0.0031-0.0026-0.002-0.0015 Recall: 0.0158-0.0265-0.0492-0.0723 NDCG: 0.0095-0.0125-0.0177-0.0222 MRR: 0.0109-0.0123-0.0136-0.0143
------------------------------------------------------
ood testing
[Valid]: Precision: 0.0024-0.002-0.0014-0.0011 Recall: 0.0213-0.035-0.0607-0.0914 NDCG: 0.0105-0.014-0.0192-0.0244 MRR: 0.0079-0.009-0.0099-0.0104
[Test]: Precision: 0.0025-0.002-0.0014-0.001 Recall: 0.0219-0.0362-0.0629-0.0907 NDCG: 0.0109-0.0145-0.0199-0.0245 MRR: 0.0083-0.0093-0.0102-0.0107
------------------------------------------------------
------------------------------------------------------
Runing Epoch 734 valid loss 328.1106 costs 00: 00: 14
[Valid]: Precision: 0.0032-0.0028-0.002-0.0015 Recall: 0.0152-0.0283-0.0457-0.0665 NDCG: 0.0094-0.013-0.0171-0.0211 MRR: 0.0113-0.0129-0.014-0.0145
[Test]: Precision: 0.0031-0.0026-0.002-0.0015 Recall: 0.0158-0.0265-0.0489-0.0723 NDCG: 0.0095-0.0125-0.0176-0.0222 MRR: 0.0109-0.0123-0.0136-0.0143
------------------------------------------------------
ood testing
[Valid]: Precision: 0.0024-0.002-0.0014-0.0011 Recall: 0.0213-0.035-0.0606-0.0915 NDCG: 0.0105-0.014-0.0192-0.0244 MRR: 0.0079-0.009-0.0099-0.0104
[Test]: Precision: 0.0025-0.002-0.0014-0.001 Recall: 0.0219-0.0362-0.0629-0.0908 NDCG: 0.0109-0.0145-0.0199-0.0246 MRR: 0.0083-0.0093-0.0102-0.0107
------------------------------------------------------
------------------------------------------------------
Runing Epoch 735 valid loss 328.1183 costs 00: 00: 12
[Valid]: Precision: 0.0032-0.0028-0.002-0.0015 Recall: 0.0152-0.0283-0.0457-0.0666 NDCG: 0.0094-0.013-0.0171-0.0211 MRR: 0.0113-0.0129-0.014-0.0145
[Test]: Precision: 0.0031-0.0026-0.002-0.0015 Recall: 0.0158-0.0265-0.0489-0.0724 NDCG: 0.0095-0.0125-0.0176-0.0222 MRR: 0.0109-0.0123-0.0136-0.0143
------------------------------------------------------
ood testing
[Valid]: Precision: 0.0024-0.002-0.0014-0.0011 Recall: 0.0213-0.035-0.0606-0.0914 NDCG: 0.0105-0.014-0.0192-0.0243 MRR: 0.0079-0.009-0.0099-0.0104
[Test]: Precision: 0.0025-0.002-0.0014-0.001 Recall: 0.0219-0.0362-0.0629-0.0908 NDCG: 0.0109-0.0145-0.0199-0.0246 MRR: 0.0083-0.0093-0.0102-0.0107
------------------------------------------------------
------------------------------------------------------
Runing Epoch 736 valid loss 328.1147 costs 00: 00: 13
[Valid]: Precision: 0.0032-0.0028-0.002-0.0015 Recall: 0.0152-0.0283-0.0457-0.0666 NDCG: 0.0094-0.013-0.0171-0.0211 MRR: 0.0113-0.0129-0.014-0.0145
[Test]: Precision: 0.0031-0.0026-0.002-0.0015 Recall: 0.0158-0.0265-0.0489-0.0723 NDCG: 0.0095-0.0125-0.0176-0.0222 MRR: 0.0109-0.0123-0.0136-0.0143
------------------------------------------------------
ood testing
[Valid]: Precision: 0.0024-0.002-0.0014-0.0011 Recall: 0.0213-0.035-0.0606-0.0914 NDCG: 0.0105-0.014-0.0192-0.0243 MRR: 0.0079-0.009-0.0099-0.0104
[Test]: Precision: 0.0025-0.002-0.0014-0.001 Recall: 0.0219-0.0362-0.0629-0.0908 NDCG: 0.0109-0.0145-0.0199-0.0245 MRR: 0.0083-0.0093-0.0102-0.0107
------------------------------------------------------
------------------------------------------------------
Runing Epoch 737 valid loss 328.1166 costs 00: 00: 12
[Valid]: Precision: 0.0032-0.0028-0.002-0.0015 Recall: 0.0152-0.0283-0.0457-0.0663 NDCG: 0.0094-0.013-0.0171-0.021 MRR: 0.0113-0.0129-0.014-0.0145
[Test]: Precision: 0.0031-0.0026-0.002-0.0015 Recall: 0.0158-0.0265-0.0489-0.0726 NDCG: 0.0095-0.0125-0.0176-0.0222 MRR: 0.0109-0.0123-0.0136-0.0143
------------------------------------------------------
ood testing
[Valid]: Precision: 0.0024-0.002-0.0014-0.0011 Recall: 0.0213-0.035-0.0606-0.0915 NDCG: 0.0105-0.014-0.0192-0.0244 MRR: 0.0079-0.009-0.0099-0.0104
[Test]: Precision: 0.0025-0.002-0.0014-0.001 Recall: 0.0219-0.0362-0.0629-0.091 NDCG: 0.0109-0.0145-0.0199-0.0246 MRR: 0.0083-0.0093-0.0102-0.0107
------------------------------------------------------
------------------------------------------------------
Runing Epoch 738 valid loss 328.1149 costs 00: 00: 13
[Valid]: Precision: 0.0032-0.0028-0.002-0.0015 Recall: 0.0152-0.0283-0.0457-0.0666 NDCG: 0.0094-0.013-0.017-0.0211 MRR: 0.0112-0.0128-0.0139-0.0144
[Test]: Precision: 0.0031-0.0026-0.002-0.0015 Recall: 0.0158-0.0265-0.0489-0.0725 NDCG: 0.0094-0.0125-0.0176-0.0221 MRR: 0.0108-0.0122-0.0135-0.0142
------------------------------------------------------
ood testing
[Valid]: Precision: 0.0024-0.002-0.0014-0.0011 Recall: 0.0213-0.035-0.0606-0.0916 NDCG: 0.0105-0.0141-0.0193-0.0244 MRR: 0.008-0.0091-0.01-0.0105
[Test]: Precision: 0.0025-0.002-0.0014-0.001 Recall: 0.0219-0.0362-0.0629-0.0909 NDCG: 0.0109-0.0145-0.0199-0.0246 MRR: 0.0083-0.0093-0.0102-0.0107
------------------------------------------------------
------------------------------------------------------
Runing Epoch 739 valid loss 328.1088 costs 00: 00: 13
[Valid]: Precision: 0.0032-0.0028-0.002-0.0015 Recall: 0.0152-0.0283-0.0459-0.0666 NDCG: 0.0094-0.013-0.0171-0.0211 MRR: 0.0113-0.0129-0.014-0.0145
[Test]: Precision: 0.0031-0.0026-0.002-0.0015 Recall: 0.0158-0.0265-0.0492-0.0726 NDCG: 0.0095-0.0125-0.0177-0.0222 MRR: 0.0109-0.0123-0.0136-0.0143
------------------------------------------------------
ood testing
[Valid]: Precision: 0.0024-0.002-0.0014-0.0011 Recall: 0.0213-0.035-0.0607-0.0917 NDCG: 0.0105-0.014-0.0192-0.0244 MRR: 0.0079-0.009-0.0099-0.0104
[Test]: Precision: 0.0025-0.002-0.0014-0.001 Recall: 0.0219-0.0362-0.0629-0.0909 NDCG: 0.0109-0.0145-0.0199-0.0246 MRR: 0.0083-0.0093-0.0102-0.0107
------------------------------------------------------
------------------------------------------------------
Runing Epoch 740 valid loss 328.1172 costs 00: 00: 12
[Valid]: Precision: 0.0032-0.0028-0.002-0.0015 Recall: 0.0152-0.0283-0.0459-0.0666 NDCG: 0.0094-0.013-0.0171-0.0211 MRR: 0.0113-0.0129-0.014-0.0145
[Test]: Precision: 0.0031-0.0026-0.002-0.0015 Recall: 0.0158-0.0265-0.0492-0.0723 NDCG: 0.0095-0.0125-0.0177-0.0222 MRR: 0.0109-0.0123-0.0136-0.0143
------------------------------------------------------
ood testing
[Valid]: Precision: 0.0024-0.002-0.0014-0.0011 Recall: 0.0213-0.035-0.0607-0.0914 NDCG: 0.0105-0.014-0.0192-0.0243 MRR: 0.0079-0.009-0.0099-0.0104
[Test]: Precision: 0.0025-0.002-0.0014-0.001 Recall: 0.0219-0.0362-0.0629-0.0908 NDCG: 0.0109-0.0145-0.0199-0.0245 MRR: 0.0083-0.0093-0.0102-0.0107
------------------------------------------------------
------------------------------------------------------
Runing Epoch 741 valid loss 328.1183 costs 00: 00: 13
[Valid]: Precision: 0.0032-0.0028-0.002-0.0015 Recall: 0.0152-0.0283-0.0457-0.0667 NDCG: 0.0094-0.013-0.017-0.0211 MRR: 0.0112-0.0128-0.0139-0.0144
[Test]: Precision: 0.0031-0.0026-0.002-0.0015 Recall: 0.0158-0.0265-0.0489-0.0724 NDCG: 0.0094-0.0125-0.0176-0.0221 MRR: 0.0108-0.0122-0.0135-0.0142
------------------------------------------------------
ood testing
[Valid]: Precision: 0.0024-0.002-0.0014-0.0011 Recall: 0.0213-0.035-0.0606-0.0914 NDCG: 0.0105-0.0141-0.0192-0.0244 MRR: 0.008-0.0091-0.01-0.0105
[Test]: Precision: 0.0025-0.002-0.0014-0.001 Recall: 0.0219-0.0362-0.0629-0.0909 NDCG: 0.0109-0.0145-0.0199-0.0246 MRR: 0.0083-0.0093-0.0102-0.0107
------------------------------------------------------
------------------------------------------------------
Runing Epoch 742 valid loss 328.1075 costs 00: 00: 12
[Valid]: Precision: 0.0032-0.0028-0.002-0.0015 Recall: 0.0152-0.0283-0.0457-0.0666 NDCG: 0.0094-0.013-0.017-0.0211 MRR: 0.0112-0.0128-0.0139-0.0144
[Test]: Precision: 0.0031-0.0026-0.002-0.0015 Recall: 0.0158-0.0265-0.0489-0.0724 NDCG: 0.0094-0.0125-0.0176-0.0221 MRR: 0.0108-0.0122-0.0135-0.0142
------------------------------------------------------
ood testing
[Valid]: Precision: 0.0024-0.002-0.0014-0.0011 Recall: 0.0213-0.035-0.0606-0.0914 NDCG: 0.0105-0.0141-0.0192-0.0244 MRR: 0.008-0.0091-0.01-0.0105
[Test]: Precision: 0.0025-0.002-0.0014-0.001 Recall: 0.0219-0.0362-0.0629-0.0908 NDCG: 0.0109-0.0145-0.0199-0.0246 MRR: 0.0083-0.0093-0.0102-0.0107
------------------------------------------------------
------------------------------------------------------
Runing Epoch 743 valid loss 328.1176 costs 00: 00: 14
[Valid]: Precision: 0.0032-0.0028-0.002-0.0015 Recall: 0.0152-0.0283-0.0457-0.0665 NDCG: 0.0094-0.013-0.017-0.0211 MRR: 0.0112-0.0128-0.0139-0.0144
[Test]: Precision: 0.0031-0.0026-0.002-0.0015 Recall: 0.0158-0.0265-0.0487-0.0725 NDCG: 0.0094-0.0125-0.0175-0.0221 MRR: 0.0108-0.0122-0.0135-0.0142
------------------------------------------------------
ood testing
[Valid]: Precision: 0.0024-0.002-0.0014-0.0011 Recall: 0.0213-0.035-0.0606-0.0915 NDCG: 0.0105-0.0141-0.0192-0.0244 MRR: 0.008-0.0091-0.01-0.0105
[Test]: Precision: 0.0025-0.002-0.0014-0.001 Recall: 0.0219-0.0362-0.0629-0.0909 NDCG: 0.0109-0.0145-0.0199-0.0246 MRR: 0.0083-0.0093-0.0102-0.0107
------------------------------------------------------
------------------------------------------------------
Runing Epoch 744 valid loss 328.1162 costs 00: 00: 12
[Valid]: Precision: 0.0032-0.0028-0.002-0.0015 Recall: 0.0152-0.0283-0.0457-0.0667 NDCG: 0.0094-0.013-0.0171-0.0211 MRR: 0.0113-0.0129-0.014-0.0145
[Test]: Precision: 0.0031-0.0026-0.002-0.0015 Recall: 0.0158-0.0265-0.0489-0.0724 NDCG: 0.0095-0.0125-0.0176-0.0222 MRR: 0.0109-0.0123-0.0136-0.0143
------------------------------------------------------
ood testing
[Valid]: Precision: 0.0024-0.002-0.0014-0.0011 Recall: 0.0213-0.035-0.0606-0.0914 NDCG: 0.0105-0.014-0.0192-0.0244 MRR: 0.0079-0.009-0.0099-0.0104
[Test]: Precision: 0.0025-0.002-0.0014-0.001 Recall: 0.0219-0.0362-0.0629-0.0907 NDCG: 0.0109-0.0145-0.0199-0.0245 MRR: 0.0083-0.0093-0.0102-0.0107
------------------------------------------------------
------------------------------------------------------
Runing Epoch 745 valid loss 328.1128 costs 00: 00: 13
[Valid]: Precision: 0.0032-0.0028-0.002-0.0015 Recall: 0.0152-0.0283-0.0457-0.0666 NDCG: 0.0094-0.013-0.0171-0.0211 MRR: 0.0113-0.0129-0.014-0.0145
[Test]: Precision: 0.0031-0.0026-0.002-0.0015 Recall: 0.0158-0.0265-0.0489-0.0724 NDCG: 0.0095-0.0125-0.0176-0.0222 MRR: 0.0109-0.0123-0.0136-0.0143
------------------------------------------------------
ood testing
[Valid]: Precision: 0.0024-0.002-0.0014-0.0011 Recall: 0.0213-0.035-0.0606-0.0915 NDCG: 0.0105-0.014-0.0192-0.0244 MRR: 0.0079-0.009-0.0099-0.0104
[Test]: Precision: 0.0025-0.002-0.0014-0.001 Recall: 0.0219-0.0362-0.0629-0.0911 NDCG: 0.0109-0.0145-0.0199-0.0246 MRR: 0.0083-0.0093-0.0102-0.0107
------------------------------------------------------
------------------------------------------------------
Runing Epoch 746 valid loss 328.1168 costs 00: 00: 13
[Valid]: Precision: 0.0032-0.0028-0.002-0.0015 Recall: 0.0152-0.0283-0.0457-0.0668 NDCG: 0.0094-0.013-0.0171-0.0211 MRR: 0.0113-0.0129-0.014-0.0145
[Test]: Precision: 0.0031-0.0026-0.002-0.0015 Recall: 0.0158-0.0265-0.0489-0.0723 NDCG: 0.0095-0.0125-0.0176-0.0222 MRR: 0.0109-0.0123-0.0136-0.0143
------------------------------------------------------
ood testing
[Valid]: Precision: 0.0024-0.002-0.0014-0.0011 Recall: 0.0213-0.035-0.0606-0.0915 NDCG: 0.0105-0.014-0.0192-0.0244 MRR: 0.0079-0.009-0.0099-0.0104
[Test]: Precision: 0.0025-0.002-0.0014-0.001 Recall: 0.0219-0.0362-0.0629-0.0911 NDCG: 0.0109-0.0145-0.0199-0.0246 MRR: 0.0083-0.0093-0.0102-0.0107
------------------------------------------------------
------------------------------------------------------
Runing Epoch 747 valid loss 328.1189 costs 00: 00: 13
[Valid]: Precision: 0.0032-0.0028-0.002-0.0015 Recall: 0.0152-0.0283-0.0458-0.0667 NDCG: 0.0094-0.013-0.0171-0.0211 MRR: 0.0113-0.0129-0.014-0.0145
[Test]: Precision: 0.0031-0.0026-0.002-0.0015 Recall: 0.0158-0.0265-0.0488-0.0724 NDCG: 0.0095-0.0125-0.0176-0.0222 MRR: 0.0109-0.0123-0.0136-0.0143
------------------------------------------------------
ood testing
[Valid]: Precision: 0.0024-0.002-0.0014-0.0011 Recall: 0.0213-0.035-0.0604-0.0914 NDCG: 0.0105-0.014-0.0192-0.0243 MRR: 0.0079-0.009-0.0099-0.0104
[Test]: Precision: 0.0025-0.002-0.0014-0.001 Recall: 0.0219-0.0362-0.0631-0.0908 NDCG: 0.0109-0.0145-0.0199-0.0246 MRR: 0.0083-0.0093-0.0102-0.0107
------------------------------------------------------
------------------------------------------------------
Runing Epoch 748 valid loss 328.1102 costs 00: 00: 13
[Valid]: Precision: 0.0032-0.0028-0.002-0.0015 Recall: 0.0152-0.0283-0.0458-0.0665 NDCG: 0.0094-0.013-0.0171-0.0211 MRR: 0.0112-0.0128-0.0139-0.0144
[Test]: Precision: 0.0031-0.0026-0.002-0.0015 Recall: 0.0158-0.0265-0.049-0.0725 NDCG: 0.0094-0.0125-0.0176-0.0222 MRR: 0.0108-0.0122-0.0135-0.0142
------------------------------------------------------
ood testing
[Valid]: Precision: 0.0024-0.002-0.0014-0.0011 Recall: 0.0213-0.035-0.0605-0.0914 NDCG: 0.0105-0.0141-0.0192-0.0244 MRR: 0.008-0.0091-0.01-0.0105
[Test]: Precision: 0.0025-0.002-0.0014-0.001 Recall: 0.0219-0.0362-0.0631-0.0908 NDCG: 0.0109-0.0145-0.0199-0.0246 MRR: 0.0083-0.0093-0.0102-0.0107
------------------------------------------------------
------------------------------------------------------
Runing Epoch 749 valid loss 328.1145 costs 00: 00: 12
[Valid]: Precision: 0.0032-0.0028-0.002-0.0015 Recall: 0.0152-0.0283-0.0457-0.0665 NDCG: 0.0094-0.013-0.0171-0.0211 MRR: 0.0113-0.0129-0.014-0.0145
[Test]: Precision: 0.0031-0.0026-0.002-0.0015 Recall: 0.0158-0.0265-0.049-0.0725 NDCG: 0.0095-0.0125-0.0176-0.0222 MRR: 0.0109-0.0123-0.0136-0.0143
------------------------------------------------------
ood testing
[Valid]: Precision: 0.0024-0.002-0.0014-0.0011 Recall: 0.0213-0.035-0.0605-0.0914 NDCG: 0.0105-0.014-0.0192-0.0244 MRR: 0.0079-0.009-0.0099-0.0104
[Test]: Precision: 0.0025-0.002-0.0014-0.001 Recall: 0.0219-0.0362-0.0631-0.0908 NDCG: 0.0109-0.0145-0.0199-0.0246 MRR: 0.0083-0.0093-0.0102-0.0107
------------------------------------------------------
------------------------------------------------------
Runing Epoch 750 valid loss 328.1137 costs 00: 00: 13
[Valid]: Precision: 0.0032-0.0028-0.002-0.0015 Recall: 0.0152-0.0283-0.0457-0.0666 NDCG: 0.0094-0.013-0.0171-0.0211 MRR: 0.0113-0.0129-0.014-0.0145
[Test]: Precision: 0.0031-0.0026-0.002-0.0015 Recall: 0.0158-0.0265-0.0489-0.0725 NDCG: 0.0095-0.0125-0.0176-0.0222 MRR: 0.0109-0.0123-0.0136-0.0143
------------------------------------------------------
ood testing
[Valid]: Precision: 0.0024-0.002-0.0014-0.0011 Recall: 0.0213-0.035-0.0606-0.0914 NDCG: 0.0105-0.014-0.0192-0.0244 MRR: 0.0079-0.009-0.0099-0.0104
[Test]: Precision: 0.0025-0.002-0.0014-0.001 Recall: 0.0219-0.0362-0.0629-0.0908 NDCG: 0.0109-0.0145-0.0199-0.0246 MRR: 0.0083-0.0093-0.0102-0.0107
------------------------------------------------------
------------------------------------------------------
Runing Epoch 751 valid loss 328.1179 costs 00: 00: 12
[Valid]: Precision: 0.0032-0.0028-0.002-0.0015 Recall: 0.0152-0.0283-0.0458-0.0666 NDCG: 0.0094-0.013-0.0171-0.0211 MRR: 0.0113-0.0129-0.014-0.0145
[Test]: Precision: 0.0031-0.0026-0.002-0.0015 Recall: 0.0158-0.0265-0.049-0.0723 NDCG: 0.0095-0.0125-0.0176-0.0222 MRR: 0.0109-0.0123-0.0136-0.0143
------------------------------------------------------
ood testing
[Valid]: Precision: 0.0024-0.002-0.0014-0.0011 Recall: 0.0213-0.035-0.0605-0.0915 NDCG: 0.0105-0.014-0.0192-0.0244 MRR: 0.0079-0.009-0.0099-0.0104
[Test]: Precision: 0.0025-0.002-0.0014-0.001 Recall: 0.0219-0.0362-0.0631-0.0912 NDCG: 0.0109-0.0145-0.0199-0.0246 MRR: 0.0083-0.0093-0.0102-0.0107
------------------------------------------------------
------------------------------------------------------
Runing Epoch 752 valid loss 328.1119 costs 00: 00: 14
[Valid]: Precision: 0.0032-0.0028-0.002-0.0015 Recall: 0.0152-0.0283-0.0458-0.0666 NDCG: 0.0094-0.013-0.0171-0.0211 MRR: 0.0112-0.0128-0.0139-0.0144
[Test]: Precision: 0.0031-0.0026-0.002-0.0015 Recall: 0.0158-0.0265-0.049-0.0723 NDCG: 0.0094-0.0125-0.0176-0.0221 MRR: 0.0108-0.0122-0.0135-0.0142
------------------------------------------------------
ood testing
[Valid]: Precision: 0.0024-0.002-0.0014-0.0011 Recall: 0.0213-0.035-0.0605-0.0915 NDCG: 0.0105-0.0141-0.0192-0.0244 MRR: 0.008-0.0091-0.01-0.0105
[Test]: Precision: 0.0025-0.002-0.0014-0.001 Recall: 0.0219-0.0362-0.0631-0.0912 NDCG: 0.0109-0.0145-0.0199-0.0246 MRR: 0.0083-0.0093-0.0102-0.0107
------------------------------------------------------
------------------------------------------------------
Runing Epoch 753 valid loss 328.1176 costs 00: 00: 12
[Valid]: Precision: 0.0032-0.0028-0.002-0.0015 Recall: 0.0152-0.0283-0.0457-0.0666 NDCG: 0.0094-0.013-0.0171-0.0211 MRR: 0.0113-0.0129-0.014-0.0145
[Test]: Precision: 0.0031-0.0026-0.002-0.0015 Recall: 0.0158-0.0265-0.0493-0.0723 NDCG: 0.0095-0.0125-0.0177-0.0222 MRR: 0.0109-0.0123-0.0136-0.0143
------------------------------------------------------
ood testing
[Valid]: Precision: 0.0024-0.002-0.0014-0.0011 Recall: 0.0213-0.035-0.0608-0.0915 NDCG: 0.0105-0.014-0.0192-0.0244 MRR: 0.0079-0.009-0.0099-0.0104
[Test]: Precision: 0.0025-0.002-0.0014-0.001 Recall: 0.0219-0.0362-0.0632-0.0912 NDCG: 0.0109-0.0145-0.02-0.0246 MRR: 0.0083-0.0093-0.0102-0.0107
------------------------------------------------------
------------------------------------------------------
Runing Epoch 754 valid loss 328.1247 costs 00: 00: 13
[Valid]: Precision: 0.0032-0.0028-0.002-0.0015 Recall: 0.0152-0.0283-0.0459-0.0666 NDCG: 0.0094-0.013-0.0171-0.0211 MRR: 0.0113-0.0129-0.014-0.0145
[Test]: Precision: 0.0031-0.0026-0.002-0.0015 Recall: 0.0158-0.0265-0.049-0.0724 NDCG: 0.0095-0.0125-0.0176-0.0222 MRR: 0.0109-0.0123-0.0136-0.0143
------------------------------------------------------
ood testing
[Valid]: Precision: 0.0024-0.002-0.0014-0.0011 Recall: 0.0213-0.035-0.0606-0.0915 NDCG: 0.0105-0.014-0.0192-0.0244 MRR: 0.0079-0.009-0.0099-0.0104
[Test]: Precision: 0.0025-0.002-0.0014-0.001 Recall: 0.0219-0.0362-0.0632-0.0911 NDCG: 0.0109-0.0145-0.02-0.0246 MRR: 0.0083-0.0093-0.0102-0.0107
------------------------------------------------------
------------------------------------------------------
Runing Epoch 755 valid loss 328.1144 costs 00: 00: 13
[Valid]: Precision: 0.0032-0.0028-0.002-0.0015 Recall: 0.0152-0.0283-0.0459-0.0667 NDCG: 0.0094-0.013-0.0171-0.0211 MRR: 0.0113-0.0129-0.014-0.0145
[Test]: Precision: 0.0031-0.0026-0.002-0.0015 Recall: 0.0158-0.0265-0.0492-0.0723 NDCG: 0.0095-0.0125-0.0177-0.0222 MRR: 0.0109-0.0123-0.0136-0.0143
------------------------------------------------------
ood testing
[Valid]: Precision: 0.0024-0.002-0.0014-0.0011 Recall: 0.0213-0.035-0.0608-0.0916 NDCG: 0.0105-0.014-0.0192-0.0244 MRR: 0.0079-0.009-0.0099-0.0104
[Test]: Precision: 0.0025-0.002-0.0014-0.001 Recall: 0.0219-0.0362-0.0629-0.0908 NDCG: 0.0109-0.0145-0.0199-0.0246 MRR: 0.0083-0.0093-0.0102-0.0107
------------------------------------------------------
------------------------------------------------------
Runing Epoch 756 valid loss 328.1123 costs 00: 00: 13
[Valid]: Precision: 0.0032-0.0028-0.002-0.0015 Recall: 0.0152-0.0283-0.046-0.0665 NDCG: 0.0094-0.013-0.0171-0.0211 MRR: 0.0113-0.0129-0.014-0.0145
[Test]: Precision: 0.0031-0.0026-0.002-0.0015 Recall: 0.0158-0.0265-0.0492-0.0723 NDCG: 0.0095-0.0125-0.0177-0.0222 MRR: 0.0109-0.0123-0.0136-0.0143
------------------------------------------------------
ood testing
[Valid]: Precision: 0.0024-0.002-0.0014-0.0011 Recall: 0.0213-0.035-0.0608-0.0916 NDCG: 0.0105-0.014-0.0193-0.0244 MRR: 0.0079-0.009-0.0099-0.0104
[Test]: Precision: 0.0025-0.002-0.0014-0.001 Recall: 0.0219-0.0362-0.0631-0.091 NDCG: 0.0109-0.0145-0.0199-0.0246 MRR: 0.0083-0.0093-0.0102-0.0107
------------------------------------------------------
------------------------------------------------------
Runing Epoch 757 valid loss 328.1137 costs 00: 00: 13
[Valid]: Precision: 0.0032-0.0028-0.002-0.0015 Recall: 0.0152-0.0283-0.046-0.0664 NDCG: 0.0094-0.013-0.0171-0.0211 MRR: 0.0113-0.0129-0.014-0.0145
[Test]: Precision: 0.0031-0.0026-0.002-0.0015 Recall: 0.0158-0.0265-0.0493-0.0724 NDCG: 0.0095-0.0125-0.0177-0.0222 MRR: 0.0109-0.0123-0.0136-0.0143
------------------------------------------------------
ood testing
[Valid]: Precision: 0.0024-0.002-0.0014-0.0011 Recall: 0.0213-0.035-0.0608-0.0915 NDCG: 0.0105-0.014-0.0193-0.0244 MRR: 0.0079-0.009-0.0099-0.0104
[Test]: Precision: 0.0025-0.002-0.0014-0.001 Recall: 0.0219-0.0362-0.0634-0.091 NDCG: 0.0109-0.0145-0.02-0.0246 MRR: 0.0083-0.0093-0.0102-0.0107
------------------------------------------------------
------------------------------------------------------
Runing Epoch 758 valid loss 328.1206 costs 00: 00: 12
[Valid]: Precision: 0.0032-0.0028-0.002-0.0015 Recall: 0.0152-0.0283-0.046-0.0666 NDCG: 0.0094-0.013-0.0171-0.0211 MRR: 0.0113-0.0129-0.014-0.0145
[Test]: Precision: 0.0031-0.0026-0.002-0.0015 Recall: 0.0158-0.0265-0.0492-0.0723 NDCG: 0.0095-0.0125-0.0177-0.0222 MRR: 0.0109-0.0123-0.0136-0.0143
------------------------------------------------------
ood testing
[Valid]: Precision: 0.0024-0.002-0.0014-0.0011 Recall: 0.0213-0.035-0.0608-0.0916 NDCG: 0.0105-0.014-0.0193-0.0244 MRR: 0.0079-0.009-0.0099-0.0104
[Test]: Precision: 0.0025-0.002-0.0014-0.001 Recall: 0.0219-0.0362-0.0631-0.0912 NDCG: 0.0109-0.0145-0.0199-0.0246 MRR: 0.0083-0.0093-0.0102-0.0107
------------------------------------------------------
------------------------------------------------------
Runing Epoch 759 valid loss 328.1123 costs 00: 00: 13
[Valid]: Precision: 0.0032-0.0028-0.002-0.0015 Recall: 0.0152-0.0283-0.046-0.0664 NDCG: 0.0094-0.013-0.0171-0.0211 MRR: 0.0113-0.0129-0.014-0.0145
[Test]: Precision: 0.0031-0.0026-0.002-0.0015 Recall: 0.0158-0.0265-0.0492-0.0725 NDCG: 0.0095-0.0125-0.0177-0.0222 MRR: 0.0109-0.0123-0.0136-0.0143
------------------------------------------------------
ood testing
[Valid]: Precision: 0.0024-0.002-0.0014-0.0011 Recall: 0.0213-0.035-0.0608-0.0916 NDCG: 0.0105-0.014-0.0193-0.0244 MRR: 0.0079-0.009-0.0099-0.0104
[Test]: Precision: 0.0025-0.002-0.0014-0.001 Recall: 0.0219-0.0362-0.063-0.0911 NDCG: 0.0109-0.0145-0.0199-0.0246 MRR: 0.0083-0.0093-0.0102-0.0107
------------------------------------------------------
------------------------------------------------------
Runing Epoch 760 valid loss 328.1162 costs 00: 00: 12
[Valid]: Precision: 0.0032-0.0028-0.002-0.0015 Recall: 0.0152-0.0283-0.046-0.0666 NDCG: 0.0094-0.013-0.0171-0.0211 MRR: 0.0113-0.0129-0.014-0.0145
[Test]: Precision: 0.0031-0.0026-0.002-0.0015 Recall: 0.0158-0.0265-0.0492-0.0723 NDCG: 0.0095-0.0125-0.0177-0.0222 MRR: 0.0109-0.0123-0.0136-0.0143
------------------------------------------------------
ood testing
[Valid]: Precision: 0.0024-0.002-0.0014-0.0011 Recall: 0.0213-0.035-0.0609-0.0916 NDCG: 0.0105-0.014-0.0193-0.0244 MRR: 0.0079-0.009-0.0099-0.0104
[Test]: Precision: 0.0025-0.002-0.0014-0.001 Recall: 0.0219-0.0362-0.0631-0.0912 NDCG: 0.0109-0.0145-0.0199-0.0246 MRR: 0.0083-0.0093-0.0102-0.0107
------------------------------------------------------
------------------------------------------------------
Runing Epoch 761 valid loss 328.1148 costs 00: 00: 14
[Valid]: Precision: 0.0032-0.0028-0.002-0.0015 Recall: 0.0152-0.0283-0.046-0.0666 NDCG: 0.0094-0.013-0.0171-0.0211 MRR: 0.0113-0.0129-0.014-0.0145
[Test]: Precision: 0.0031-0.0026-0.002-0.0015 Recall: 0.0158-0.0265-0.0492-0.0723 NDCG: 0.0095-0.0125-0.0177-0.0222 MRR: 0.0109-0.0123-0.0136-0.0143
------------------------------------------------------
ood testing
[Valid]: Precision: 0.0024-0.002-0.0014-0.0011 Recall: 0.0213-0.035-0.0609-0.0915 NDCG: 0.0105-0.014-0.0193-0.0244 MRR: 0.0079-0.009-0.0099-0.0104
[Test]: Precision: 0.0025-0.002-0.0014-0.001 Recall: 0.0219-0.0362-0.063-0.0912 NDCG: 0.0109-0.0145-0.0199-0.0246 MRR: 0.0083-0.0093-0.0102-0.0107
------------------------------------------------------
------------------------------------------------------
Runing Epoch 762 valid loss 328.1156 costs 00: 00: 12
[Valid]: Precision: 0.0032-0.0028-0.002-0.0015 Recall: 0.0152-0.0283-0.0457-0.0667 NDCG: 0.0094-0.013-0.0171-0.0211 MRR: 0.0113-0.0129-0.014-0.0145
[Test]: Precision: 0.0031-0.0026-0.002-0.0015 Recall: 0.0158-0.0265-0.0489-0.0723 NDCG: 0.0095-0.0125-0.0176-0.0221 MRR: 0.0109-0.0123-0.0136-0.0143
------------------------------------------------------
ood testing
[Valid]: Precision: 0.0024-0.002-0.0014-0.0011 Recall: 0.0213-0.035-0.0606-0.0915 NDCG: 0.0105-0.014-0.0192-0.0244 MRR: 0.0079-0.009-0.0099-0.0104
[Test]: Precision: 0.0025-0.002-0.0014-0.001 Recall: 0.0219-0.0362-0.0629-0.0911 NDCG: 0.0109-0.0145-0.0199-0.0246 MRR: 0.0083-0.0093-0.0102-0.0107
------------------------------------------------------
------------------------------------------------------
Runing Epoch 763 valid loss 328.1111 costs 00: 00: 13
[Valid]: Precision: 0.0032-0.0028-0.002-0.0015 Recall: 0.0152-0.0283-0.0458-0.0666 NDCG: 0.0094-0.013-0.0171-0.0211 MRR: 0.0112-0.0128-0.0139-0.0144
[Test]: Precision: 0.0031-0.0026-0.002-0.0015 Recall: 0.0158-0.0265-0.0488-0.0724 NDCG: 0.0094-0.0125-0.0175-0.0221 MRR: 0.0108-0.0122-0.0135-0.0142
------------------------------------------------------
ood testing
[Valid]: Precision: 0.0024-0.002-0.0014-0.0011 Recall: 0.0213-0.035-0.0607-0.0915 NDCG: 0.0105-0.0141-0.0193-0.0244 MRR: 0.008-0.0091-0.01-0.0105
[Test]: Precision: 0.0025-0.002-0.0014-0.001 Recall: 0.0219-0.0362-0.0631-0.0912 NDCG: 0.0109-0.0145-0.0199-0.0246 MRR: 0.0083-0.0093-0.0102-0.0107
------------------------------------------------------
------------------------------------------------------
Runing Epoch 764 valid loss 328.1197 costs 00: 00: 12
[Valid]: Precision: 0.0032-0.0028-0.002-0.0015 Recall: 0.0152-0.0283-0.046-0.0666 NDCG: 0.0094-0.013-0.0171-0.0211 MRR: 0.0112-0.0128-0.0139-0.0144
[Test]: Precision: 0.0031-0.0026-0.002-0.0015 Recall: 0.0158-0.0265-0.0492-0.0723 NDCG: 0.0094-0.0125-0.0176-0.0221 MRR: 0.0108-0.0122-0.0135-0.0142
------------------------------------------------------
ood testing
[Valid]: Precision: 0.0024-0.002-0.0014-0.0011 Recall: 0.0213-0.035-0.0609-0.0915 NDCG: 0.0105-0.0141-0.0193-0.0244 MRR: 0.008-0.0091-0.01-0.0105
[Test]: Precision: 0.0025-0.002-0.0014-0.001 Recall: 0.0219-0.0362-0.0631-0.0912 NDCG: 0.0109-0.0145-0.0199-0.0246 MRR: 0.0083-0.0093-0.0102-0.0107
------------------------------------------------------
------------------------------------------------------
Runing Epoch 765 valid loss 328.1148 costs 00: 00: 13
[Valid]: Precision: 0.0032-0.0028-0.002-0.0015 Recall: 0.0152-0.0283-0.046-0.0666 NDCG: 0.0094-0.013-0.0171-0.0211 MRR: 0.0112-0.0128-0.0139-0.0144
[Test]: Precision: 0.0031-0.0026-0.002-0.0015 Recall: 0.0158-0.0265-0.0493-0.0724 NDCG: 0.0094-0.0125-0.0176-0.0221 MRR: 0.0108-0.0122-0.0135-0.0142
------------------------------------------------------
ood testing
[Valid]: Precision: 0.0024-0.002-0.0014-0.0011 Recall: 0.0213-0.035-0.0608-0.0914 NDCG: 0.0105-0.0141-0.0193-0.0244 MRR: 0.008-0.0091-0.01-0.0105
[Test]: Precision: 0.0025-0.002-0.0014-0.001 Recall: 0.0219-0.0362-0.0634-0.0911 NDCG: 0.0109-0.0145-0.02-0.0246 MRR: 0.0083-0.0093-0.0102-0.0107
------------------------------------------------------
------------------------------------------------------
Runing Epoch 766 valid loss 328.1132 costs 00: 00: 13
[Valid]: Precision: 0.0032-0.0028-0.002-0.0015 Recall: 0.0152-0.0283-0.046-0.0667 NDCG: 0.0094-0.013-0.0171-0.0211 MRR: 0.0112-0.0128-0.0139-0.0144
[Test]: Precision: 0.0031-0.0026-0.002-0.0015 Recall: 0.0158-0.0265-0.0493-0.0724 NDCG: 0.0094-0.0125-0.0176-0.0221 MRR: 0.0108-0.0122-0.0135-0.0142
------------------------------------------------------
ood testing
[Valid]: Precision: 0.0024-0.002-0.0014-0.0011 Recall: 0.0213-0.035-0.0608-0.0914 NDCG: 0.0105-0.0141-0.0193-0.0244 MRR: 0.008-0.0091-0.01-0.0105
[Test]: Precision: 0.0025-0.002-0.0014-0.001 Recall: 0.0219-0.0362-0.0633-0.0911 NDCG: 0.0109-0.0145-0.02-0.0246 MRR: 0.0083-0.0093-0.0102-0.0107
------------------------------------------------------
------------------------------------------------------
Runing Epoch 767 valid loss 328.1164 costs 00: 00: 12
[Valid]: Precision: 0.0032-0.0028-0.002-0.0015 Recall: 0.0152-0.0283-0.046-0.0667 NDCG: 0.0094-0.013-0.0171-0.0211 MRR: 0.0112-0.0128-0.0139-0.0144
[Test]: Precision: 0.0031-0.0026-0.002-0.0015 Recall: 0.0158-0.0265-0.0493-0.0724 NDCG: 0.0094-0.0125-0.0176-0.0221 MRR: 0.0108-0.0122-0.0135-0.0142
------------------------------------------------------
ood testing
[Valid]: Precision: 0.0024-0.002-0.0014-0.0011 Recall: 0.0213-0.035-0.0608-0.0914 NDCG: 0.0105-0.0141-0.0193-0.0244 MRR: 0.008-0.0091-0.01-0.0105
[Test]: Precision: 0.0025-0.002-0.0014-0.001 Recall: 0.0219-0.0362-0.0634-0.0911 NDCG: 0.0109-0.0145-0.02-0.0246 MRR: 0.0083-0.0093-0.0102-0.0107
------------------------------------------------------
------------------------------------------------------
Runing Epoch 768 valid loss 328.1103 costs 00: 00: 13
[Valid]: Precision: 0.0032-0.0028-0.002-0.0015 Recall: 0.0152-0.0283-0.0459-0.0667 NDCG: 0.0094-0.013-0.0171-0.0211 MRR: 0.0112-0.0128-0.0139-0.0144
[Test]: Precision: 0.0031-0.0026-0.002-0.0015 Recall: 0.0158-0.0265-0.0492-0.0724 NDCG: 0.0094-0.0125-0.0176-0.0221 MRR: 0.0108-0.0122-0.0135-0.0142
------------------------------------------------------
ood testing
[Valid]: Precision: 0.0024-0.002-0.0014-0.0011 Recall: 0.0213-0.035-0.0607-0.0914 NDCG: 0.0105-0.0141-0.0193-0.0244 MRR: 0.008-0.0091-0.01-0.0105
[Test]: Precision: 0.0025-0.002-0.0014-0.001 Recall: 0.0219-0.0362-0.0629-0.0911 NDCG: 0.0109-0.0145-0.0199-0.0246 MRR: 0.0083-0.0093-0.0102-0.0107
------------------------------------------------------
------------------------------------------------------
Runing Epoch 769 valid loss 328.1136 costs 00: 00: 12
[Valid]: Precision: 0.0032-0.0028-0.002-0.0015 Recall: 0.0152-0.0283-0.0457-0.0668 NDCG: 0.0094-0.013-0.017-0.0211 MRR: 0.0112-0.0128-0.0139-0.0144
[Test]: Precision: 0.0031-0.0026-0.002-0.0015 Recall: 0.0158-0.0265-0.0493-0.0724 NDCG: 0.0094-0.0125-0.0176-0.0221 MRR: 0.0108-0.0122-0.0135-0.0142
------------------------------------------------------
ood testing
[Valid]: Precision: 0.0024-0.002-0.0014-0.0011 Recall: 0.0213-0.035-0.0608-0.0914 NDCG: 0.0105-0.0141-0.0193-0.0244 MRR: 0.008-0.0091-0.01-0.0105
[Test]: Precision: 0.0025-0.002-0.0014-0.001 Recall: 0.0219-0.0362-0.0632-0.091 NDCG: 0.0109-0.0145-0.02-0.0246 MRR: 0.0083-0.0093-0.0102-0.0107
------------------------------------------------------
------------------------------------------------------
Runing Epoch 770 valid loss 328.1153 costs 00: 00: 13
[Valid]: Precision: 0.0032-0.0028-0.002-0.0015 Recall: 0.0152-0.0283-0.0459-0.0667 NDCG: 0.0094-0.013-0.0171-0.0211 MRR: 0.0112-0.0128-0.0139-0.0144
[Test]: Precision: 0.0031-0.0026-0.002-0.0015 Recall: 0.0158-0.0265-0.0492-0.0725 NDCG: 0.0094-0.0125-0.0176-0.0222 MRR: 0.0108-0.0122-0.0135-0.0142
------------------------------------------------------
ood testing
[Valid]: Precision: 0.0024-0.002-0.0014-0.0011 Recall: 0.0213-0.035-0.0607-0.0914 NDCG: 0.0105-0.0141-0.0193-0.0244 MRR: 0.008-0.0091-0.01-0.0105
[Test]: Precision: 0.0025-0.002-0.0014-0.001 Recall: 0.0219-0.0362-0.0629-0.0911 NDCG: 0.0109-0.0145-0.0199-0.0246 MRR: 0.0083-0.0093-0.0102-0.0107
------------------------------------------------------
------------------------------------------------------
Runing Epoch 771 valid loss 328.1131 costs 00: 00: 12
[Valid]: Precision: 0.0032-0.0028-0.002-0.0015 Recall: 0.0152-0.0283-0.0459-0.0667 NDCG: 0.0094-0.013-0.0171-0.0211 MRR: 0.0112-0.0128-0.0139-0.0144
[Test]: Precision: 0.0031-0.0026-0.002-0.0015 Recall: 0.0158-0.0265-0.0492-0.0725 NDCG: 0.0094-0.0125-0.0176-0.0222 MRR: 0.0108-0.0122-0.0135-0.0142
------------------------------------------------------
ood testing
[Valid]: Precision: 0.0024-0.002-0.0014-0.0011 Recall: 0.0213-0.035-0.0607-0.0914 NDCG: 0.0105-0.0141-0.0193-0.0244 MRR: 0.008-0.0091-0.01-0.0105
[Test]: Precision: 0.0025-0.002-0.0014-0.001 Recall: 0.0219-0.0362-0.0629-0.0911 NDCG: 0.0109-0.0145-0.0199-0.0246 MRR: 0.0083-0.0093-0.0102-0.0107
------------------------------------------------------
------------------------------------------------------
Runing Epoch 772 valid loss 328.1146 costs 00: 00: 14
[Valid]: Precision: 0.0032-0.0028-0.002-0.0015 Recall: 0.0152-0.0283-0.0459-0.0666 NDCG: 0.0094-0.013-0.0171-0.0211 MRR: 0.0112-0.0128-0.0139-0.0144
[Test]: Precision: 0.0031-0.0026-0.002-0.0015 Recall: 0.0158-0.0265-0.0493-0.0725 NDCG: 0.0094-0.0125-0.0176-0.0222 MRR: 0.0108-0.0122-0.0135-0.0142
------------------------------------------------------
ood testing
[Valid]: Precision: 0.0024-0.002-0.0014-0.0011 Recall: 0.0213-0.035-0.0607-0.0914 NDCG: 0.0105-0.0141-0.0193-0.0244 MRR: 0.008-0.0091-0.01-0.0105
[Test]: Precision: 0.0025-0.002-0.0014-0.001 Recall: 0.0219-0.0362-0.0632-0.0911 NDCG: 0.0109-0.0145-0.02-0.0246 MRR: 0.0083-0.0093-0.0102-0.0107
------------------------------------------------------
------------------------------------------------------
Runing Epoch 773 valid loss 328.1167 costs 00: 00: 12
[Valid]: Precision: 0.0032-0.0028-0.002-0.0015 Recall: 0.0152-0.0283-0.0459-0.0666 NDCG: 0.0094-0.013-0.0171-0.0211 MRR: 0.0112-0.0128-0.0139-0.0144
[Test]: Precision: 0.0031-0.0026-0.002-0.0015 Recall: 0.0158-0.0265-0.0493-0.0724 NDCG: 0.0094-0.0125-0.0177-0.0221 MRR: 0.0108-0.0122-0.0135-0.0142
------------------------------------------------------
ood testing
[Valid]: Precision: 0.0024-0.002-0.0014-0.0011 Recall: 0.0213-0.035-0.0607-0.0914 NDCG: 0.0105-0.0141-0.0193-0.0244 MRR: 0.008-0.0091-0.01-0.0105
[Test]: Precision: 0.0025-0.002-0.0014-0.001 Recall: 0.0219-0.0362-0.0632-0.0911 NDCG: 0.0109-0.0145-0.02-0.0246 MRR: 0.0083-0.0093-0.0102-0.0107
------------------------------------------------------
------------------------------------------------------
Runing Epoch 774 valid loss 328.1221 costs 00: 00: 13
[Valid]: Precision: 0.0032-0.0028-0.002-0.0015 Recall: 0.0152-0.0283-0.0459-0.0666 NDCG: 0.0094-0.013-0.0171-0.0211 MRR: 0.0112-0.0128-0.0139-0.0144
[Test]: Precision: 0.0031-0.0026-0.002-0.0015 Recall: 0.0158-0.0265-0.0493-0.0724 NDCG: 0.0094-0.0125-0.0177-0.0221 MRR: 0.0108-0.0122-0.0135-0.0142
------------------------------------------------------
ood testing
[Valid]: Precision: 0.0024-0.002-0.0014-0.0011 Recall: 0.0213-0.035-0.0607-0.0914 NDCG: 0.0105-0.0141-0.0193-0.0244 MRR: 0.008-0.0091-0.01-0.0105
[Test]: Precision: 0.0025-0.002-0.0014-0.001 Recall: 0.0219-0.0362-0.0632-0.0911 NDCG: 0.0109-0.0145-0.02-0.0246 MRR: 0.0083-0.0093-0.0102-0.0107
------------------------------------------------------
------------------------------------------------------
Runing Epoch 775 valid loss 328.1103 costs 00: 00: 13
[Valid]: Precision: 0.0032-0.0028-0.002-0.0015 Recall: 0.0152-0.0283-0.0459-0.0668 NDCG: 0.0094-0.013-0.0171-0.0211 MRR: 0.0112-0.0128-0.0139-0.0144
[Test]: Precision: 0.0031-0.0026-0.002-0.0015 Recall: 0.0158-0.0265-0.0492-0.0724 NDCG: 0.0094-0.0125-0.0176-0.0221 MRR: 0.0108-0.0122-0.0135-0.0142
------------------------------------------------------
ood testing
[Valid]: Precision: 0.0024-0.002-0.0014-0.0011 Recall: 0.0213-0.035-0.0607-0.0914 NDCG: 0.0105-0.0141-0.0193-0.0244 MRR: 0.008-0.0091-0.01-0.0105
[Test]: Precision: 0.0025-0.002-0.0014-0.001 Recall: 0.0219-0.0362-0.0629-0.091 NDCG: 0.0109-0.0145-0.0199-0.0246 MRR: 0.0083-0.0093-0.0102-0.0107
------------------------------------------------------
------------------------------------------------------
Runing Epoch 776 valid loss 328.1032 costs 00: 00: 12
[Valid]: Precision: 0.0032-0.0028-0.002-0.0015 Recall: 0.0152-0.0283-0.0459-0.0666 NDCG: 0.0094-0.013-0.0171-0.0211 MRR: 0.0112-0.0128-0.0139-0.0144
[Test]: Precision: 0.0031-0.0026-0.002-0.0015 Recall: 0.0158-0.0265-0.0492-0.0723 NDCG: 0.0094-0.0125-0.0176-0.0221 MRR: 0.0108-0.0122-0.0135-0.0142
------------------------------------------------------
ood testing
[Valid]: Precision: 0.0024-0.002-0.0014-0.0011 Recall: 0.0213-0.035-0.0607-0.0915 NDCG: 0.0105-0.0141-0.0193-0.0244 MRR: 0.008-0.0091-0.01-0.0105
[Test]: Precision: 0.0025-0.002-0.0014-0.001 Recall: 0.0219-0.0362-0.0629-0.0912 NDCG: 0.0109-0.0145-0.0199-0.0246 MRR: 0.0083-0.0093-0.0102-0.0107
------------------------------------------------------
------------------------------------------------------
Runing Epoch 777 valid loss 328.1161 costs 00: 00: 13
[Valid]: Precision: 0.0032-0.0028-0.002-0.0015 Recall: 0.0152-0.0283-0.0459-0.0666 NDCG: 0.0094-0.013-0.0171-0.0211 MRR: 0.0112-0.0128-0.0139-0.0144
[Test]: Precision: 0.0031-0.0026-0.002-0.0015 Recall: 0.0158-0.0265-0.0492-0.0723 NDCG: 0.0094-0.0125-0.0176-0.0221 MRR: 0.0108-0.0122-0.0135-0.0142
------------------------------------------------------
ood testing
[Valid]: Precision: 0.0024-0.002-0.0014-0.0011 Recall: 0.0213-0.035-0.0607-0.0915 NDCG: 0.0105-0.0141-0.0193-0.0244 MRR: 0.008-0.0091-0.01-0.0105
[Test]: Precision: 0.0025-0.002-0.0014-0.001 Recall: 0.0219-0.0362-0.0629-0.0912 NDCG: 0.0109-0.0145-0.0199-0.0246 MRR: 0.0083-0.0093-0.0102-0.0107
------------------------------------------------------
------------------------------------------------------
Runing Epoch 778 valid loss 328.1179 costs 00: 00: 12
[Valid]: Precision: 0.0032-0.0028-0.002-0.0015 Recall: 0.0152-0.0283-0.0459-0.0666 NDCG: 0.0094-0.013-0.0171-0.0211 MRR: 0.0112-0.0128-0.0139-0.0144
[Test]: Precision: 0.0031-0.0026-0.002-0.0015 Recall: 0.0158-0.0265-0.0492-0.0723 NDCG: 0.0094-0.0125-0.0176-0.0221 MRR: 0.0108-0.0122-0.0135-0.0142
------------------------------------------------------
ood testing
[Valid]: Precision: 0.0024-0.002-0.0014-0.0011 Recall: 0.0213-0.035-0.0607-0.0915 NDCG: 0.0105-0.0141-0.0193-0.0244 MRR: 0.008-0.0091-0.01-0.0105
[Test]: Precision: 0.0025-0.002-0.0014-0.001 Recall: 0.0219-0.0362-0.0629-0.0913 NDCG: 0.0109-0.0145-0.0199-0.0246 MRR: 0.0083-0.0093-0.0102-0.0107
------------------------------------------------------
------------------------------------------------------
Runing Epoch 779 valid loss 328.1102 costs 00: 00: 13
[Valid]: Precision: 0.0032-0.0028-0.002-0.0015 Recall: 0.0152-0.0283-0.0457-0.0667 NDCG: 0.0094-0.013-0.0171-0.0211 MRR: 0.0113-0.0129-0.014-0.0145
[Test]: Precision: 0.0031-0.0026-0.002-0.0015 Recall: 0.0158-0.0265-0.0489-0.0725 NDCG: 0.0095-0.0125-0.0176-0.0222 MRR: 0.0109-0.0123-0.0136-0.0143
------------------------------------------------------
ood testing
[Valid]: Precision: 0.0024-0.002-0.0014-0.0011 Recall: 0.0213-0.035-0.0606-0.0914 NDCG: 0.0105-0.014-0.0192-0.0243 MRR: 0.0079-0.009-0.0099-0.0104
[Test]: Precision: 0.0025-0.002-0.0014-0.001 Recall: 0.0219-0.0362-0.0629-0.0911 NDCG: 0.0109-0.0145-0.0199-0.0246 MRR: 0.0083-0.0093-0.0102-0.0107
------------------------------------------------------
------------------------------------------------------
Runing Epoch 780 valid loss 328.1109 costs 00: 00: 12
[Valid]: Precision: 0.0032-0.0028-0.002-0.0015 Recall: 0.0152-0.0283-0.0457-0.0666 NDCG: 0.0094-0.013-0.0171-0.0211 MRR: 0.0113-0.0129-0.014-0.0145
[Test]: Precision: 0.0031-0.0026-0.002-0.0015 Recall: 0.0158-0.0265-0.0489-0.0723 NDCG: 0.0095-0.0125-0.0176-0.0222 MRR: 0.0109-0.0123-0.0136-0.0143
------------------------------------------------------
ood testing
[Valid]: Precision: 0.0024-0.002-0.0014-0.0011 Recall: 0.0213-0.035-0.0606-0.0915 NDCG: 0.0105-0.014-0.0192-0.0244 MRR: 0.0079-0.009-0.0099-0.0104
[Test]: Precision: 0.0025-0.002-0.0014-0.001 Recall: 0.0219-0.0362-0.0629-0.0912 NDCG: 0.0109-0.0145-0.0199-0.0246 MRR: 0.0083-0.0093-0.0102-0.0107
------------------------------------------------------
------------------------------------------------------
Runing Epoch 781 valid loss 328.1231 costs 00: 00: 13
[Valid]: Precision: 0.0032-0.0028-0.002-0.0015 Recall: 0.0152-0.0283-0.0457-0.0668 NDCG: 0.0094-0.013-0.0171-0.0211 MRR: 0.0112-0.0128-0.0139-0.0144
[Test]: Precision: 0.0031-0.0026-0.002-0.0015 Recall: 0.0158-0.0265-0.0489-0.0723 NDCG: 0.0094-0.0125-0.0176-0.0221 MRR: 0.0108-0.0122-0.0135-0.0142
------------------------------------------------------
ood testing
[Valid]: Precision: 0.0024-0.002-0.0014-0.0011 Recall: 0.0213-0.035-0.0606-0.0915 NDCG: 0.0105-0.0141-0.0192-0.0244 MRR: 0.008-0.0091-0.01-0.0105
[Test]: Precision: 0.0025-0.002-0.0014-0.001 Recall: 0.0219-0.0362-0.0629-0.0911 NDCG: 0.0109-0.0145-0.0199-0.0246 MRR: 0.0083-0.0093-0.0102-0.0107
------------------------------------------------------
------------------------------------------------------
Runing Epoch 782 valid loss 328.1178 costs 00: 00: 12
[Valid]: Precision: 0.0032-0.0028-0.002-0.0015 Recall: 0.0152-0.0283-0.0459-0.0666 NDCG: 0.0094-0.013-0.0171-0.0211 MRR: 0.0112-0.0128-0.0139-0.0144
[Test]: Precision: 0.0031-0.0026-0.002-0.0015 Recall: 0.0158-0.0265-0.0492-0.0723 NDCG: 0.0094-0.0125-0.0176-0.0221 MRR: 0.0108-0.0122-0.0135-0.0142
------------------------------------------------------
ood testing
[Valid]: Precision: 0.0024-0.002-0.0014-0.0011 Recall: 0.0213-0.035-0.0607-0.0915 NDCG: 0.0105-0.0141-0.0193-0.0244 MRR: 0.008-0.0091-0.01-0.0105
[Test]: Precision: 0.0025-0.002-0.0014-0.001 Recall: 0.0219-0.0362-0.0629-0.0913 NDCG: 0.0109-0.0145-0.0199-0.0246 MRR: 0.0083-0.0093-0.0102-0.0107
------------------------------------------------------
------------------------------------------------------
Runing Epoch 783 valid loss 328.1026 costs 00: 00: 13
[Valid]: Precision: 0.0032-0.0028-0.002-0.0015 Recall: 0.0152-0.0283-0.0459-0.0666 NDCG: 0.0094-0.013-0.0171-0.0211 MRR: 0.0112-0.0128-0.0139-0.0144
[Test]: Precision: 0.0031-0.0026-0.002-0.0015 Recall: 0.0158-0.0265-0.0492-0.0724 NDCG: 0.0094-0.0125-0.0176-0.0221 MRR: 0.0108-0.0122-0.0135-0.0142
------------------------------------------------------
ood testing
[Valid]: Precision: 0.0024-0.002-0.0014-0.0011 Recall: 0.0213-0.035-0.0607-0.0915 NDCG: 0.0105-0.0141-0.0193-0.0244 MRR: 0.008-0.0091-0.01-0.0105
[Test]: Precision: 0.0025-0.002-0.0014-0.001 Recall: 0.0219-0.0362-0.0629-0.0911 NDCG: 0.0109-0.0145-0.0199-0.0246 MRR: 0.0083-0.0093-0.0102-0.0107
------------------------------------------------------
------------------------------------------------------
Runing Epoch 784 valid loss 328.1090 costs 00: 00: 13
[Valid]: Precision: 0.0032-0.0028-0.002-0.0015 Recall: 0.0152-0.0283-0.0459-0.0666 NDCG: 0.0094-0.013-0.0171-0.0211 MRR: 0.0112-0.0128-0.0139-0.0144
[Test]: Precision: 0.0031-0.0026-0.002-0.0015 Recall: 0.0158-0.0265-0.0492-0.0723 NDCG: 0.0094-0.0125-0.0176-0.0221 MRR: 0.0108-0.0122-0.0135-0.0142
------------------------------------------------------
ood testing
[Valid]: Precision: 0.0024-0.002-0.0014-0.0011 Recall: 0.0213-0.035-0.0607-0.0915 NDCG: 0.0105-0.0141-0.0193-0.0244 MRR: 0.008-0.0091-0.01-0.0105
[Test]: Precision: 0.0025-0.002-0.0014-0.001 Recall: 0.0219-0.0362-0.0629-0.0912 NDCG: 0.0109-0.0145-0.0199-0.0246 MRR: 0.0083-0.0093-0.0102-0.0107
------------------------------------------------------
------------------------------------------------------
Runing Epoch 785 valid loss 328.1142 costs 00: 00: 12
[Valid]: Precision: 0.0032-0.0028-0.002-0.0015 Recall: 0.0152-0.0283-0.0459-0.0668 NDCG: 0.0094-0.013-0.0171-0.0211 MRR: 0.0113-0.0129-0.014-0.0145
[Test]: Precision: 0.0031-0.0026-0.002-0.0015 Recall: 0.0158-0.0265-0.0492-0.0723 NDCG: 0.0095-0.0125-0.0177-0.0222 MRR: 0.0109-0.0123-0.0136-0.0143
------------------------------------------------------
ood testing
[Valid]: Precision: 0.0024-0.002-0.0014-0.0011 Recall: 0.0213-0.035-0.0608-0.0916 NDCG: 0.0105-0.014-0.0192-0.0244 MRR: 0.0079-0.009-0.0099-0.0104
[Test]: Precision: 0.0025-0.002-0.0014-0.001 Recall: 0.0219-0.0362-0.0629-0.0911 NDCG: 0.0109-0.0145-0.0199-0.0246 MRR: 0.0083-0.0093-0.0102-0.0107
------------------------------------------------------
------------------------------------------------------
Runing Epoch 786 valid loss 328.1174 costs 00: 00: 13
[Valid]: Precision: 0.0032-0.0028-0.002-0.0015 Recall: 0.0152-0.0283-0.0459-0.0666 NDCG: 0.0094-0.013-0.0171-0.0211 MRR: 0.0113-0.0129-0.014-0.0145
[Test]: Precision: 0.0031-0.0026-0.002-0.0015 Recall: 0.0158-0.0265-0.0492-0.0723 NDCG: 0.0095-0.0125-0.0177-0.0222 MRR: 0.0109-0.0123-0.0136-0.0143
------------------------------------------------------
ood testing
[Valid]: Precision: 0.0024-0.002-0.0014-0.0011 Recall: 0.0213-0.035-0.0607-0.0915 NDCG: 0.0105-0.014-0.0192-0.0244 MRR: 0.0079-0.009-0.0099-0.0104
[Test]: Precision: 0.0025-0.002-0.0014-0.001 Recall: 0.0219-0.0362-0.0629-0.0912 NDCG: 0.0109-0.0145-0.0199-0.0246 MRR: 0.0083-0.0093-0.0102-0.0107
------------------------------------------------------
------------------------------------------------------
Runing Epoch 787 valid loss 328.1124 costs 00: 00: 12
[Valid]: Precision: 0.0032-0.0028-0.002-0.0015 Recall: 0.0152-0.0283-0.0459-0.0666 NDCG: 0.0094-0.013-0.0171-0.0211 MRR: 0.0113-0.0129-0.014-0.0145
[Test]: Precision: 0.0031-0.0026-0.002-0.0015 Recall: 0.0158-0.0265-0.0492-0.0723 NDCG: 0.0095-0.0125-0.0177-0.0222 MRR: 0.0109-0.0123-0.0136-0.0143
------------------------------------------------------
ood testing
[Valid]: Precision: 0.0024-0.002-0.0014-0.0011 Recall: 0.0213-0.035-0.0607-0.0915 NDCG: 0.0105-0.014-0.0192-0.0244 MRR: 0.0079-0.009-0.0099-0.0104
[Test]: Precision: 0.0025-0.002-0.0014-0.001 Recall: 0.0219-0.0362-0.0629-0.0912 NDCG: 0.0109-0.0145-0.0199-0.0246 MRR: 0.0083-0.0093-0.0102-0.0107
------------------------------------------------------
------------------------------------------------------
Runing Epoch 788 valid loss 328.1090 costs 00: 00: 13
[Valid]: Precision: 0.0032-0.0028-0.002-0.0015 Recall: 0.0152-0.0283-0.0459-0.0666 NDCG: 0.0094-0.013-0.0171-0.0211 MRR: 0.0113-0.0129-0.014-0.0145
[Test]: Precision: 0.0031-0.0026-0.002-0.0015 Recall: 0.0158-0.0265-0.0492-0.0723 NDCG: 0.0095-0.0125-0.0177-0.0222 MRR: 0.0109-0.0123-0.0136-0.0143
------------------------------------------------------
ood testing
[Valid]: Precision: 0.0024-0.002-0.0014-0.0011 Recall: 0.0213-0.035-0.0608-0.0915 NDCG: 0.0105-0.014-0.0192-0.0244 MRR: 0.0079-0.009-0.0099-0.0104
[Test]: Precision: 0.0025-0.002-0.0014-0.001 Recall: 0.0219-0.0362-0.0629-0.0912 NDCG: 0.0109-0.0145-0.0199-0.0246 MRR: 0.0083-0.0093-0.0102-0.0107
------------------------------------------------------
------------------------------------------------------
Runing Epoch 789 valid loss 328.1138 costs 00: 00: 12
[Valid]: Precision: 0.0032-0.0028-0.002-0.0015 Recall: 0.0152-0.0283-0.0457-0.0666 NDCG: 0.0094-0.013-0.0171-0.0211 MRR: 0.0113-0.0129-0.014-0.0145
[Test]: Precision: 0.0031-0.0026-0.002-0.0015 Recall: 0.0158-0.0265-0.0489-0.0724 NDCG: 0.0095-0.0125-0.0176-0.0222 MRR: 0.0109-0.0123-0.0136-0.0143
------------------------------------------------------
ood testing
[Valid]: Precision: 0.0024-0.002-0.0014-0.0011 Recall: 0.0213-0.035-0.0606-0.0915 NDCG: 0.0105-0.014-0.0192-0.0244 MRR: 0.0079-0.009-0.0099-0.0104
[Test]: Precision: 0.0025-0.002-0.0014-0.001 Recall: 0.0219-0.0362-0.0629-0.0912 NDCG: 0.0109-0.0145-0.0199-0.0246 MRR: 0.0083-0.0093-0.0102-0.0107
------------------------------------------------------
------------------------------------------------------
Runing Epoch 790 valid loss 328.1224 costs 00: 00: 13
[Valid]: Precision: 0.0032-0.0028-0.002-0.0015 Recall: 0.0152-0.0283-0.0459-0.0665 NDCG: 0.0094-0.013-0.0171-0.0211 MRR: 0.0113-0.0129-0.014-0.0145
[Test]: Precision: 0.0031-0.0026-0.002-0.0015 Recall: 0.0158-0.0265-0.0492-0.0724 NDCG: 0.0095-0.0125-0.0177-0.0222 MRR: 0.0109-0.0123-0.0136-0.0143
------------------------------------------------------
ood testing
[Valid]: Precision: 0.0024-0.002-0.0014-0.0011 Recall: 0.0213-0.035-0.0608-0.0915 NDCG: 0.0105-0.014-0.0192-0.0244 MRR: 0.0079-0.009-0.0099-0.0104
[Test]: Precision: 0.0025-0.002-0.0014-0.001 Recall: 0.0219-0.0362-0.0629-0.091 NDCG: 0.0109-0.0145-0.0199-0.0246 MRR: 0.0083-0.0093-0.0102-0.0107
------------------------------------------------------
------------------------------------------------------
Runing Epoch 791 valid loss 328.1076 costs 00: 00: 12
[Valid]: Precision: 0.0032-0.0028-0.002-0.0015 Recall: 0.0152-0.0283-0.0459-0.0665 NDCG: 0.0094-0.013-0.0171-0.0211 MRR: 0.0113-0.0129-0.014-0.0145
[Test]: Precision: 0.0031-0.0026-0.002-0.0015 Recall: 0.0158-0.0265-0.0492-0.0724 NDCG: 0.0095-0.0125-0.0177-0.0222 MRR: 0.0109-0.0123-0.0136-0.0143
------------------------------------------------------
ood testing
[Valid]: Precision: 0.0024-0.002-0.0014-0.0011 Recall: 0.0213-0.035-0.0608-0.0916 NDCG: 0.0105-0.014-0.0192-0.0244 MRR: 0.0079-0.009-0.0099-0.0104
[Test]: Precision: 0.0025-0.002-0.0014-0.001 Recall: 0.0219-0.0362-0.0629-0.091 NDCG: 0.0109-0.0145-0.0199-0.0246 MRR: 0.0083-0.0093-0.0102-0.0107
------------------------------------------------------
------------------------------------------------------
Runing Epoch 792 valid loss 328.1066 costs 00: 00: 13
[Valid]: Precision: 0.0032-0.0028-0.002-0.0015 Recall: 0.0152-0.0283-0.0457-0.0665 NDCG: 0.0094-0.013-0.0171-0.0211 MRR: 0.0113-0.0129-0.014-0.0145
[Test]: Precision: 0.0031-0.0026-0.002-0.0015 Recall: 0.0158-0.0265-0.0489-0.0724 NDCG: 0.0095-0.0125-0.0176-0.0222 MRR: 0.0109-0.0123-0.0136-0.0143
------------------------------------------------------
ood testing
[Valid]: Precision: 0.0024-0.002-0.0014-0.0011 Recall: 0.0213-0.035-0.0606-0.0916 NDCG: 0.0105-0.014-0.0192-0.0244 MRR: 0.0079-0.009-0.0099-0.0104
[Test]: Precision: 0.0025-0.002-0.0014-0.001 Recall: 0.0219-0.0362-0.0629-0.091 NDCG: 0.0109-0.0145-0.0199-0.0246 MRR: 0.0083-0.0093-0.0102-0.0107
------------------------------------------------------
------------------------------------------------------
Runing Epoch 793 valid loss 328.1198 costs 00: 00: 13
[Valid]: Precision: 0.0032-0.0028-0.002-0.0015 Recall: 0.0152-0.0283-0.0459-0.0665 NDCG: 0.0094-0.013-0.0171-0.0211 MRR: 0.0113-0.0129-0.014-0.0145
[Test]: Precision: 0.0031-0.0026-0.002-0.0015 Recall: 0.0158-0.0265-0.049-0.0724 NDCG: 0.0095-0.0125-0.0176-0.0222 MRR: 0.0109-0.0123-0.0136-0.0143
------------------------------------------------------
ood testing
[Valid]: Precision: 0.0024-0.002-0.0014-0.0011 Recall: 0.0213-0.035-0.0608-0.0915 NDCG: 0.0105-0.014-0.0192-0.0244 MRR: 0.0079-0.009-0.0099-0.0104
[Test]: Precision: 0.0025-0.002-0.0014-0.001 Recall: 0.0219-0.0362-0.0629-0.091 NDCG: 0.0109-0.0145-0.0199-0.0246 MRR: 0.0083-0.0093-0.0102-0.0107
------------------------------------------------------
------------------------------------------------------
Runing Epoch 794 valid loss 328.1130 costs 00: 00: 12
[Valid]: Precision: 0.0032-0.0028-0.002-0.0015 Recall: 0.0152-0.0283-0.0459-0.0666 NDCG: 0.0094-0.013-0.0171-0.0211 MRR: 0.0113-0.0129-0.014-0.0145
[Test]: Precision: 0.0031-0.0026-0.002-0.0015 Recall: 0.0158-0.0265-0.0492-0.0724 NDCG: 0.0095-0.0125-0.0177-0.0222 MRR: 0.0109-0.0123-0.0136-0.0143
------------------------------------------------------
ood testing
[Valid]: Precision: 0.0024-0.002-0.0014-0.0011 Recall: 0.0213-0.035-0.0608-0.0915 NDCG: 0.0105-0.014-0.0192-0.0244 MRR: 0.0079-0.009-0.0099-0.0104
[Test]: Precision: 0.0025-0.002-0.0014-0.001 Recall: 0.0219-0.0362-0.0629-0.091 NDCG: 0.0109-0.0145-0.0199-0.0246 MRR: 0.0083-0.0093-0.0102-0.0107
------------------------------------------------------
------------------------------------------------------
Runing Epoch 795 valid loss 328.1144 costs 00: 00: 13
[Valid]: Precision: 0.0032-0.0028-0.002-0.0015 Recall: 0.0152-0.0283-0.0459-0.0665 NDCG: 0.0094-0.013-0.0171-0.0211 MRR: 0.0113-0.0129-0.014-0.0145
[Test]: Precision: 0.0031-0.0026-0.002-0.0015 Recall: 0.0158-0.0265-0.0492-0.0724 NDCG: 0.0095-0.0125-0.0177-0.0222 MRR: 0.0109-0.0123-0.0136-0.0143
------------------------------------------------------
ood testing
[Valid]: Precision: 0.0024-0.002-0.0014-0.0011 Recall: 0.0213-0.035-0.0608-0.0915 NDCG: 0.0105-0.014-0.0192-0.0244 MRR: 0.0079-0.009-0.0099-0.0104
[Test]: Precision: 0.0025-0.002-0.0014-0.001 Recall: 0.0219-0.0362-0.0629-0.0911 NDCG: 0.0109-0.0145-0.0199-0.0246 MRR: 0.0083-0.0093-0.0102-0.0107
------------------------------------------------------
------------------------------------------------------
Runing Epoch 796 valid loss 328.1139 costs 00: 00: 12
[Valid]: Precision: 0.0032-0.0028-0.002-0.0015 Recall: 0.0152-0.0283-0.0459-0.0664 NDCG: 0.0094-0.013-0.0171-0.0211 MRR: 0.0113-0.0129-0.014-0.0145
[Test]: Precision: 0.0031-0.0026-0.002-0.0015 Recall: 0.0158-0.0265-0.0492-0.0723 NDCG: 0.0095-0.0125-0.0177-0.0222 MRR: 0.0109-0.0123-0.0136-0.0143
------------------------------------------------------
ood testing
[Valid]: Precision: 0.0024-0.002-0.0014-0.0011 Recall: 0.0213-0.035-0.0607-0.0916 NDCG: 0.0105-0.014-0.0192-0.0244 MRR: 0.0079-0.009-0.0099-0.0104
[Test]: Precision: 0.0025-0.002-0.0014-0.001 Recall: 0.0219-0.0362-0.0629-0.091 NDCG: 0.0109-0.0145-0.0199-0.0246 MRR: 0.0083-0.0093-0.0102-0.0107
------------------------------------------------------
------------------------------------------------------
Runing Epoch 797 valid loss 328.1078 costs 00: 00: 14
[Valid]: Precision: 0.0032-0.0028-0.002-0.0015 Recall: 0.0152-0.0283-0.0459-0.0664 NDCG: 0.0094-0.013-0.0171-0.0211 MRR: 0.0113-0.0129-0.014-0.0145
[Test]: Precision: 0.0031-0.0026-0.002-0.0015 Recall: 0.0158-0.0265-0.0492-0.0723 NDCG: 0.0095-0.0125-0.0177-0.0222 MRR: 0.0109-0.0123-0.0136-0.0143
------------------------------------------------------
ood testing
[Valid]: Precision: 0.0024-0.002-0.0014-0.0011 Recall: 0.0213-0.035-0.0607-0.0916 NDCG: 0.0105-0.014-0.0192-0.0244 MRR: 0.0079-0.009-0.0099-0.0104
[Test]: Precision: 0.0025-0.002-0.0014-0.001 Recall: 0.0219-0.0362-0.0629-0.091 NDCG: 0.0109-0.0145-0.0199-0.0246 MRR: 0.0083-0.0093-0.0102-0.0107
------------------------------------------------------
------------------------------------------------------
Runing Epoch 798 valid loss 328.1185 costs 00: 00: 12
[Valid]: Precision: 0.0032-0.0028-0.002-0.0015 Recall: 0.0152-0.0283-0.0459-0.0666 NDCG: 0.0094-0.013-0.0171-0.0211 MRR: 0.0113-0.0129-0.014-0.0145
[Test]: Precision: 0.0031-0.0026-0.002-0.0015 Recall: 0.0158-0.0265-0.0492-0.0723 NDCG: 0.0095-0.0125-0.0177-0.0222 MRR: 0.0109-0.0123-0.0136-0.0143
------------------------------------------------------
ood testing
[Valid]: Precision: 0.0024-0.002-0.0014-0.0011 Recall: 0.0213-0.035-0.0607-0.0916 NDCG: 0.0105-0.014-0.0192-0.0244 MRR: 0.0079-0.009-0.0099-0.0104
[Test]: Precision: 0.0025-0.002-0.0014-0.001 Recall: 0.0219-0.0362-0.0629-0.0911 NDCG: 0.0109-0.0145-0.0199-0.0246 MRR: 0.0083-0.0093-0.0102-0.0107
------------------------------------------------------
------------------------------------------------------
Runing Epoch 799 valid loss 328.1160 costs 00: 00: 13
[Valid]: Precision: 0.0032-0.0028-0.002-0.0015 Recall: 0.0152-0.0283-0.0459-0.0667 NDCG: 0.0094-0.013-0.0171-0.0211 MRR: 0.0113-0.0129-0.014-0.0145
[Test]: Precision: 0.0031-0.0026-0.002-0.0015 Recall: 0.0158-0.0265-0.0492-0.0723 NDCG: 0.0095-0.0125-0.0177-0.0222 MRR: 0.0109-0.0123-0.0136-0.0143
------------------------------------------------------
ood testing
[Valid]: Precision: 0.0024-0.002-0.0014-0.0011 Recall: 0.0213-0.035-0.0607-0.0915 NDCG: 0.0105-0.014-0.0192-0.0244 MRR: 0.0079-0.009-0.0099-0.0104
[Test]: Precision: 0.0025-0.002-0.0014-0.001 Recall: 0.0219-0.0362-0.0629-0.0908 NDCG: 0.0109-0.0145-0.0199-0.0246 MRR: 0.0083-0.0093-0.0102-0.0107
------------------------------------------------------
------------------------------------------------------
Runing Epoch 800 valid loss 328.1159 costs 00: 00: 12
[Valid]: Precision: 0.0032-0.0028-0.002-0.0015 Recall: 0.0152-0.0283-0.0459-0.0668 NDCG: 0.0094-0.013-0.0171-0.0211 MRR: 0.0113-0.0129-0.014-0.0145
[Test]: Precision: 0.0031-0.0026-0.002-0.0015 Recall: 0.0158-0.0265-0.0492-0.0724 NDCG: 0.0095-0.0125-0.0177-0.0222 MRR: 0.0109-0.0123-0.0136-0.0143
------------------------------------------------------
ood testing
[Valid]: Precision: 0.0024-0.002-0.0014-0.0011 Recall: 0.0213-0.035-0.0607-0.0914 NDCG: 0.0105-0.014-0.0192-0.0243 MRR: 0.0079-0.009-0.0099-0.0104
[Test]: Precision: 0.0025-0.002-0.0014-0.001 Recall: 0.0219-0.0362-0.0629-0.0907 NDCG: 0.0109-0.0145-0.0199-0.0245 MRR: 0.0083-0.0093-0.0102-0.0107
------------------------------------------------------
------------------------------------------------------
Runing Epoch 801 valid loss 328.1133 costs 00: 00: 13
[Valid]: Precision: 0.0032-0.0028-0.002-0.0015 Recall: 0.0152-0.0283-0.0459-0.0666 NDCG: 0.0094-0.013-0.0171-0.0211 MRR: 0.0113-0.0129-0.014-0.0145
[Test]: Precision: 0.0031-0.0026-0.002-0.0015 Recall: 0.0158-0.0265-0.0492-0.0723 NDCG: 0.0095-0.0125-0.0177-0.0222 MRR: 0.0109-0.0123-0.0136-0.0143
------------------------------------------------------
ood testing
[Valid]: Precision: 0.0024-0.002-0.0014-0.0011 Recall: 0.0213-0.035-0.0607-0.0914 NDCG: 0.0105-0.014-0.0192-0.0243 MRR: 0.0079-0.009-0.0099-0.0104
[Test]: Precision: 0.0025-0.002-0.0014-0.001 Recall: 0.0219-0.0362-0.0629-0.091 NDCG: 0.0109-0.0145-0.0199-0.0246 MRR: 0.0083-0.0093-0.0102-0.0107
------------------------------------------------------
------------------------------------------------------
Runing Epoch 802 valid loss 328.1106 costs 00: 00: 13
[Valid]: Precision: 0.0032-0.0028-0.002-0.0015 Recall: 0.0152-0.0283-0.0459-0.0667 NDCG: 0.0094-0.013-0.0171-0.0211 MRR: 0.0113-0.0129-0.014-0.0145
[Test]: Precision: 0.0031-0.0026-0.002-0.0015 Recall: 0.0158-0.0265-0.0492-0.0723 NDCG: 0.0095-0.0125-0.0177-0.0222 MRR: 0.0109-0.0123-0.0136-0.0143
------------------------------------------------------
ood testing
[Valid]: Precision: 0.0024-0.002-0.0014-0.0011 Recall: 0.0213-0.035-0.0607-0.0914 NDCG: 0.0105-0.014-0.0192-0.0243 MRR: 0.0079-0.009-0.0099-0.0104
[Test]: Precision: 0.0025-0.002-0.0014-0.001 Recall: 0.0219-0.0362-0.0629-0.091 NDCG: 0.0109-0.0145-0.0199-0.0246 MRR: 0.0083-0.0093-0.0102-0.0107
------------------------------------------------------
------------------------------------------------------
Runing Epoch 803 valid loss 328.1164 costs 00: 00: 12
[Valid]: Precision: 0.0032-0.0028-0.002-0.0015 Recall: 0.0152-0.0283-0.0459-0.0668 NDCG: 0.0094-0.013-0.0171-0.0211 MRR: 0.0112-0.0128-0.0139-0.0144
[Test]: Precision: 0.0031-0.0026-0.002-0.0015 Recall: 0.0158-0.0265-0.0492-0.0724 NDCG: 0.0094-0.0125-0.0176-0.0221 MRR: 0.0108-0.0122-0.0135-0.0142
------------------------------------------------------
ood testing
[Valid]: Precision: 0.0024-0.002-0.0014-0.0011 Recall: 0.0213-0.035-0.0607-0.0914 NDCG: 0.0105-0.0141-0.0193-0.0244 MRR: 0.008-0.0091-0.01-0.0105
[Test]: Precision: 0.0025-0.002-0.0014-0.001 Recall: 0.0219-0.0362-0.0629-0.091 NDCG: 0.0109-0.0145-0.0199-0.0246 MRR: 0.0083-0.0093-0.0102-0.0107
------------------------------------------------------
------------------------------------------------------
Runing Epoch 804 valid loss 328.1130 costs 00: 00: 13
[Valid]: Precision: 0.0032-0.0028-0.002-0.0015 Recall: 0.0152-0.0283-0.0459-0.0668 NDCG: 0.0094-0.013-0.0171-0.0211 MRR: 0.0113-0.0129-0.014-0.0145
[Test]: Precision: 0.0031-0.0026-0.002-0.0015 Recall: 0.0158-0.0265-0.0492-0.0724 NDCG: 0.0095-0.0125-0.0177-0.0222 MRR: 0.0109-0.0123-0.0136-0.0143
------------------------------------------------------
ood testing
[Valid]: Precision: 0.0024-0.002-0.0014-0.0011 Recall: 0.0213-0.035-0.0607-0.0914 NDCG: 0.0105-0.014-0.0192-0.0243 MRR: 0.0079-0.009-0.0099-0.0104
[Test]: Precision: 0.0025-0.002-0.0014-0.001 Recall: 0.0219-0.0362-0.0629-0.091 NDCG: 0.0109-0.0145-0.0199-0.0246 MRR: 0.0083-0.0093-0.0102-0.0107
------------------------------------------------------
------------------------------------------------------
Runing Epoch 805 valid loss 328.1116 costs 00: 00: 12
[Valid]: Precision: 0.0032-0.0028-0.002-0.0015 Recall: 0.0152-0.0283-0.0459-0.0666 NDCG: 0.0094-0.013-0.0171-0.0211 MRR: 0.0113-0.0129-0.014-0.0145
[Test]: Precision: 0.0031-0.0026-0.002-0.0015 Recall: 0.0158-0.0265-0.0492-0.0724 NDCG: 0.0095-0.0125-0.0177-0.0222 MRR: 0.0109-0.0123-0.0136-0.0143
------------------------------------------------------
ood testing
[Valid]: Precision: 0.0024-0.002-0.0014-0.0011 Recall: 0.0213-0.035-0.0607-0.0914 NDCG: 0.0105-0.014-0.0192-0.0243 MRR: 0.0079-0.009-0.0099-0.0104
[Test]: Precision: 0.0025-0.002-0.0014-0.001 Recall: 0.0219-0.0362-0.0629-0.091 NDCG: 0.0109-0.0145-0.0199-0.0246 MRR: 0.0083-0.0093-0.0102-0.0107
------------------------------------------------------
------------------------------------------------------
Runing Epoch 806 valid loss 328.1112 costs 00: 00: 13
[Valid]: Precision: 0.0032-0.0028-0.002-0.0015 Recall: 0.0152-0.0283-0.0459-0.0666 NDCG: 0.0094-0.013-0.0171-0.0211 MRR: 0.0113-0.0129-0.014-0.0145
[Test]: Precision: 0.0031-0.0026-0.002-0.0015 Recall: 0.0158-0.0265-0.0492-0.0724 NDCG: 0.0095-0.0125-0.0177-0.0222 MRR: 0.0109-0.0123-0.0136-0.0143
------------------------------------------------------
ood testing
[Valid]: Precision: 0.0024-0.002-0.0014-0.0011 Recall: 0.0213-0.035-0.0607-0.0914 NDCG: 0.0105-0.014-0.0192-0.0244 MRR: 0.0079-0.009-0.0099-0.0104
[Test]: Precision: 0.0025-0.002-0.0014-0.001 Recall: 0.0219-0.0362-0.0629-0.0908 NDCG: 0.0109-0.0145-0.0199-0.0245 MRR: 0.0083-0.0093-0.0102-0.0107
------------------------------------------------------
------------------------------------------------------
Runing Epoch 807 valid loss 328.1117 costs 00: 00: 12
[Valid]: Precision: 0.0032-0.0028-0.002-0.0015 Recall: 0.0152-0.0283-0.0459-0.0668 NDCG: 0.0094-0.013-0.0171-0.0211 MRR: 0.0113-0.0129-0.014-0.0145
[Test]: Precision: 0.0031-0.0026-0.002-0.0015 Recall: 0.0158-0.0265-0.0492-0.0724 NDCG: 0.0095-0.0125-0.0177-0.0222 MRR: 0.0109-0.0123-0.0136-0.0143
------------------------------------------------------
ood testing
[Valid]: Precision: 0.0024-0.002-0.0014-0.0011 Recall: 0.0213-0.035-0.0607-0.0914 NDCG: 0.0105-0.014-0.0192-0.0243 MRR: 0.0079-0.009-0.0099-0.0104
[Test]: Precision: 0.0025-0.002-0.0014-0.001 Recall: 0.0219-0.0362-0.0629-0.091 NDCG: 0.0109-0.0145-0.0199-0.0246 MRR: 0.0083-0.0093-0.0102-0.0107
------------------------------------------------------
------------------------------------------------------
Runing Epoch 808 valid loss 328.1180 costs 00: 00: 13
[Valid]: Precision: 0.0032-0.0028-0.002-0.0015 Recall: 0.0152-0.0283-0.0459-0.0666 NDCG: 0.0094-0.013-0.0171-0.0211 MRR: 0.0113-0.0129-0.014-0.0145
[Test]: Precision: 0.0031-0.0026-0.002-0.0015 Recall: 0.0158-0.0265-0.049-0.0723 NDCG: 0.0095-0.0125-0.0176-0.0222 MRR: 0.0109-0.0123-0.0136-0.0143
------------------------------------------------------
ood testing
[Valid]: Precision: 0.0024-0.002-0.0014-0.0011 Recall: 0.0213-0.035-0.0607-0.0915 NDCG: 0.0105-0.014-0.0192-0.0244 MRR: 0.0079-0.009-0.0099-0.0104
[Test]: Precision: 0.0025-0.002-0.0014-0.001 Recall: 0.0219-0.0362-0.0629-0.0912 NDCG: 0.0109-0.0145-0.0199-0.0246 MRR: 0.0083-0.0093-0.0102-0.0107
------------------------------------------------------
------------------------------------------------------
Runing Epoch 809 valid loss 328.1149 costs 00: 00: 12
[Valid]: Precision: 0.0032-0.0028-0.002-0.0015 Recall: 0.0152-0.0283-0.0459-0.0667 NDCG: 0.0094-0.013-0.0171-0.0211 MRR: 0.0113-0.0129-0.014-0.0145
[Test]: Precision: 0.0031-0.0026-0.002-0.0016 Recall: 0.0158-0.0265-0.0491-0.0726 NDCG: 0.0095-0.0125-0.0177-0.0222 MRR: 0.0109-0.0123-0.0136-0.0143
------------------------------------------------------
ood testing
[Valid]: Precision: 0.0024-0.002-0.0014-0.0011 Recall: 0.0213-0.035-0.0607-0.0914 NDCG: 0.0105-0.014-0.0192-0.0243 MRR: 0.0079-0.009-0.0099-0.0104
[Test]: Precision: 0.0025-0.002-0.0014-0.001 Recall: 0.0219-0.0362-0.0632-0.0911 NDCG: 0.0109-0.0145-0.02-0.0246 MRR: 0.0083-0.0093-0.0102-0.0107
------------------------------------------------------
------------------------------------------------------
Runing Epoch 810 valid loss 328.1055 costs 00: 00: 13
[Valid]: Precision: 0.0032-0.0028-0.002-0.0015 Recall: 0.0152-0.0283-0.0459-0.0667 NDCG: 0.0094-0.013-0.0171-0.0211 MRR: 0.0113-0.0129-0.014-0.0145
[Test]: Precision: 0.0031-0.0026-0.002-0.0015 Recall: 0.0158-0.0265-0.0492-0.0725 NDCG: 0.0095-0.0125-0.0177-0.0222 MRR: 0.0109-0.0123-0.0136-0.0143
------------------------------------------------------
ood testing
[Valid]: Precision: 0.0024-0.002-0.0014-0.0011 Recall: 0.0213-0.035-0.0607-0.0914 NDCG: 0.0105-0.014-0.0192-0.0243 MRR: 0.0079-0.009-0.0099-0.0104
[Test]: Precision: 0.0025-0.002-0.0014-0.001 Recall: 0.0219-0.0362-0.0629-0.091 NDCG: 0.0109-0.0145-0.0199-0.0246 MRR: 0.0083-0.0093-0.0102-0.0107
------------------------------------------------------
------------------------------------------------------
Runing Epoch 811 valid loss 328.1133 costs 00: 00: 13
[Valid]: Precision: 0.0032-0.0028-0.002-0.0015 Recall: 0.0152-0.0283-0.0459-0.0668 NDCG: 0.0094-0.013-0.0171-0.0211 MRR: 0.0113-0.0129-0.014-0.0145
[Test]: Precision: 0.0031-0.0026-0.002-0.0015 Recall: 0.0158-0.0265-0.049-0.0723 NDCG: 0.0095-0.0125-0.0176-0.0222 MRR: 0.0109-0.0123-0.0136-0.0143
------------------------------------------------------
ood testing
[Valid]: Precision: 0.0024-0.002-0.0014-0.0011 Recall: 0.0213-0.035-0.0607-0.0915 NDCG: 0.0105-0.014-0.0192-0.0244 MRR: 0.0079-0.009-0.0099-0.0104
[Test]: Precision: 0.0025-0.002-0.0014-0.001 Recall: 0.0219-0.0362-0.0629-0.0911 NDCG: 0.0109-0.0145-0.0199-0.0246 MRR: 0.0083-0.0093-0.0102-0.0107
------------------------------------------------------
------------------------------------------------------
Runing Epoch 812 valid loss 328.1182 costs 00: 00: 12
[Valid]: Precision: 0.0032-0.0028-0.002-0.0015 Recall: 0.0152-0.0283-0.0459-0.0668 NDCG: 0.0094-0.013-0.0171-0.0211 MRR: 0.0113-0.0129-0.014-0.0145
[Test]: Precision: 0.0031-0.0026-0.002-0.0015 Recall: 0.0158-0.0265-0.049-0.0723 NDCG: 0.0095-0.0125-0.0176-0.0222 MRR: 0.0109-0.0123-0.0136-0.0143
------------------------------------------------------
ood testing
[Valid]: Precision: 0.0024-0.002-0.0014-0.0011 Recall: 0.0213-0.035-0.0607-0.0915 NDCG: 0.0105-0.014-0.0192-0.0244 MRR: 0.0079-0.009-0.0099-0.0104
[Test]: Precision: 0.0025-0.002-0.0014-0.001 Recall: 0.0219-0.0362-0.0629-0.0911 NDCG: 0.0109-0.0145-0.0199-0.0246 MRR: 0.0083-0.0093-0.0102-0.0107
------------------------------------------------------
------------------------------------------------------
Runing Epoch 813 valid loss 328.1157 costs 00: 00: 13
[Valid]: Precision: 0.0032-0.0028-0.002-0.0015 Recall: 0.0152-0.0283-0.0459-0.0668 NDCG: 0.0094-0.013-0.0171-0.0211 MRR: 0.0113-0.0129-0.014-0.0145
[Test]: Precision: 0.0031-0.0026-0.002-0.0015 Recall: 0.0158-0.0265-0.0491-0.0723 NDCG: 0.0095-0.0125-0.0177-0.0222 MRR: 0.0109-0.0123-0.0136-0.0143
------------------------------------------------------
ood testing
[Valid]: Precision: 0.0024-0.002-0.0014-0.0011 Recall: 0.0213-0.035-0.0607-0.0916 NDCG: 0.0105-0.014-0.0192-0.0244 MRR: 0.0079-0.009-0.0099-0.0104
[Test]: Precision: 0.0025-0.002-0.0014-0.001 Recall: 0.0219-0.0362-0.0632-0.0912 NDCG: 0.0109-0.0145-0.02-0.0246 MRR: 0.0083-0.0093-0.0102-0.0107
------------------------------------------------------
------------------------------------------------------
Runing Epoch 814 valid loss 328.1140 costs 00: 00: 13
[Valid]: Precision: 0.0032-0.0028-0.002-0.0015 Recall: 0.0152-0.0283-0.0459-0.0667 NDCG: 0.0094-0.013-0.0171-0.0211 MRR: 0.0113-0.0129-0.014-0.0145
[Test]: Precision: 0.0031-0.0026-0.002-0.0015 Recall: 0.0158-0.0265-0.0491-0.0723 NDCG: 0.0095-0.0125-0.0177-0.0222 MRR: 0.0109-0.0123-0.0136-0.0143
------------------------------------------------------
ood testing
[Valid]: Precision: 0.0024-0.002-0.0014-0.0011 Recall: 0.0213-0.035-0.0607-0.0915 NDCG: 0.0105-0.014-0.0192-0.0244 MRR: 0.0079-0.009-0.0099-0.0104
[Test]: Precision: 0.0025-0.002-0.0014-0.001 Recall: 0.0219-0.0362-0.0632-0.0911 NDCG: 0.0109-0.0145-0.02-0.0246 MRR: 0.0083-0.0093-0.0102-0.0107
------------------------------------------------------
------------------------------------------------------
Runing Epoch 815 valid loss 328.1173 costs 00: 00: 13
[Valid]: Precision: 0.0032-0.0028-0.002-0.0015 Recall: 0.0152-0.0283-0.0459-0.0666 NDCG: 0.0094-0.013-0.0171-0.0211 MRR: 0.0113-0.0129-0.014-0.0145
[Test]: Precision: 0.0031-0.0026-0.002-0.0015 Recall: 0.0158-0.0265-0.0493-0.0724 NDCG: 0.0095-0.0125-0.0177-0.0222 MRR: 0.0109-0.0123-0.0136-0.0143
------------------------------------------------------
ood testing
[Valid]: Precision: 0.0024-0.002-0.0014-0.0011 Recall: 0.0213-0.035-0.0607-0.0915 NDCG: 0.0105-0.014-0.0192-0.0244 MRR: 0.0079-0.009-0.0099-0.0104
[Test]: Precision: 0.0025-0.002-0.0014-0.001 Recall: 0.0219-0.0362-0.0632-0.0911 NDCG: 0.0109-0.0145-0.02-0.0246 MRR: 0.0083-0.0093-0.0102-0.0107
------------------------------------------------------
------------------------------------------------------
Runing Epoch 816 valid loss 328.1094 costs 00: 00: 13
[Valid]: Precision: 0.0032-0.0028-0.002-0.0015 Recall: 0.0152-0.0283-0.0457-0.0666 NDCG: 0.0094-0.013-0.0171-0.0211 MRR: 0.0113-0.0129-0.014-0.0145
[Test]: Precision: 0.0031-0.0026-0.0019-0.0015 Recall: 0.0158-0.0265-0.0487-0.0723 NDCG: 0.0095-0.0125-0.0176-0.0222 MRR: 0.0109-0.0123-0.0136-0.0143
------------------------------------------------------
ood testing
[Valid]: Precision: 0.0024-0.002-0.0014-0.0011 Recall: 0.0213-0.035-0.0606-0.0915 NDCG: 0.0105-0.014-0.0192-0.0244 MRR: 0.0079-0.009-0.0099-0.0104
[Test]: Precision: 0.0025-0.002-0.0014-0.001 Recall: 0.0219-0.0362-0.0629-0.0913 NDCG: 0.0109-0.0145-0.0199-0.0246 MRR: 0.0083-0.0093-0.0102-0.0107
------------------------------------------------------
------------------------------------------------------
Runing Epoch 817 valid loss 328.1088 costs 00: 00: 13
[Valid]: Precision: 0.0032-0.0028-0.002-0.0015 Recall: 0.0152-0.0283-0.0457-0.0666 NDCG: 0.0094-0.013-0.0171-0.0211 MRR: 0.0113-0.0129-0.014-0.0145
[Test]: Precision: 0.0031-0.0026-0.002-0.0015 Recall: 0.0158-0.0265-0.0488-0.0725 NDCG: 0.0095-0.0125-0.0176-0.0222 MRR: 0.0109-0.0123-0.0136-0.0143
------------------------------------------------------
ood testing
[Valid]: Precision: 0.0024-0.002-0.0014-0.0011 Recall: 0.0213-0.035-0.0605-0.0915 NDCG: 0.0105-0.014-0.0192-0.0244 MRR: 0.0079-0.009-0.0099-0.0104
[Test]: Precision: 0.0025-0.002-0.0014-0.001 Recall: 0.0219-0.0362-0.063-0.0911 NDCG: 0.0109-0.0145-0.0199-0.0246 MRR: 0.0083-0.0093-0.0102-0.0107
------------------------------------------------------
------------------------------------------------------
Runing Epoch 818 valid loss 328.1112 costs 00: 00: 12
[Valid]: Precision: 0.0032-0.0028-0.002-0.0015 Recall: 0.0152-0.0283-0.0457-0.0668 NDCG: 0.0094-0.013-0.0171-0.0211 MRR: 0.0113-0.0129-0.014-0.0145
[Test]: Precision: 0.0031-0.0026-0.0019-0.0015 Recall: 0.0158-0.0265-0.0487-0.0723 NDCG: 0.0095-0.0125-0.0176-0.0222 MRR: 0.0109-0.0123-0.0136-0.0143
------------------------------------------------------
ood testing
[Valid]: Precision: 0.0024-0.002-0.0014-0.0011 Recall: 0.0213-0.035-0.0606-0.0914 NDCG: 0.0105-0.014-0.0192-0.0244 MRR: 0.0079-0.009-0.0099-0.0104
[Test]: Precision: 0.0025-0.002-0.0014-0.001 Recall: 0.0219-0.0362-0.0629-0.0911 NDCG: 0.0109-0.0145-0.0199-0.0246 MRR: 0.0083-0.0093-0.0102-0.0107
------------------------------------------------------
------------------------------------------------------
Runing Epoch 819 valid loss 328.1135 costs 00: 00: 13
[Valid]: Precision: 0.0032-0.0028-0.002-0.0015 Recall: 0.0152-0.0283-0.0457-0.0666 NDCG: 0.0094-0.013-0.0171-0.0211 MRR: 0.0113-0.0129-0.014-0.0145
[Test]: Precision: 0.0031-0.0026-0.0019-0.0015 Recall: 0.0158-0.0265-0.0487-0.0724 NDCG: 0.0095-0.0125-0.0176-0.0222 MRR: 0.0109-0.0123-0.0136-0.0143
------------------------------------------------------
ood testing
[Valid]: Precision: 0.0024-0.002-0.0014-0.0011 Recall: 0.0213-0.035-0.0606-0.0917 NDCG: 0.0105-0.014-0.0192-0.0244 MRR: 0.0079-0.009-0.0099-0.0104
[Test]: Precision: 0.0025-0.002-0.0014-0.001 Recall: 0.0219-0.0362-0.0629-0.0913 NDCG: 0.0109-0.0145-0.0199-0.0246 MRR: 0.0083-0.0093-0.0102-0.0107
------------------------------------------------------
------------------------------------------------------
Runing Epoch 820 valid loss 328.1128 costs 00: 00: 13
[Valid]: Precision: 0.0032-0.0028-0.002-0.0015 Recall: 0.0152-0.0283-0.0457-0.0666 NDCG: 0.0094-0.013-0.0171-0.0211 MRR: 0.0113-0.0129-0.014-0.0145
[Test]: Precision: 0.0031-0.0026-0.0019-0.0015 Recall: 0.0158-0.0265-0.0487-0.0724 NDCG: 0.0095-0.0125-0.0176-0.0222 MRR: 0.0109-0.0123-0.0136-0.0143
------------------------------------------------------
ood testing
[Valid]: Precision: 0.0024-0.002-0.0014-0.0011 Recall: 0.0213-0.035-0.0606-0.0916 NDCG: 0.0105-0.014-0.0192-0.0244 MRR: 0.0079-0.009-0.0099-0.0104
[Test]: Precision: 0.0025-0.002-0.0014-0.001 Recall: 0.0219-0.0362-0.0629-0.0913 NDCG: 0.0109-0.0145-0.0199-0.0246 MRR: 0.0083-0.0093-0.0102-0.0107
------------------------------------------------------
------------------------------------------------------
Runing Epoch 821 valid loss 328.1089 costs 00: 00: 12
[Valid]: Precision: 0.0032-0.0028-0.002-0.0015 Recall: 0.0152-0.0283-0.0457-0.0666 NDCG: 0.0094-0.013-0.0171-0.0211 MRR: 0.0113-0.0129-0.014-0.0145
[Test]: Precision: 0.0031-0.0026-0.002-0.0015 Recall: 0.0158-0.0265-0.0488-0.0726 NDCG: 0.0095-0.0125-0.0176-0.0222 MRR: 0.0109-0.0123-0.0136-0.0143
------------------------------------------------------
ood testing
[Valid]: Precision: 0.0024-0.002-0.0014-0.0011 Recall: 0.0213-0.035-0.0605-0.0917 NDCG: 0.0105-0.014-0.0192-0.0244 MRR: 0.0079-0.009-0.0099-0.0104
[Test]: Precision: 0.0025-0.002-0.0014-0.001 Recall: 0.0219-0.0362-0.063-0.091 NDCG: 0.0109-0.0145-0.0199-0.0246 MRR: 0.0083-0.0093-0.0102-0.0107
------------------------------------------------------
------------------------------------------------------
Runing Epoch 822 valid loss 328.1140 costs 00: 00: 13
[Valid]: Precision: 0.0032-0.0028-0.002-0.0015 Recall: 0.0152-0.0283-0.0457-0.0666 NDCG: 0.0094-0.013-0.0171-0.0211 MRR: 0.0113-0.0129-0.014-0.0145
[Test]: Precision: 0.0031-0.0026-0.002-0.0015 Recall: 0.0158-0.0265-0.0488-0.0726 NDCG: 0.0095-0.0125-0.0176-0.0222 MRR: 0.0109-0.0123-0.0136-0.0143
------------------------------------------------------
ood testing
[Valid]: Precision: 0.0024-0.002-0.0014-0.0011 Recall: 0.0213-0.035-0.0605-0.0916 NDCG: 0.0105-0.014-0.0192-0.0244 MRR: 0.0079-0.009-0.0099-0.0104
[Test]: Precision: 0.0025-0.002-0.0014-0.001 Recall: 0.0219-0.0362-0.063-0.091 NDCG: 0.0109-0.0145-0.0199-0.0246 MRR: 0.0083-0.0093-0.0102-0.0107
------------------------------------------------------
------------------------------------------------------
Runing Epoch 823 valid loss 328.1229 costs 00: 00: 12
[Valid]: Precision: 0.0032-0.0028-0.002-0.0015 Recall: 0.0152-0.0283-0.0457-0.0667 NDCG: 0.0094-0.013-0.0171-0.0211 MRR: 0.0113-0.0129-0.014-0.0145
[Test]: Precision: 0.0031-0.0026-0.002-0.0015 Recall: 0.0158-0.0265-0.0489-0.0725 NDCG: 0.0095-0.0125-0.0176-0.0222 MRR: 0.0109-0.0123-0.0136-0.0143
------------------------------------------------------
ood testing
[Valid]: Precision: 0.0024-0.002-0.0014-0.0011 Recall: 0.0213-0.035-0.0606-0.0915 NDCG: 0.0105-0.014-0.0192-0.0244 MRR: 0.0079-0.009-0.0099-0.0104
[Test]: Precision: 0.0025-0.002-0.0014-0.001 Recall: 0.0219-0.0362-0.0629-0.0911 NDCG: 0.0109-0.0145-0.0199-0.0246 MRR: 0.0083-0.0093-0.0102-0.0107
------------------------------------------------------
------------------------------------------------------
Runing Epoch 824 valid loss 328.1079 costs 00: 00: 13
[Valid]: Precision: 0.0032-0.0028-0.002-0.0015 Recall: 0.0152-0.0283-0.0457-0.0666 NDCG: 0.0094-0.013-0.0171-0.0211 MRR: 0.0113-0.0129-0.014-0.0145
[Test]: Precision: 0.0031-0.0026-0.002-0.0015 Recall: 0.0158-0.0265-0.0488-0.0724 NDCG: 0.0095-0.0125-0.0176-0.0222 MRR: 0.0109-0.0123-0.0136-0.0143
------------------------------------------------------
ood testing
[Valid]: Precision: 0.0024-0.002-0.0014-0.0011 Recall: 0.0213-0.035-0.0605-0.0915 NDCG: 0.0105-0.014-0.0192-0.0244 MRR: 0.0079-0.009-0.0099-0.0104
[Test]: Precision: 0.0025-0.002-0.0014-0.001 Recall: 0.0219-0.0362-0.0631-0.0911 NDCG: 0.0109-0.0145-0.0199-0.0246 MRR: 0.0083-0.0093-0.0102-0.0107
------------------------------------------------------
------------------------------------------------------
Runing Epoch 825 valid loss 328.1104 costs 00: 00: 13
[Valid]: Precision: 0.0032-0.0028-0.002-0.0015 Recall: 0.0152-0.0283-0.0459-0.0667 NDCG: 0.0094-0.013-0.0171-0.0211 MRR: 0.0113-0.0129-0.014-0.0145
[Test]: Precision: 0.0031-0.0026-0.002-0.0015 Recall: 0.0158-0.0265-0.0492-0.0724 NDCG: 0.0095-0.0125-0.0177-0.0222 MRR: 0.0109-0.0123-0.0136-0.0143
------------------------------------------------------
ood testing
[Valid]: Precision: 0.0024-0.002-0.0014-0.0011 Recall: 0.0213-0.035-0.0607-0.0914 NDCG: 0.0105-0.014-0.0192-0.0244 MRR: 0.0079-0.009-0.0099-0.0104
[Test]: Precision: 0.0025-0.002-0.0014-0.001 Recall: 0.0219-0.0362-0.0629-0.091 NDCG: 0.0109-0.0145-0.0199-0.0246 MRR: 0.0083-0.0093-0.0102-0.0107
------------------------------------------------------
------------------------------------------------------
Runing Epoch 826 valid loss 328.1113 costs 00: 00: 14
[Valid]: Precision: 0.0032-0.0028-0.002-0.0015 Recall: 0.0152-0.0283-0.0457-0.0667 NDCG: 0.0094-0.013-0.0171-0.0211 MRR: 0.0113-0.0129-0.014-0.0145
[Test]: Precision: 0.0031-0.0026-0.0019-0.0015 Recall: 0.0158-0.0265-0.0487-0.0724 NDCG: 0.0095-0.0125-0.0176-0.0222 MRR: 0.0109-0.0123-0.0136-0.0143
------------------------------------------------------
ood testing
[Valid]: Precision: 0.0024-0.002-0.0014-0.0011 Recall: 0.0213-0.035-0.0606-0.0914 NDCG: 0.0105-0.014-0.0192-0.0243 MRR: 0.0079-0.009-0.0099-0.0104
[Test]: Precision: 0.0025-0.002-0.0014-0.001 Recall: 0.0219-0.0362-0.0629-0.0911 NDCG: 0.0109-0.0145-0.0199-0.0246 MRR: 0.0083-0.0093-0.0102-0.0107
------------------------------------------------------
------------------------------------------------------
Runing Epoch 827 valid loss 328.1199 costs 00: 00: 12
[Valid]: Precision: 0.0032-0.0028-0.002-0.0015 Recall: 0.0152-0.0283-0.0457-0.0667 NDCG: 0.0094-0.013-0.0171-0.0211 MRR: 0.0113-0.0129-0.014-0.0145
[Test]: Precision: 0.0031-0.0026-0.0019-0.0015 Recall: 0.0158-0.0265-0.0487-0.0724 NDCG: 0.0095-0.0125-0.0176-0.0222 MRR: 0.0109-0.0123-0.0136-0.0143
------------------------------------------------------
ood testing
[Valid]: Precision: 0.0024-0.002-0.0014-0.0011 Recall: 0.0213-0.035-0.0606-0.0914 NDCG: 0.0105-0.014-0.0192-0.0243 MRR: 0.0079-0.009-0.0099-0.0104
[Test]: Precision: 0.0025-0.002-0.0014-0.001 Recall: 0.0219-0.0362-0.0629-0.0911 NDCG: 0.0109-0.0145-0.0199-0.0246 MRR: 0.0083-0.0093-0.0102-0.0107
------------------------------------------------------
------------------------------------------------------
Runing Epoch 828 valid loss 328.1147 costs 00: 00: 13
[Valid]: Precision: 0.0032-0.0028-0.002-0.0015 Recall: 0.0152-0.0283-0.0457-0.0666 NDCG: 0.0094-0.013-0.0171-0.0211 MRR: 0.0113-0.0129-0.014-0.0145
[Test]: Precision: 0.0031-0.0026-0.002-0.0015 Recall: 0.0158-0.0265-0.049-0.0724 NDCG: 0.0095-0.0125-0.0176-0.0222 MRR: 0.0109-0.0123-0.0136-0.0143
------------------------------------------------------
ood testing
[Valid]: Precision: 0.0024-0.002-0.0014-0.0011 Recall: 0.0213-0.035-0.0605-0.0914 NDCG: 0.0105-0.014-0.0192-0.0244 MRR: 0.0079-0.009-0.0099-0.0104
[Test]: Precision: 0.0025-0.002-0.0014-0.001 Recall: 0.0219-0.0362-0.063-0.0911 NDCG: 0.0109-0.0145-0.0199-0.0246 MRR: 0.0083-0.0093-0.0102-0.0107
------------------------------------------------------
------------------------------------------------------
Runing Epoch 829 valid loss 328.1136 costs 00: 00: 13
[Valid]: Precision: 0.0032-0.0028-0.002-0.0015 Recall: 0.0152-0.0283-0.0457-0.0667 NDCG: 0.0094-0.013-0.0171-0.0211 MRR: 0.0113-0.0129-0.014-0.0145
[Test]: Precision: 0.0031-0.0026-0.002-0.0015 Recall: 0.0158-0.0265-0.0488-0.0724 NDCG: 0.0095-0.0125-0.0176-0.0222 MRR: 0.0109-0.0123-0.0136-0.0143
------------------------------------------------------
ood testing
[Valid]: Precision: 0.0024-0.002-0.0014-0.0011 Recall: 0.0213-0.035-0.0605-0.0914 NDCG: 0.0105-0.014-0.0192-0.0244 MRR: 0.0079-0.009-0.0099-0.0104
[Test]: Precision: 0.0025-0.002-0.0014-0.001 Recall: 0.0219-0.0362-0.063-0.091 NDCG: 0.0109-0.0145-0.0199-0.0246 MRR: 0.0083-0.0093-0.0102-0.0107
------------------------------------------------------
------------------------------------------------------
Runing Epoch 830 valid loss 328.1113 costs 00: 00: 12
[Valid]: Precision: 0.0032-0.0028-0.002-0.0015 Recall: 0.0152-0.0283-0.0457-0.0667 NDCG: 0.0094-0.013-0.0171-0.0211 MRR: 0.0113-0.0129-0.014-0.0145
[Test]: Precision: 0.0031-0.0026-0.002-0.0015 Recall: 0.0158-0.0265-0.0488-0.0724 NDCG: 0.0095-0.0125-0.0176-0.0222 MRR: 0.0109-0.0123-0.0136-0.0143
------------------------------------------------------
ood testing
[Valid]: Precision: 0.0024-0.002-0.0014-0.0011 Recall: 0.0213-0.035-0.0605-0.0914 NDCG: 0.0105-0.014-0.0192-0.0244 MRR: 0.0079-0.009-0.0099-0.0104
[Test]: Precision: 0.0025-0.002-0.0014-0.001 Recall: 0.0219-0.0362-0.063-0.091 NDCG: 0.0109-0.0145-0.0199-0.0246 MRR: 0.0083-0.0093-0.0102-0.0107
------------------------------------------------------
------------------------------------------------------
Runing Epoch 831 valid loss 328.1131 costs 00: 00: 13
[Valid]: Precision: 0.0032-0.0028-0.002-0.0015 Recall: 0.0152-0.0283-0.0457-0.0668 NDCG: 0.0094-0.013-0.0171-0.0211 MRR: 0.0113-0.0129-0.014-0.0145
[Test]: Precision: 0.0031-0.0026-0.002-0.0015 Recall: 0.0158-0.0265-0.0488-0.0724 NDCG: 0.0095-0.0125-0.0176-0.0222 MRR: 0.0109-0.0123-0.0136-0.0143
------------------------------------------------------
ood testing
[Valid]: Precision: 0.0024-0.002-0.0014-0.0011 Recall: 0.0213-0.035-0.0605-0.0914 NDCG: 0.0105-0.014-0.0192-0.0244 MRR: 0.0079-0.009-0.0099-0.0104
[Test]: Precision: 0.0025-0.002-0.0014-0.001 Recall: 0.0219-0.0362-0.063-0.091 NDCG: 0.0109-0.0145-0.0199-0.0246 MRR: 0.0083-0.0093-0.0102-0.0107
------------------------------------------------------
------------------------------------------------------
Runing Epoch 832 valid loss 328.1091 costs 00: 00: 12
[Valid]: Precision: 0.0032-0.0028-0.002-0.0015 Recall: 0.0152-0.0283-0.0457-0.0668 NDCG: 0.0094-0.013-0.0171-0.0211 MRR: 0.0112-0.0128-0.0139-0.0144
[Test]: Precision: 0.0031-0.0026-0.002-0.0015 Recall: 0.0158-0.0265-0.0488-0.0724 NDCG: 0.0094-0.0125-0.0175-0.0221 MRR: 0.0108-0.0122-0.0135-0.0142
------------------------------------------------------
ood testing
[Valid]: Precision: 0.0024-0.002-0.0014-0.0011 Recall: 0.0213-0.035-0.0605-0.0914 NDCG: 0.0105-0.0141-0.0192-0.0244 MRR: 0.008-0.0091-0.01-0.0105
[Test]: Precision: 0.0025-0.002-0.0014-0.001 Recall: 0.0219-0.0362-0.063-0.091 NDCG: 0.0109-0.0145-0.0199-0.0246 MRR: 0.0083-0.0093-0.0102-0.0107
------------------------------------------------------
------------------------------------------------------
Runing Epoch 833 valid loss 328.1167 costs 00: 00: 13
[Valid]: Precision: 0.0032-0.0028-0.002-0.0015 Recall: 0.0152-0.0283-0.0457-0.0668 NDCG: 0.0094-0.013-0.0171-0.0211 MRR: 0.0113-0.0129-0.014-0.0145
[Test]: Precision: 0.0031-0.0026-0.002-0.0015 Recall: 0.0158-0.0265-0.049-0.0723 NDCG: 0.0095-0.0125-0.0176-0.0222 MRR: 0.0109-0.0123-0.0136-0.0143
------------------------------------------------------
ood testing
[Valid]: Precision: 0.0024-0.002-0.0014-0.0011 Recall: 0.0213-0.035-0.0605-0.0914 NDCG: 0.0105-0.014-0.0192-0.0243 MRR: 0.0079-0.009-0.0099-0.0104
[Test]: Precision: 0.0025-0.002-0.0014-0.001 Recall: 0.0219-0.0362-0.0631-0.091 NDCG: 0.0109-0.0145-0.0199-0.0246 MRR: 0.0083-0.0093-0.0102-0.0107
------------------------------------------------------
------------------------------------------------------
Runing Epoch 834 valid loss 328.1175 costs 00: 00: 12
[Valid]: Precision: 0.0032-0.0028-0.002-0.0015 Recall: 0.0152-0.0283-0.0457-0.0667 NDCG: 0.0094-0.013-0.0171-0.0211 MRR: 0.0113-0.0129-0.014-0.0145
[Test]: Precision: 0.0031-0.0026-0.002-0.0015 Recall: 0.0158-0.0265-0.049-0.0723 NDCG: 0.0095-0.0125-0.0176-0.0222 MRR: 0.0109-0.0123-0.0136-0.0143
------------------------------------------------------
ood testing
[Valid]: Precision: 0.0024-0.002-0.0014-0.0011 Recall: 0.0213-0.035-0.0605-0.0916 NDCG: 0.0105-0.014-0.0192-0.0244 MRR: 0.0079-0.009-0.0099-0.0104
[Test]: Precision: 0.0025-0.002-0.0014-0.001 Recall: 0.0219-0.0362-0.0631-0.0912 NDCG: 0.0109-0.0145-0.0199-0.0246 MRR: 0.0083-0.0093-0.0102-0.0107
------------------------------------------------------
------------------------------------------------------
Runing Epoch 835 valid loss 328.1066 costs 00: 00: 13
[Valid]: Precision: 0.0032-0.0028-0.002-0.0015 Recall: 0.0152-0.0283-0.0457-0.0668 NDCG: 0.0094-0.013-0.0171-0.0211 MRR: 0.0112-0.0128-0.0139-0.0144
[Test]: Precision: 0.0031-0.0026-0.002-0.0015 Recall: 0.0158-0.0265-0.049-0.0724 NDCG: 0.0094-0.0125-0.0176-0.0221 MRR: 0.0108-0.0122-0.0135-0.0142
------------------------------------------------------
ood testing
[Valid]: Precision: 0.0024-0.002-0.0014-0.0011 Recall: 0.0213-0.035-0.0605-0.0914 NDCG: 0.0105-0.0141-0.0192-0.0244 MRR: 0.008-0.0091-0.01-0.0105
[Test]: Precision: 0.0025-0.002-0.0014-0.001 Recall: 0.0219-0.0362-0.0631-0.091 NDCG: 0.0109-0.0145-0.0199-0.0246 MRR: 0.0083-0.0093-0.0102-0.0107
------------------------------------------------------
------------------------------------------------------
Runing Epoch 836 valid loss 328.1132 costs 00: 00: 12
[Valid]: Precision: 0.0032-0.0028-0.002-0.0015 Recall: 0.0152-0.0283-0.0457-0.0667 NDCG: 0.0094-0.013-0.0171-0.0211 MRR: 0.0112-0.0128-0.0139-0.0144
[Test]: Precision: 0.0031-0.0026-0.002-0.0015 Recall: 0.0158-0.0265-0.049-0.0723 NDCG: 0.0094-0.0125-0.0176-0.0221 MRR: 0.0108-0.0122-0.0135-0.0142
------------------------------------------------------
ood testing
[Valid]: Precision: 0.0024-0.002-0.0014-0.0011 Recall: 0.0213-0.035-0.0605-0.0915 NDCG: 0.0105-0.0141-0.0192-0.0244 MRR: 0.008-0.0091-0.01-0.0105
[Test]: Precision: 0.0025-0.002-0.0014-0.001 Recall: 0.0219-0.0362-0.063-0.0911 NDCG: 0.0109-0.0145-0.0199-0.0246 MRR: 0.0083-0.0093-0.0102-0.0107
------------------------------------------------------
------------------------------------------------------
Runing Epoch 837 valid loss 328.1221 costs 00: 00: 13
[Valid]: Precision: 0.0032-0.0028-0.002-0.0015 Recall: 0.0152-0.0283-0.0457-0.0668 NDCG: 0.0094-0.013-0.0171-0.0211 MRR: 0.0112-0.0128-0.0139-0.0144
[Test]: Precision: 0.0031-0.0026-0.002-0.0015 Recall: 0.0158-0.0265-0.0488-0.0724 NDCG: 0.0094-0.0125-0.0175-0.0221 MRR: 0.0108-0.0122-0.0135-0.0142
------------------------------------------------------
ood testing
[Valid]: Precision: 0.0024-0.002-0.0014-0.0011 Recall: 0.0213-0.035-0.0605-0.0914 NDCG: 0.0105-0.0141-0.0192-0.0244 MRR: 0.008-0.0091-0.01-0.0105
[Test]: Precision: 0.0025-0.002-0.0014-0.001 Recall: 0.0219-0.0362-0.063-0.091 NDCG: 0.0109-0.0145-0.0199-0.0246 MRR: 0.0083-0.0093-0.0102-0.0107
------------------------------------------------------
------------------------------------------------------
Runing Epoch 838 valid loss 328.1155 costs 00: 00: 13
[Valid]: Precision: 0.0032-0.0028-0.002-0.0015 Recall: 0.0152-0.0283-0.0457-0.0668 NDCG: 0.0094-0.013-0.0171-0.0211 MRR: 0.0112-0.0128-0.0139-0.0144
[Test]: Precision: 0.0031-0.0026-0.002-0.0015 Recall: 0.0158-0.0265-0.0488-0.0724 NDCG: 0.0094-0.0125-0.0175-0.0221 MRR: 0.0108-0.0122-0.0135-0.0142
------------------------------------------------------
ood testing
[Valid]: Precision: 0.0024-0.002-0.0014-0.0011 Recall: 0.0213-0.035-0.0605-0.0914 NDCG: 0.0105-0.0141-0.0192-0.0244 MRR: 0.008-0.0091-0.01-0.0105
[Test]: Precision: 0.0025-0.002-0.0014-0.001 Recall: 0.0219-0.0362-0.063-0.091 NDCG: 0.0109-0.0145-0.0199-0.0246 MRR: 0.0083-0.0093-0.0102-0.0107
------------------------------------------------------
------------------------------------------------------
Runing Epoch 839 valid loss 328.1122 costs 00: 00: 12
[Valid]: Precision: 0.0032-0.0028-0.002-0.0015 Recall: 0.0152-0.0283-0.0457-0.0667 NDCG: 0.0094-0.013-0.0171-0.0211 MRR: 0.0112-0.0128-0.0139-0.0144
[Test]: Precision: 0.0031-0.0026-0.002-0.0016 Recall: 0.0158-0.0265-0.0488-0.0726 NDCG: 0.0094-0.0125-0.0175-0.0222 MRR: 0.0108-0.0122-0.0135-0.0142
------------------------------------------------------
ood testing
[Valid]: Precision: 0.0024-0.002-0.0014-0.0011 Recall: 0.0213-0.035-0.0605-0.0914 NDCG: 0.0105-0.0141-0.0192-0.0244 MRR: 0.008-0.0091-0.01-0.0105
[Test]: Precision: 0.0025-0.002-0.0014-0.001 Recall: 0.0219-0.0362-0.063-0.0911 NDCG: 0.0109-0.0145-0.0199-0.0246 MRR: 0.0083-0.0093-0.0102-0.0107
------------------------------------------------------
------------------------------------------------------
Runing Epoch 840 valid loss 328.1063 costs 00: 00: 13
[Valid]: Precision: 0.0032-0.0028-0.002-0.0015 Recall: 0.0152-0.0283-0.0457-0.0666 NDCG: 0.0094-0.013-0.0171-0.0211 MRR: 0.0112-0.0128-0.0139-0.0144
[Test]: Precision: 0.0031-0.0026-0.002-0.0015 Recall: 0.0158-0.0265-0.0488-0.0724 NDCG: 0.0094-0.0125-0.0175-0.0222 MRR: 0.0108-0.0122-0.0135-0.0142
------------------------------------------------------
ood testing
[Valid]: Precision: 0.0024-0.002-0.0014-0.0011 Recall: 0.0213-0.035-0.0605-0.0914 NDCG: 0.0105-0.0141-0.0192-0.0244 MRR: 0.008-0.0091-0.01-0.0105
[Test]: Precision: 0.0025-0.002-0.0014-0.001 Recall: 0.0219-0.0362-0.063-0.0911 NDCG: 0.0109-0.0145-0.0199-0.0246 MRR: 0.0083-0.0093-0.0102-0.0107
------------------------------------------------------
------------------------------------------------------
Runing Epoch 841 valid loss 328.1123 costs 00: 00: 12
[Valid]: Precision: 0.0032-0.0028-0.002-0.0015 Recall: 0.0152-0.0283-0.0459-0.0668 NDCG: 0.0094-0.013-0.0171-0.0211 MRR: 0.0112-0.0128-0.0139-0.0144
[Test]: Precision: 0.0031-0.0026-0.002-0.0015 Recall: 0.0158-0.0265-0.049-0.0724 NDCG: 0.0094-0.0125-0.0176-0.0221 MRR: 0.0108-0.0122-0.0135-0.0142
------------------------------------------------------
ood testing
[Valid]: Precision: 0.0024-0.002-0.0014-0.0011 Recall: 0.0213-0.035-0.0606-0.0914 NDCG: 0.0105-0.0141-0.0192-0.0244 MRR: 0.008-0.0091-0.01-0.0105
[Test]: Precision: 0.0025-0.002-0.0014-0.001 Recall: 0.0219-0.0362-0.0631-0.091 NDCG: 0.0109-0.0145-0.02-0.0246 MRR: 0.0083-0.0093-0.0102-0.0107
------------------------------------------------------
------------------------------------------------------
Runing Epoch 842 valid loss 328.1129 costs 00: 00: 13
[Valid]: Precision: 0.0032-0.0028-0.002-0.0015 Recall: 0.0152-0.0283-0.0459-0.0667 NDCG: 0.0094-0.013-0.0171-0.0211 MRR: 0.0113-0.0129-0.014-0.0145
[Test]: Precision: 0.0031-0.0026-0.002-0.0016 Recall: 0.0158-0.0265-0.049-0.0726 NDCG: 0.0095-0.0125-0.0176-0.0222 MRR: 0.0109-0.0123-0.0136-0.0143
------------------------------------------------------
ood testing
[Valid]: Precision: 0.0024-0.002-0.0014-0.0011 Recall: 0.0213-0.035-0.0606-0.0914 NDCG: 0.0105-0.014-0.0192-0.0243 MRR: 0.0079-0.009-0.0099-0.0104
[Test]: Precision: 0.0025-0.002-0.0014-0.001 Recall: 0.0219-0.0362-0.0631-0.0911 NDCG: 0.0109-0.0145-0.02-0.0246 MRR: 0.0083-0.0093-0.0102-0.0107
------------------------------------------------------
------------------------------------------------------
Runing Epoch 843 valid loss 328.1242 costs 00: 00: 12
[Valid]: Precision: 0.0032-0.0028-0.002-0.0015 Recall: 0.0152-0.0283-0.0459-0.0666 NDCG: 0.0094-0.013-0.0171-0.0211 MRR: 0.0113-0.0129-0.014-0.0145
[Test]: Precision: 0.0031-0.0026-0.002-0.0016 Recall: 0.0158-0.0265-0.0488-0.0726 NDCG: 0.0095-0.0125-0.0176-0.0222 MRR: 0.0109-0.0123-0.0136-0.0143
------------------------------------------------------
ood testing
[Valid]: Precision: 0.0024-0.002-0.0014-0.0011 Recall: 0.0213-0.035-0.0606-0.0914 NDCG: 0.0105-0.014-0.0192-0.0244 MRR: 0.0079-0.009-0.0099-0.0104
[Test]: Precision: 0.0025-0.002-0.0014-0.001 Recall: 0.0219-0.0362-0.0631-0.0911 NDCG: 0.0109-0.0145-0.02-0.0246 MRR: 0.0083-0.0093-0.0102-0.0107
------------------------------------------------------
------------------------------------------------------
Runing Epoch 844 valid loss 328.1061 costs 00: 00: 13
[Valid]: Precision: 0.0032-0.0028-0.002-0.0015 Recall: 0.0152-0.0283-0.0458-0.0667 NDCG: 0.0094-0.013-0.0171-0.0211 MRR: 0.0112-0.0128-0.0139-0.0144
[Test]: Precision: 0.0031-0.0026-0.002-0.0015 Recall: 0.0158-0.0265-0.0493-0.0726 NDCG: 0.0094-0.0125-0.0176-0.0222 MRR: 0.0108-0.0122-0.0135-0.0142
------------------------------------------------------
ood testing
[Valid]: Precision: 0.0024-0.002-0.0014-0.0011 Recall: 0.0213-0.035-0.061-0.0914 NDCG: 0.0105-0.0141-0.0193-0.0244 MRR: 0.008-0.0091-0.01-0.0105
[Test]: Precision: 0.0025-0.002-0.0014-0.001 Recall: 0.0219-0.0362-0.0633-0.0911 NDCG: 0.0109-0.0145-0.02-0.0246 MRR: 0.0083-0.0093-0.0103-0.0107
------------------------------------------------------
------------------------------------------------------
Runing Epoch 845 valid loss 328.1100 costs 00: 00: 12
[Valid]: Precision: 0.0032-0.0028-0.002-0.0015 Recall: 0.0152-0.0283-0.0458-0.0666 NDCG: 0.0094-0.013-0.0171-0.0211 MRR: 0.0112-0.0128-0.0139-0.0144
[Test]: Precision: 0.0031-0.0026-0.002-0.0015 Recall: 0.0158-0.0265-0.0489-0.0725 NDCG: 0.0094-0.0125-0.0176-0.0222 MRR: 0.0108-0.0122-0.0135-0.0142
------------------------------------------------------
ood testing
[Valid]: Precision: 0.0024-0.002-0.0014-0.0011 Recall: 0.0213-0.035-0.0607-0.0914 NDCG: 0.0105-0.0141-0.0193-0.0244 MRR: 0.008-0.0091-0.01-0.0105
[Test]: Precision: 0.0025-0.002-0.0014-0.001 Recall: 0.0219-0.0362-0.063-0.091 NDCG: 0.0109-0.0145-0.0199-0.0246 MRR: 0.0083-0.0093-0.0102-0.0107
------------------------------------------------------
------------------------------------------------------
Runing Epoch 846 valid loss 328.1167 costs 00: 00: 13
[Valid]: Precision: 0.0032-0.0028-0.002-0.0015 Recall: 0.0152-0.0283-0.0458-0.0668 NDCG: 0.0094-0.013-0.0171-0.0211 MRR: 0.0112-0.0128-0.0139-0.0144
[Test]: Precision: 0.0031-0.0026-0.002-0.0015 Recall: 0.0158-0.0265-0.0493-0.0724 NDCG: 0.0094-0.0125-0.0176-0.0221 MRR: 0.0108-0.0122-0.0135-0.0142
------------------------------------------------------
ood testing
[Valid]: Precision: 0.0024-0.002-0.0014-0.0011 Recall: 0.0213-0.035-0.0609-0.0914 NDCG: 0.0105-0.0141-0.0193-0.0244 MRR: 0.008-0.0091-0.01-0.0105
[Test]: Precision: 0.0025-0.002-0.0014-0.001 Recall: 0.0219-0.0362-0.0633-0.0908 NDCG: 0.0109-0.0145-0.02-0.0246 MRR: 0.0083-0.0093-0.0103-0.0107
------------------------------------------------------
------------------------------------------------------
Runing Epoch 847 valid loss 328.1153 costs 00: 00: 13
[Valid]: Precision: 0.0032-0.0028-0.002-0.0015 Recall: 0.0152-0.0283-0.0459-0.0666 NDCG: 0.0094-0.013-0.0171-0.0211 MRR: 0.0112-0.0128-0.0139-0.0144
[Test]: Precision: 0.0031-0.0026-0.002-0.0015 Recall: 0.0158-0.0265-0.0488-0.0725 NDCG: 0.0094-0.0125-0.0176-0.0222 MRR: 0.0108-0.0122-0.0135-0.0142
------------------------------------------------------
ood testing
[Valid]: Precision: 0.0024-0.002-0.0014-0.0011 Recall: 0.0213-0.035-0.0606-0.0914 NDCG: 0.0105-0.0141-0.0192-0.0244 MRR: 0.008-0.0091-0.01-0.0105
[Test]: Precision: 0.0025-0.002-0.0014-0.001 Recall: 0.0219-0.0362-0.0631-0.091 NDCG: 0.0109-0.0145-0.02-0.0246 MRR: 0.0083-0.0093-0.0102-0.0107
------------------------------------------------------
------------------------------------------------------
Runing Epoch 848 valid loss 328.1180 costs 00: 00: 12
[Valid]: Precision: 0.0032-0.0028-0.002-0.0015 Recall: 0.0152-0.0283-0.0459-0.0666 NDCG: 0.0094-0.013-0.0171-0.0211 MRR: 0.0113-0.0129-0.014-0.0145
[Test]: Precision: 0.0031-0.0026-0.002-0.0015 Recall: 0.0158-0.0265-0.0488-0.0724 NDCG: 0.0095-0.0125-0.0176-0.0222 MRR: 0.0109-0.0123-0.0136-0.0143
------------------------------------------------------
ood testing
[Valid]: Precision: 0.0024-0.002-0.0014-0.0011 Recall: 0.0213-0.035-0.0606-0.0914 NDCG: 0.0105-0.014-0.0192-0.0243 MRR: 0.0079-0.009-0.0099-0.0104
[Test]: Precision: 0.0025-0.002-0.0014-0.001 Recall: 0.0219-0.0362-0.0631-0.0911 NDCG: 0.0109-0.0145-0.02-0.0246 MRR: 0.0083-0.0093-0.0102-0.0107
------------------------------------------------------
------------------------------------------------------
Runing Epoch 849 valid loss 328.1064 costs 00: 00: 13
[Valid]: Precision: 0.0032-0.0028-0.002-0.0015 Recall: 0.0152-0.0283-0.0459-0.0666 NDCG: 0.0094-0.013-0.0171-0.0211 MRR: 0.0113-0.0129-0.014-0.0145
[Test]: Precision: 0.0031-0.0026-0.002-0.0015 Recall: 0.0158-0.0265-0.0488-0.0725 NDCG: 0.0095-0.0125-0.0176-0.0222 MRR: 0.0109-0.0123-0.0136-0.0143
------------------------------------------------------
ood testing
[Valid]: Precision: 0.0024-0.002-0.0014-0.0011 Recall: 0.0213-0.035-0.0606-0.0914 NDCG: 0.0105-0.014-0.0192-0.0243 MRR: 0.0079-0.009-0.0099-0.0104
[Test]: Precision: 0.0025-0.002-0.0014-0.001 Recall: 0.0219-0.0362-0.0631-0.091 NDCG: 0.0109-0.0145-0.02-0.0246 MRR: 0.0083-0.0093-0.0102-0.0107
------------------------------------------------------
------------------------------------------------------
Runing Epoch 850 valid loss 328.1114 costs 00: 00: 12
[Valid]: Precision: 0.0032-0.0028-0.002-0.0015 Recall: 0.0152-0.0283-0.0458-0.0666 NDCG: 0.0094-0.013-0.0171-0.0211 MRR: 0.0113-0.0129-0.014-0.0145
[Test]: Precision: 0.0031-0.0026-0.0019-0.0015 Recall: 0.0158-0.0265-0.0487-0.0725 NDCG: 0.0095-0.0125-0.0176-0.0222 MRR: 0.0109-0.0123-0.0136-0.0143
------------------------------------------------------
ood testing
[Valid]: Precision: 0.0024-0.002-0.0014-0.0011 Recall: 0.0213-0.035-0.0607-0.0914 NDCG: 0.0105-0.014-0.0192-0.0243 MRR: 0.0079-0.009-0.0099-0.0104
[Test]: Precision: 0.0025-0.002-0.0014-0.001 Recall: 0.0219-0.0362-0.063-0.091 NDCG: 0.0109-0.0145-0.0199-0.0246 MRR: 0.0083-0.0093-0.0102-0.0107
------------------------------------------------------
------------------------------------------------------
Runing Epoch 851 valid loss 328.1143 costs 00: 00: 13
[Valid]: Precision: 0.0032-0.0028-0.002-0.0015 Recall: 0.0152-0.0283-0.046-0.0665 NDCG: 0.0094-0.013-0.0171-0.0211 MRR: 0.0113-0.0129-0.014-0.0145
[Test]: Precision: 0.0031-0.0026-0.002-0.0015 Recall: 0.0158-0.0265-0.049-0.0725 NDCG: 0.0095-0.0125-0.0176-0.0222 MRR: 0.0109-0.0123-0.0136-0.0143
------------------------------------------------------
ood testing
[Valid]: Precision: 0.0024-0.002-0.0014-0.0011 Recall: 0.0213-0.035-0.0608-0.0914 NDCG: 0.0105-0.014-0.0192-0.0243 MRR: 0.0079-0.009-0.0099-0.0104
[Test]: Precision: 0.0025-0.002-0.0014-0.001 Recall: 0.0219-0.0362-0.063-0.0908 NDCG: 0.0109-0.0145-0.0199-0.0246 MRR: 0.0083-0.0093-0.0102-0.0107
------------------------------------------------------
------------------------------------------------------
Runing Epoch 852 valid loss 328.1111 costs 00: 00: 12
[Valid]: Precision: 0.0032-0.0028-0.002-0.0015 Recall: 0.0152-0.0283-0.046-0.0666 NDCG: 0.0094-0.013-0.0171-0.0211 MRR: 0.0113-0.0129-0.014-0.0145
[Test]: Precision: 0.0031-0.0026-0.002-0.0015 Recall: 0.0158-0.0265-0.0491-0.0725 NDCG: 0.0095-0.0125-0.0177-0.0222 MRR: 0.0109-0.0123-0.0136-0.0143
------------------------------------------------------
ood testing
[Valid]: Precision: 0.0024-0.002-0.0014-0.0011 Recall: 0.0213-0.035-0.0608-0.0914 NDCG: 0.0105-0.014-0.0193-0.0243 MRR: 0.0079-0.009-0.0099-0.0104
[Test]: Precision: 0.0025-0.002-0.0014-0.001 Recall: 0.0219-0.0362-0.0633-0.0909 NDCG: 0.0109-0.0145-0.02-0.0246 MRR: 0.0083-0.0093-0.0102-0.0107
------------------------------------------------------
------------------------------------------------------
Runing Epoch 853 valid loss 328.1116 costs 00: 00: 13
[Valid]: Precision: 0.0032-0.0028-0.002-0.0015 Recall: 0.0152-0.0283-0.046-0.0666 NDCG: 0.0094-0.013-0.0171-0.0211 MRR: 0.0112-0.0128-0.0139-0.0144
[Test]: Precision: 0.0031-0.0026-0.002-0.0015 Recall: 0.0158-0.0265-0.0491-0.0725 NDCG: 0.0094-0.0125-0.0176-0.0222 MRR: 0.0108-0.0122-0.0135-0.0142
------------------------------------------------------
ood testing
[Valid]: Precision: 0.0024-0.002-0.0014-0.0011 Recall: 0.0213-0.035-0.0608-0.0914 NDCG: 0.0105-0.0141-0.0193-0.0244 MRR: 0.008-0.0091-0.01-0.0105
[Test]: Precision: 0.0025-0.002-0.0014-0.001 Recall: 0.0219-0.0362-0.0633-0.0909 NDCG: 0.0109-0.0145-0.02-0.0246 MRR: 0.0083-0.0093-0.0103-0.0107
------------------------------------------------------
------------------------------------------------------
Runing Epoch 854 valid loss 328.1145 costs 00: 00: 12
[Valid]: Precision: 0.0032-0.0028-0.002-0.0015 Recall: 0.0152-0.0283-0.0458-0.0666 NDCG: 0.0094-0.013-0.0171-0.0211 MRR: 0.0112-0.0128-0.0139-0.0144
[Test]: Precision: 0.0031-0.0026-0.002-0.0015 Recall: 0.0158-0.0265-0.0491-0.0725 NDCG: 0.0094-0.0125-0.0176-0.0222 MRR: 0.0108-0.0122-0.0135-0.0142
------------------------------------------------------
ood testing
[Valid]: Precision: 0.0024-0.002-0.0014-0.0011 Recall: 0.0213-0.035-0.0609-0.0914 NDCG: 0.0105-0.0141-0.0193-0.0244 MRR: 0.008-0.0091-0.01-0.0105
[Test]: Precision: 0.0025-0.002-0.0014-0.001 Recall: 0.0219-0.0362-0.0633-0.0909 NDCG: 0.0109-0.0145-0.02-0.0246 MRR: 0.0083-0.0093-0.0103-0.0107
------------------------------------------------------
------------------------------------------------------
Runing Epoch 855 valid loss 328.1166 costs 00: 00: 13
[Valid]: Precision: 0.0032-0.0028-0.002-0.0015 Recall: 0.0152-0.0283-0.0458-0.0666 NDCG: 0.0094-0.013-0.0171-0.0211 MRR: 0.0112-0.0128-0.0139-0.0144
[Test]: Precision: 0.0031-0.0026-0.002-0.0015 Recall: 0.0158-0.0265-0.0491-0.0725 NDCG: 0.0094-0.0125-0.0176-0.0222 MRR: 0.0108-0.0122-0.0135-0.0142
------------------------------------------------------
ood testing
[Valid]: Precision: 0.0024-0.002-0.0014-0.0011 Recall: 0.0213-0.035-0.0609-0.0914 NDCG: 0.0105-0.0141-0.0193-0.0244 MRR: 0.008-0.0091-0.01-0.0105
[Test]: Precision: 0.0025-0.002-0.0014-0.001 Recall: 0.0219-0.0362-0.0633-0.0908 NDCG: 0.0109-0.0145-0.02-0.0246 MRR: 0.0083-0.0093-0.0103-0.0107
------------------------------------------------------
------------------------------------------------------
Runing Epoch 856 valid loss 328.1084 costs 00: 00: 13
[Valid]: Precision: 0.0032-0.0028-0.002-0.0015 Recall: 0.0152-0.0283-0.0459-0.0666 NDCG: 0.0094-0.013-0.0171-0.0211 MRR: 0.0113-0.0129-0.014-0.0145
[Test]: Precision: 0.0031-0.0026-0.002-0.0015 Recall: 0.0158-0.0265-0.0488-0.0725 NDCG: 0.0095-0.0125-0.0176-0.0222 MRR: 0.0109-0.0123-0.0136-0.0143
------------------------------------------------------
ood testing
[Valid]: Precision: 0.0024-0.002-0.0014-0.0011 Recall: 0.0213-0.035-0.0606-0.0914 NDCG: 0.0105-0.014-0.0192-0.0243 MRR: 0.0079-0.009-0.0099-0.0104
[Test]: Precision: 0.0025-0.002-0.0014-0.001 Recall: 0.0219-0.0362-0.0631-0.0908 NDCG: 0.0109-0.0145-0.02-0.0246 MRR: 0.0083-0.0093-0.0102-0.0107
------------------------------------------------------
------------------------------------------------------
Runing Epoch 857 valid loss 328.1178 costs 00: 00: 12
[Valid]: Precision: 0.0032-0.0028-0.002-0.0015 Recall: 0.0152-0.0283-0.0459-0.0666 NDCG: 0.0094-0.013-0.0171-0.0211 MRR: 0.0112-0.0128-0.0139-0.0144
[Test]: Precision: 0.0031-0.0026-0.002-0.0015 Recall: 0.0158-0.0265-0.0488-0.0724 NDCG: 0.0094-0.0125-0.0175-0.0221 MRR: 0.0108-0.0122-0.0135-0.0142
------------------------------------------------------
ood testing
[Valid]: Precision: 0.0024-0.002-0.0014-0.0011 Recall: 0.0213-0.035-0.0606-0.0915 NDCG: 0.0105-0.0141-0.0192-0.0244 MRR: 0.008-0.0091-0.01-0.0105
[Test]: Precision: 0.0025-0.002-0.0014-0.001 Recall: 0.0219-0.0362-0.0631-0.0911 NDCG: 0.0109-0.0145-0.02-0.0246 MRR: 0.0083-0.0093-0.0102-0.0107
------------------------------------------------------
------------------------------------------------------
Runing Epoch 858 valid loss 328.1067 costs 00: 00: 13
[Valid]: Precision: 0.0032-0.0028-0.002-0.0015 Recall: 0.0152-0.0283-0.0457-0.0665 NDCG: 0.0094-0.013-0.0171-0.021 MRR: 0.0112-0.0128-0.0139-0.0144
[Test]: Precision: 0.0031-0.0026-0.002-0.0015 Recall: 0.0158-0.0265-0.0488-0.0725 NDCG: 0.0094-0.0125-0.0175-0.0222 MRR: 0.0108-0.0122-0.0135-0.0142
------------------------------------------------------
ood testing
[Valid]: Precision: 0.0024-0.002-0.0014-0.0011 Recall: 0.0213-0.035-0.0605-0.0914 NDCG: 0.0105-0.0141-0.0192-0.0244 MRR: 0.008-0.0091-0.01-0.0105
[Test]: Precision: 0.0025-0.002-0.0014-0.001 Recall: 0.0219-0.0362-0.063-0.0909 NDCG: 0.0109-0.0145-0.0199-0.0246 MRR: 0.0083-0.0093-0.0102-0.0107
------------------------------------------------------
------------------------------------------------------
Runing Epoch 859 valid loss 328.1127 costs 00: 00: 12
[Valid]: Precision: 0.0032-0.0028-0.002-0.0015 Recall: 0.0152-0.0283-0.0458-0.0666 NDCG: 0.0094-0.013-0.0171-0.0211 MRR: 0.0112-0.0128-0.0139-0.0144
[Test]: Precision: 0.0031-0.0026-0.002-0.0015 Recall: 0.0158-0.0265-0.0491-0.0725 NDCG: 0.0094-0.0125-0.0176-0.0222 MRR: 0.0108-0.0122-0.0135-0.0142
------------------------------------------------------
ood testing
[Valid]: Precision: 0.0024-0.002-0.0014-0.0011 Recall: 0.0213-0.035-0.0608-0.0914 NDCG: 0.0105-0.0141-0.0193-0.0244 MRR: 0.008-0.0091-0.01-0.0105
[Test]: Precision: 0.0025-0.002-0.0014-0.001 Recall: 0.0219-0.0362-0.0631-0.091 NDCG: 0.0109-0.0145-0.02-0.0246 MRR: 0.0083-0.0093-0.0102-0.0107
------------------------------------------------------
------------------------------------------------------
Runing Epoch 860 valid loss 328.1135 costs 00: 00: 13
[Valid]: Precision: 0.0032-0.0028-0.002-0.0015 Recall: 0.0152-0.0283-0.0459-0.0665 NDCG: 0.0094-0.013-0.0171-0.0211 MRR: 0.0112-0.0128-0.0139-0.0144
[Test]: Precision: 0.0031-0.0026-0.002-0.0015 Recall: 0.0158-0.0265-0.0488-0.0725 NDCG: 0.0094-0.0125-0.0175-0.0222 MRR: 0.0108-0.0122-0.0135-0.0142
------------------------------------------------------
ood testing
[Valid]: Precision: 0.0024-0.002-0.0014-0.0011 Recall: 0.0213-0.035-0.0606-0.0914 NDCG: 0.0105-0.0141-0.0192-0.0244 MRR: 0.008-0.0091-0.01-0.0105
[Test]: Precision: 0.0025-0.002-0.0014-0.001 Recall: 0.0219-0.0362-0.0631-0.091 NDCG: 0.0109-0.0145-0.02-0.0246 MRR: 0.0083-0.0093-0.0102-0.0107
------------------------------------------------------
------------------------------------------------------
Runing Epoch 861 valid loss 328.1143 costs 00: 00: 12
[Valid]: Precision: 0.0032-0.0028-0.002-0.0015 Recall: 0.0152-0.0283-0.0457-0.0666 NDCG: 0.0094-0.013-0.017-0.0211 MRR: 0.0112-0.0128-0.0139-0.0144
[Test]: Precision: 0.0031-0.0026-0.0019-0.0015 Recall: 0.0158-0.0265-0.0487-0.0725 NDCG: 0.0094-0.0125-0.0175-0.0222 MRR: 0.0108-0.0122-0.0135-0.0142
------------------------------------------------------
ood testing
[Valid]: Precision: 0.0024-0.002-0.0014-0.0011 Recall: 0.0213-0.035-0.0606-0.0914 NDCG: 0.0105-0.0141-0.0192-0.0244 MRR: 0.008-0.0091-0.01-0.0105
[Test]: Precision: 0.0025-0.002-0.0014-0.001 Recall: 0.0219-0.0362-0.0629-0.0911 NDCG: 0.0109-0.0145-0.0199-0.0246 MRR: 0.0083-0.0093-0.0102-0.0107
------------------------------------------------------
------------------------------------------------------
Runing Epoch 862 valid loss 328.1180 costs 00: 00: 13
[Valid]: Precision: 0.0032-0.0028-0.002-0.0015 Recall: 0.0152-0.0283-0.0458-0.0666 NDCG: 0.0094-0.013-0.0171-0.0211 MRR: 0.0112-0.0128-0.0139-0.0144
[Test]: Precision: 0.0031-0.0026-0.0019-0.0015 Recall: 0.0158-0.0265-0.0487-0.0725 NDCG: 0.0094-0.0125-0.0175-0.0222 MRR: 0.0108-0.0122-0.0135-0.0142
------------------------------------------------------
ood testing
[Valid]: Precision: 0.0024-0.002-0.0014-0.0011 Recall: 0.0213-0.035-0.0607-0.0914 NDCG: 0.0105-0.0141-0.0193-0.0244 MRR: 0.008-0.0091-0.01-0.0105
[Test]: Precision: 0.0025-0.002-0.0014-0.001 Recall: 0.0219-0.0362-0.063-0.0911 NDCG: 0.0109-0.0145-0.0199-0.0246 MRR: 0.0083-0.0093-0.0102-0.0107
------------------------------------------------------
------------------------------------------------------
Runing Epoch 863 valid loss 328.1089 costs 00: 00: 12
[Valid]: Precision: 0.0032-0.0028-0.002-0.0015 Recall: 0.0152-0.0283-0.0457-0.0666 NDCG: 0.0094-0.013-0.0171-0.0211 MRR: 0.0112-0.0128-0.0139-0.0144
[Test]: Precision: 0.0031-0.0026-0.002-0.0015 Recall: 0.0158-0.0265-0.0488-0.0725 NDCG: 0.0094-0.0125-0.0175-0.0222 MRR: 0.0108-0.0122-0.0135-0.0142
------------------------------------------------------
ood testing
[Valid]: Precision: 0.0024-0.002-0.0014-0.0011 Recall: 0.0213-0.035-0.0604-0.0914 NDCG: 0.0105-0.0141-0.0192-0.0244 MRR: 0.008-0.0091-0.01-0.0105
[Test]: Precision: 0.0025-0.002-0.0014-0.001 Recall: 0.0219-0.0362-0.063-0.0911 NDCG: 0.0109-0.0145-0.0199-0.0246 MRR: 0.0083-0.0093-0.0102-0.0107
------------------------------------------------------
------------------------------------------------------
Runing Epoch 864 valid loss 328.1154 costs 00: 00: 13
[Valid]: Precision: 0.0032-0.0028-0.002-0.0015 Recall: 0.0152-0.0283-0.0459-0.0666 NDCG: 0.0094-0.013-0.0171-0.0211 MRR: 0.0113-0.0129-0.014-0.0145
[Test]: Precision: 0.0031-0.0026-0.002-0.0015 Recall: 0.0158-0.0265-0.0488-0.0725 NDCG: 0.0095-0.0125-0.0176-0.0222 MRR: 0.0109-0.0123-0.0136-0.0143
------------------------------------------------------
ood testing
[Valid]: Precision: 0.0024-0.002-0.0014-0.0011 Recall: 0.0213-0.035-0.0606-0.0914 NDCG: 0.0105-0.014-0.0192-0.0243 MRR: 0.0079-0.009-0.0099-0.0104
[Test]: Precision: 0.0025-0.002-0.0014-0.001 Recall: 0.0219-0.0362-0.0631-0.091 NDCG: 0.0109-0.0145-0.0199-0.0246 MRR: 0.0083-0.0093-0.0102-0.0107
------------------------------------------------------
------------------------------------------------------
Runing Epoch 865 valid loss 328.1122 costs 00: 00: 13
[Valid]: Precision: 0.0032-0.0028-0.002-0.0015 Recall: 0.0152-0.0283-0.0459-0.0666 NDCG: 0.0094-0.013-0.0171-0.0211 MRR: 0.0112-0.0128-0.0139-0.0144
[Test]: Precision: 0.0031-0.0026-0.002-0.0015 Recall: 0.0158-0.0265-0.0488-0.0725 NDCG: 0.0094-0.0125-0.0175-0.0222 MRR: 0.0108-0.0122-0.0135-0.0142
------------------------------------------------------
ood testing
[Valid]: Precision: 0.0024-0.002-0.0014-0.0011 Recall: 0.0213-0.035-0.0606-0.0914 NDCG: 0.0105-0.0141-0.0192-0.0244 MRR: 0.008-0.0091-0.01-0.0105
[Test]: Precision: 0.0025-0.002-0.0014-0.001 Recall: 0.0219-0.0362-0.0631-0.091 NDCG: 0.0109-0.0145-0.02-0.0246 MRR: 0.0083-0.0093-0.0102-0.0107
------------------------------------------------------
------------------------------------------------------
Runing Epoch 866 valid loss 328.1149 costs 00: 00: 12
[Valid]: Precision: 0.0032-0.0028-0.002-0.0015 Recall: 0.0152-0.0283-0.0458-0.0667 NDCG: 0.0094-0.013-0.0171-0.0211 MRR: 0.0112-0.0128-0.0139-0.0144
[Test]: Precision: 0.0031-0.0026-0.002-0.0015 Recall: 0.0158-0.0265-0.0491-0.0724 NDCG: 0.0094-0.0125-0.0176-0.0221 MRR: 0.0108-0.0122-0.0135-0.0142
------------------------------------------------------
ood testing
[Valid]: Precision: 0.0024-0.002-0.0014-0.0011 Recall: 0.0213-0.035-0.0608-0.0914 NDCG: 0.0105-0.0141-0.0193-0.0244 MRR: 0.008-0.0091-0.01-0.0105
[Test]: Precision: 0.0025-0.002-0.0014-0.001 Recall: 0.0219-0.0362-0.0631-0.091 NDCG: 0.0109-0.0145-0.02-0.0246 MRR: 0.0083-0.0093-0.0102-0.0107
------------------------------------------------------
------------------------------------------------------
Runing Epoch 867 valid loss 328.1122 costs 00: 00: 13
[Valid]: Precision: 0.0032-0.0028-0.002-0.0015 Recall: 0.0152-0.0283-0.0458-0.0666 NDCG: 0.0094-0.013-0.0171-0.0211 MRR: 0.0112-0.0128-0.0139-0.0144
[Test]: Precision: 0.0031-0.0026-0.002-0.0015 Recall: 0.0158-0.0265-0.0491-0.0724 NDCG: 0.0094-0.0125-0.0176-0.0221 MRR: 0.0108-0.0122-0.0135-0.0142
------------------------------------------------------
ood testing
[Valid]: Precision: 0.0024-0.002-0.0014-0.0011 Recall: 0.0213-0.035-0.0607-0.0914 NDCG: 0.0105-0.0141-0.0193-0.0244 MRR: 0.008-0.0091-0.01-0.0105
[Test]: Precision: 0.0025-0.002-0.0014-0.001 Recall: 0.0219-0.0362-0.0632-0.0911 NDCG: 0.0109-0.0145-0.02-0.0246 MRR: 0.0083-0.0093-0.0102-0.0107
------------------------------------------------------
------------------------------------------------------
Runing Epoch 868 valid loss 328.1122 costs 00: 00: 12
[Valid]: Precision: 0.0032-0.0028-0.002-0.0015 Recall: 0.0152-0.0283-0.0459-0.0666 NDCG: 0.0094-0.013-0.0171-0.0211 MRR: 0.0112-0.0128-0.0139-0.0144
[Test]: Precision: 0.0031-0.0026-0.002-0.0015 Recall: 0.0158-0.0265-0.0488-0.0723 NDCG: 0.0094-0.0125-0.0175-0.0221 MRR: 0.0108-0.0122-0.0135-0.0142
------------------------------------------------------
ood testing
[Valid]: Precision: 0.0024-0.002-0.0014-0.0011 Recall: 0.0213-0.035-0.0606-0.0915 NDCG: 0.0105-0.0141-0.0192-0.0244 MRR: 0.008-0.0091-0.01-0.0105
[Test]: Precision: 0.0025-0.002-0.0014-0.001 Recall: 0.0219-0.0362-0.0631-0.0913 NDCG: 0.0109-0.0145-0.02-0.0246 MRR: 0.0083-0.0093-0.0102-0.0107
------------------------------------------------------
------------------------------------------------------
Runing Epoch 869 valid loss 328.1227 costs 00: 00: 13
[Valid]: Precision: 0.0032-0.0028-0.002-0.0015 Recall: 0.0152-0.0283-0.0459-0.0667 NDCG: 0.0094-0.013-0.0171-0.0211 MRR: 0.0112-0.0128-0.0139-0.0144
[Test]: Precision: 0.0031-0.0026-0.002-0.0015 Recall: 0.0158-0.0265-0.0488-0.0724 NDCG: 0.0094-0.0125-0.0175-0.0221 MRR: 0.0108-0.0122-0.0135-0.0142
------------------------------------------------------
ood testing
[Valid]: Precision: 0.0024-0.002-0.0014-0.0011 Recall: 0.0213-0.035-0.0606-0.0914 NDCG: 0.0105-0.0141-0.0192-0.0244 MRR: 0.008-0.0091-0.01-0.0105
[Test]: Precision: 0.0025-0.002-0.0014-0.001 Recall: 0.0219-0.0362-0.0632-0.0911 NDCG: 0.0109-0.0145-0.02-0.0246 MRR: 0.0083-0.0093-0.0102-0.0107
------------------------------------------------------
------------------------------------------------------
Runing Epoch 870 valid loss 328.1097 costs 00: 00: 12
[Valid]: Precision: 0.0032-0.0028-0.002-0.0015 Recall: 0.0152-0.0283-0.0458-0.0666 NDCG: 0.0094-0.013-0.0171-0.0211 MRR: 0.0113-0.0129-0.014-0.0145
[Test]: Precision: 0.0031-0.0026-0.002-0.0015 Recall: 0.0158-0.0265-0.0488-0.0724 NDCG: 0.0095-0.0125-0.0176-0.0222 MRR: 0.0109-0.0123-0.0136-0.0143
------------------------------------------------------
ood testing
[Valid]: Precision: 0.0024-0.002-0.0014-0.0011 Recall: 0.0213-0.035-0.0607-0.0914 NDCG: 0.0105-0.014-0.0192-0.0243 MRR: 0.0079-0.009-0.0099-0.0104
[Test]: Precision: 0.0025-0.002-0.0014-0.001 Recall: 0.0219-0.0362-0.0631-0.0912 NDCG: 0.0109-0.0145-0.0199-0.0246 MRR: 0.0083-0.0093-0.0102-0.0107
------------------------------------------------------
------------------------------------------------------
Runing Epoch 871 valid loss 328.1101 costs 00: 00: 13
[Valid]: Precision: 0.0032-0.0028-0.002-0.0015 Recall: 0.0152-0.0283-0.0458-0.0666 NDCG: 0.0094-0.013-0.0171-0.0211 MRR: 0.0113-0.0129-0.014-0.0145
[Test]: Precision: 0.0031-0.0026-0.002-0.0015 Recall: 0.0158-0.0265-0.0488-0.0725 NDCG: 0.0095-0.0125-0.0176-0.0222 MRR: 0.0109-0.0123-0.0136-0.0143
------------------------------------------------------
ood testing
[Valid]: Precision: 0.0024-0.002-0.0014-0.0011 Recall: 0.0213-0.035-0.0607-0.0914 NDCG: 0.0105-0.014-0.0192-0.0243 MRR: 0.0079-0.009-0.0099-0.0104
[Test]: Precision: 0.0025-0.002-0.0014-0.001 Recall: 0.0219-0.0362-0.0631-0.091 NDCG: 0.0109-0.0145-0.0199-0.0246 MRR: 0.0083-0.0093-0.0102-0.0107
------------------------------------------------------
------------------------------------------------------
Runing Epoch 872 valid loss 328.1075 costs 00: 00: 13
[Valid]: Precision: 0.0032-0.0028-0.002-0.0015 Recall: 0.0152-0.0283-0.0458-0.0667 NDCG: 0.0094-0.013-0.0171-0.0211 MRR: 0.0113-0.0129-0.014-0.0145
[Test]: Precision: 0.0031-0.0026-0.002-0.0016 Recall: 0.0158-0.0265-0.0488-0.0726 NDCG: 0.0095-0.0125-0.0176-0.0222 MRR: 0.0109-0.0123-0.0136-0.0143
------------------------------------------------------
ood testing
[Valid]: Precision: 0.0024-0.002-0.0014-0.0011 Recall: 0.0213-0.035-0.0607-0.0914 NDCG: 0.0105-0.014-0.0192-0.0243 MRR: 0.0079-0.009-0.0099-0.0104
[Test]: Precision: 0.0025-0.002-0.0014-0.001 Recall: 0.0219-0.0362-0.063-0.0911 NDCG: 0.0109-0.0145-0.0199-0.0246 MRR: 0.0083-0.0093-0.0102-0.0107
------------------------------------------------------
------------------------------------------------------
Runing Epoch 873 valid loss 328.1164 costs 00: 00: 13
[Valid]: Precision: 0.0032-0.0028-0.002-0.0015 Recall: 0.0152-0.0283-0.0457-0.0666 NDCG: 0.0094-0.013-0.0171-0.0211 MRR: 0.0113-0.0129-0.014-0.0145
[Test]: Precision: 0.0031-0.0026-0.0019-0.0015 Recall: 0.0158-0.0265-0.0487-0.0725 NDCG: 0.0095-0.0125-0.0176-0.0222 MRR: 0.0109-0.0123-0.0136-0.0143
------------------------------------------------------
ood testing
[Valid]: Precision: 0.0024-0.002-0.0014-0.0011 Recall: 0.0213-0.035-0.0606-0.0915 NDCG: 0.0105-0.014-0.0192-0.0244 MRR: 0.0079-0.009-0.0099-0.0104
[Test]: Precision: 0.0025-0.002-0.0014-0.001 Recall: 0.0219-0.0362-0.0629-0.0912 NDCG: 0.0109-0.0145-0.0199-0.0246 MRR: 0.0083-0.0093-0.0102-0.0107
------------------------------------------------------
------------------------------------------------------
Runing Epoch 874 valid loss 328.1127 costs 00: 00: 13
[Valid]: Precision: 0.0032-0.0028-0.002-0.0015 Recall: 0.0152-0.0283-0.0457-0.0666 NDCG: 0.0094-0.013-0.0171-0.0211 MRR: 0.0113-0.0129-0.014-0.0145
[Test]: Precision: 0.0031-0.0026-0.002-0.0015 Recall: 0.0158-0.0265-0.0488-0.0724 NDCG: 0.0095-0.0125-0.0176-0.0222 MRR: 0.0109-0.0123-0.0136-0.0143
------------------------------------------------------
ood testing
[Valid]: Precision: 0.0024-0.002-0.0014-0.0011 Recall: 0.0213-0.035-0.0605-0.0914 NDCG: 0.0105-0.014-0.0192-0.0243 MRR: 0.0079-0.009-0.0099-0.0104
[Test]: Precision: 0.0025-0.002-0.0014-0.001 Recall: 0.0219-0.0362-0.063-0.0911 NDCG: 0.0109-0.0145-0.0199-0.0246 MRR: 0.0083-0.0093-0.0102-0.0107
------------------------------------------------------
------------------------------------------------------
Runing Epoch 875 valid loss 328.1158 costs 00: 00: 13
[Valid]: Precision: 0.0032-0.0028-0.002-0.0015 Recall: 0.0152-0.0283-0.0457-0.0666 NDCG: 0.0094-0.013-0.0171-0.0211 MRR: 0.0112-0.0128-0.0139-0.0144
[Test]: Precision: 0.0031-0.0026-0.002-0.0015 Recall: 0.0158-0.0265-0.0488-0.0724 NDCG: 0.0094-0.0125-0.0176-0.0221 MRR: 0.0108-0.0122-0.0135-0.0142
------------------------------------------------------
ood testing
[Valid]: Precision: 0.0024-0.002-0.0014-0.0011 Recall: 0.0213-0.035-0.0605-0.0914 NDCG: 0.0105-0.0141-0.0192-0.0244 MRR: 0.008-0.0091-0.01-0.0105
[Test]: Precision: 0.0025-0.002-0.0014-0.001 Recall: 0.0219-0.0362-0.0631-0.091 NDCG: 0.0109-0.0145-0.0199-0.0246 MRR: 0.0083-0.0093-0.0102-0.0107
------------------------------------------------------
------------------------------------------------------
Runing Epoch 876 valid loss 328.1117 costs 00: 00: 13
[Valid]: Precision: 0.0032-0.0028-0.002-0.0015 Recall: 0.0152-0.0283-0.0459-0.0668 NDCG: 0.0094-0.013-0.0171-0.0211 MRR: 0.0112-0.0128-0.0139-0.0144
[Test]: Precision: 0.0031-0.0026-0.002-0.0015 Recall: 0.0158-0.0265-0.0488-0.0723 NDCG: 0.0094-0.0125-0.0175-0.0221 MRR: 0.0108-0.0122-0.0135-0.0142
------------------------------------------------------
ood testing
[Valid]: Precision: 0.0024-0.002-0.0014-0.0011 Recall: 0.0213-0.035-0.0606-0.0914 NDCG: 0.0105-0.0141-0.0192-0.0244 MRR: 0.008-0.0091-0.01-0.0105
[Test]: Precision: 0.0025-0.002-0.0014-0.001 Recall: 0.0219-0.0362-0.0631-0.091 NDCG: 0.0109-0.0145-0.02-0.0246 MRR: 0.0083-0.0093-0.0102-0.0107
------------------------------------------------------
------------------------------------------------------
Runing Epoch 877 valid loss 328.1103 costs 00: 00: 12
[Valid]: Precision: 0.0032-0.0028-0.002-0.0015 Recall: 0.0152-0.0283-0.0459-0.0668 NDCG: 0.0094-0.013-0.0171-0.0211 MRR: 0.0113-0.0129-0.014-0.0145
[Test]: Precision: 0.0031-0.0026-0.002-0.0015 Recall: 0.0158-0.0265-0.049-0.0724 NDCG: 0.0095-0.0125-0.0176-0.0222 MRR: 0.0109-0.0123-0.0136-0.0143
------------------------------------------------------
ood testing
[Valid]: Precision: 0.0024-0.002-0.0014-0.0011 Recall: 0.0213-0.035-0.0606-0.0914 NDCG: 0.0105-0.014-0.0192-0.0243 MRR: 0.0079-0.009-0.0099-0.0104
[Test]: Precision: 0.0025-0.002-0.0014-0.001 Recall: 0.0219-0.0362-0.0631-0.091 NDCG: 0.0109-0.0145-0.0199-0.0246 MRR: 0.0083-0.0093-0.0102-0.0107
------------------------------------------------------
------------------------------------------------------
Runing Epoch 878 valid loss 328.1100 costs 00: 00: 13
[Valid]: Precision: 0.0032-0.0028-0.002-0.0015 Recall: 0.0152-0.0283-0.0458-0.0668 NDCG: 0.0094-0.013-0.0171-0.0211 MRR: 0.0113-0.0129-0.014-0.0145
[Test]: Precision: 0.0031-0.0026-0.0019-0.0015 Recall: 0.0158-0.0265-0.0487-0.0723 NDCG: 0.0095-0.0125-0.0176-0.0222 MRR: 0.0109-0.0123-0.0136-0.0143
------------------------------------------------------
ood testing
[Valid]: Precision: 0.0024-0.002-0.0014-0.0011 Recall: 0.0213-0.035-0.0607-0.0914 NDCG: 0.0105-0.014-0.0192-0.0243 MRR: 0.0079-0.009-0.0099-0.0104
[Test]: Precision: 0.0025-0.002-0.0014-0.001 Recall: 0.0219-0.0362-0.063-0.091 NDCG: 0.0109-0.0145-0.0199-0.0246 MRR: 0.0083-0.0093-0.0102-0.0107
------------------------------------------------------
------------------------------------------------------
Runing Epoch 879 valid loss 328.1104 costs 00: 00: 13
[Valid]: Precision: 0.0032-0.0028-0.002-0.0015 Recall: 0.0152-0.0283-0.0458-0.0668 NDCG: 0.0094-0.013-0.0171-0.0211 MRR: 0.0113-0.0129-0.014-0.0145
[Test]: Precision: 0.0031-0.0026-0.0019-0.0015 Recall: 0.0158-0.0265-0.0487-0.0724 NDCG: 0.0095-0.0125-0.0176-0.0222 MRR: 0.0109-0.0123-0.0136-0.0143
------------------------------------------------------
ood testing
[Valid]: Precision: 0.0024-0.002-0.0014-0.0011 Recall: 0.0213-0.035-0.0607-0.0914 NDCG: 0.0105-0.014-0.0192-0.0243 MRR: 0.0079-0.009-0.0099-0.0104
[Test]: Precision: 0.0025-0.002-0.0014-0.001 Recall: 0.0219-0.0362-0.063-0.091 NDCG: 0.0109-0.0145-0.0199-0.0246 MRR: 0.0083-0.0093-0.0102-0.0107
------------------------------------------------------
------------------------------------------------------
Runing Epoch 880 valid loss 328.1158 costs 00: 00: 13
[Valid]: Precision: 0.0032-0.0028-0.002-0.0015 Recall: 0.0152-0.0283-0.0459-0.0666 NDCG: 0.0094-0.013-0.0171-0.0211 MRR: 0.0112-0.0128-0.0139-0.0144
[Test]: Precision: 0.0031-0.0026-0.002-0.0016 Recall: 0.0158-0.0265-0.0488-0.0726 NDCG: 0.0094-0.0125-0.0175-0.0222 MRR: 0.0108-0.0122-0.0135-0.0142
------------------------------------------------------
ood testing
[Valid]: Precision: 0.0024-0.002-0.0014-0.0011 Recall: 0.0213-0.035-0.0606-0.0914 NDCG: 0.0105-0.0141-0.0192-0.0244 MRR: 0.008-0.0091-0.01-0.0105
[Test]: Precision: 0.0025-0.002-0.0014-0.001 Recall: 0.0219-0.0362-0.0631-0.0911 NDCG: 0.0109-0.0145-0.02-0.0246 MRR: 0.0083-0.0093-0.0102-0.0107
------------------------------------------------------
------------------------------------------------------
Runing Epoch 881 valid loss 328.1119 costs 00: 00: 12
[Valid]: Precision: 0.0032-0.0028-0.002-0.0015 Recall: 0.0152-0.0283-0.0458-0.0665 NDCG: 0.0094-0.013-0.0171-0.0211 MRR: 0.0112-0.0128-0.0139-0.0144
[Test]: Precision: 0.0031-0.0026-0.0019-0.0015 Recall: 0.0158-0.0265-0.0487-0.0725 NDCG: 0.0094-0.0125-0.0175-0.0222 MRR: 0.0108-0.0122-0.0135-0.0142
------------------------------------------------------
ood testing
[Valid]: Precision: 0.0024-0.002-0.0014-0.0011 Recall: 0.0213-0.035-0.0607-0.0914 NDCG: 0.0105-0.0141-0.0193-0.0244 MRR: 0.008-0.0091-0.01-0.0105
[Test]: Precision: 0.0025-0.002-0.0014-0.001 Recall: 0.0219-0.0362-0.063-0.091 NDCG: 0.0109-0.0145-0.0199-0.0246 MRR: 0.0083-0.0093-0.0102-0.0107
------------------------------------------------------
------------------------------------------------------
Runing Epoch 882 valid loss 328.1096 costs 00: 00: 13
[Valid]: Precision: 0.0032-0.0028-0.002-0.0015 Recall: 0.0152-0.0283-0.0458-0.0665 NDCG: 0.0094-0.013-0.0171-0.0211 MRR: 0.0113-0.0129-0.014-0.0145
[Test]: Precision: 0.0031-0.0026-0.002-0.0015 Recall: 0.0158-0.0265-0.0491-0.0725 NDCG: 0.0095-0.0125-0.0177-0.0222 MRR: 0.0109-0.0123-0.0136-0.0143
------------------------------------------------------
ood testing
[Valid]: Precision: 0.0024-0.002-0.0014-0.0011 Recall: 0.0213-0.035-0.0609-0.0914 NDCG: 0.0105-0.014-0.0193-0.0244 MRR: 0.0079-0.009-0.0099-0.0104
[Test]: Precision: 0.0025-0.002-0.0014-0.001 Recall: 0.0219-0.0362-0.0633-0.0908 NDCG: 0.0109-0.0145-0.02-0.0246 MRR: 0.0083-0.0093-0.0102-0.0107
------------------------------------------------------
------------------------------------------------------
Runing Epoch 883 valid loss 328.1110 costs 00: 00: 13
[Valid]: Precision: 0.0032-0.0028-0.002-0.0015 Recall: 0.0152-0.0283-0.046-0.0665 NDCG: 0.0094-0.013-0.0171-0.0211 MRR: 0.0112-0.0128-0.0139-0.0144
[Test]: Precision: 0.0031-0.0026-0.002-0.0015 Recall: 0.0158-0.0265-0.0492-0.0724 NDCG: 0.0094-0.0125-0.0176-0.0222 MRR: 0.0108-0.0122-0.0135-0.0142
------------------------------------------------------
ood testing
[Valid]: Precision: 0.0024-0.002-0.0014-0.0011 Recall: 0.0213-0.035-0.0608-0.0914 NDCG: 0.0105-0.0141-0.0193-0.0244 MRR: 0.008-0.0091-0.01-0.0105
[Test]: Precision: 0.0025-0.002-0.0014-0.001 Recall: 0.0219-0.0362-0.063-0.091 NDCG: 0.0109-0.0145-0.0199-0.0246 MRR: 0.0083-0.0093-0.0102-0.0107
------------------------------------------------------
------------------------------------------------------
Runing Epoch 884 valid loss 328.1190 costs 00: 00: 12
[Valid]: Precision: 0.0032-0.0028-0.002-0.0015 Recall: 0.0152-0.0283-0.046-0.0666 NDCG: 0.0094-0.013-0.0171-0.0211 MRR: 0.0112-0.0128-0.0139-0.0144
[Test]: Precision: 0.0031-0.0026-0.002-0.0015 Recall: 0.0158-0.0265-0.049-0.0725 NDCG: 0.0094-0.0125-0.0176-0.0222 MRR: 0.0108-0.0122-0.0135-0.0142
------------------------------------------------------
ood testing
[Valid]: Precision: 0.0024-0.002-0.0014-0.0011 Recall: 0.0213-0.035-0.0608-0.0914 NDCG: 0.0105-0.0141-0.0193-0.0244 MRR: 0.008-0.0091-0.01-0.0105
[Test]: Precision: 0.0025-0.002-0.0014-0.001 Recall: 0.0219-0.0362-0.063-0.0909 NDCG: 0.0109-0.0145-0.0199-0.0246 MRR: 0.0083-0.0093-0.0102-0.0107
------------------------------------------------------
------------------------------------------------------
Runing Epoch 885 valid loss 328.1119 costs 00: 00: 13
[Valid]: Precision: 0.0032-0.0028-0.002-0.0015 Recall: 0.0152-0.0283-0.046-0.0665 NDCG: 0.0094-0.013-0.0171-0.0211 MRR: 0.0113-0.0129-0.014-0.0145
[Test]: Precision: 0.0031-0.0026-0.002-0.0015 Recall: 0.0158-0.0265-0.049-0.0724 NDCG: 0.0095-0.0125-0.0176-0.0222 MRR: 0.0109-0.0123-0.0136-0.0143
------------------------------------------------------
ood testing
[Valid]: Precision: 0.0024-0.002-0.0014-0.0011 Recall: 0.0213-0.035-0.0608-0.0914 NDCG: 0.0105-0.014-0.0193-0.0244 MRR: 0.0079-0.009-0.0099-0.0104
[Test]: Precision: 0.0025-0.002-0.0014-0.001 Recall: 0.0219-0.0362-0.063-0.091 NDCG: 0.0109-0.0145-0.0199-0.0246 MRR: 0.0083-0.0093-0.0102-0.0107
------------------------------------------------------
------------------------------------------------------
Runing Epoch 886 valid loss 328.1092 costs 00: 00: 12
[Valid]: Precision: 0.0032-0.0028-0.002-0.0015 Recall: 0.0152-0.0283-0.0459-0.0666 NDCG: 0.0094-0.013-0.0171-0.0211 MRR: 0.0113-0.0129-0.014-0.0145
[Test]: Precision: 0.0031-0.0026-0.002-0.0015 Recall: 0.0158-0.0265-0.0491-0.0725 NDCG: 0.0095-0.0125-0.0176-0.0222 MRR: 0.0109-0.0123-0.0136-0.0143
------------------------------------------------------
ood testing
[Valid]: Precision: 0.0024-0.002-0.0014-0.0011 Recall: 0.0213-0.035-0.0607-0.0914 NDCG: 0.0105-0.014-0.0192-0.0244 MRR: 0.0079-0.009-0.0099-0.0104
[Test]: Precision: 0.0025-0.002-0.0014-0.001 Recall: 0.0219-0.0362-0.0632-0.091 NDCG: 0.0109-0.0145-0.02-0.0246 MRR: 0.0083-0.0093-0.0102-0.0107
------------------------------------------------------
------------------------------------------------------
Runing Epoch 887 valid loss 328.1098 costs 00: 00: 14
[Valid]: Precision: 0.0032-0.0028-0.002-0.0015 Recall: 0.0152-0.0283-0.0459-0.0666 NDCG: 0.0094-0.013-0.0171-0.0211 MRR: 0.0113-0.0129-0.014-0.0145
[Test]: Precision: 0.0031-0.0026-0.002-0.0015 Recall: 0.0158-0.0265-0.0491-0.0725 NDCG: 0.0095-0.0125-0.0176-0.0222 MRR: 0.0109-0.0123-0.0136-0.0143
------------------------------------------------------
ood testing
[Valid]: Precision: 0.0024-0.002-0.0014-0.0011 Recall: 0.0213-0.035-0.0607-0.0915 NDCG: 0.0105-0.014-0.0192-0.0244 MRR: 0.0079-0.009-0.0099-0.0104
[Test]: Precision: 0.0025-0.002-0.0014-0.001 Recall: 0.0219-0.0362-0.0632-0.0911 NDCG: 0.0109-0.0145-0.02-0.0246 MRR: 0.0083-0.0093-0.0102-0.0107
------------------------------------------------------
------------------------------------------------------
Runing Epoch 888 valid loss 328.1182 costs 00: 00: 12
[Valid]: Precision: 0.0032-0.0028-0.002-0.0015 Recall: 0.0152-0.0283-0.0459-0.0667 NDCG: 0.0094-0.013-0.0171-0.0211 MRR: 0.0113-0.0129-0.014-0.0145
[Test]: Precision: 0.0031-0.0026-0.002-0.0015 Recall: 0.0158-0.0265-0.0491-0.0726 NDCG: 0.0095-0.0125-0.0177-0.0222 MRR: 0.0109-0.0123-0.0136-0.0143
------------------------------------------------------
ood testing
[Valid]: Precision: 0.0024-0.002-0.0014-0.0011 Recall: 0.0213-0.035-0.0607-0.0916 NDCG: 0.0105-0.014-0.0192-0.0244 MRR: 0.0079-0.009-0.0099-0.0104
[Test]: Precision: 0.0025-0.002-0.0014-0.001 Recall: 0.0219-0.0362-0.0632-0.0911 NDCG: 0.0109-0.0145-0.02-0.0246 MRR: 0.0083-0.0093-0.0102-0.0107
------------------------------------------------------
------------------------------------------------------
Runing Epoch 889 valid loss 328.1097 costs 00: 00: 13
[Valid]: Precision: 0.0032-0.0028-0.002-0.0015 Recall: 0.0152-0.0283-0.0457-0.0667 NDCG: 0.0094-0.013-0.017-0.0211 MRR: 0.0112-0.0128-0.0139-0.0144
[Test]: Precision: 0.0031-0.0026-0.002-0.0015 Recall: 0.0158-0.0265-0.0493-0.0726 NDCG: 0.0094-0.0125-0.0176-0.0222 MRR: 0.0108-0.0122-0.0135-0.0142
------------------------------------------------------
ood testing
[Valid]: Precision: 0.0024-0.002-0.0014-0.0011 Recall: 0.0213-0.035-0.0607-0.0916 NDCG: 0.0105-0.0141-0.0193-0.0244 MRR: 0.008-0.0091-0.01-0.0105
[Test]: Precision: 0.0025-0.002-0.0014-0.001 Recall: 0.0219-0.0362-0.0632-0.0911 NDCG: 0.0109-0.0145-0.02-0.0246 MRR: 0.0083-0.0093-0.0102-0.0107
------------------------------------------------------
------------------------------------------------------
Runing Epoch 890 valid loss 328.1167 costs 00: 00: 13
[Valid]: Precision: 0.0032-0.0028-0.002-0.0015 Recall: 0.0152-0.0283-0.0457-0.0665 NDCG: 0.0094-0.013-0.017-0.0211 MRR: 0.0112-0.0128-0.0139-0.0144
[Test]: Precision: 0.0031-0.0026-0.002-0.0015 Recall: 0.0158-0.0265-0.0493-0.0725 NDCG: 0.0094-0.0125-0.0176-0.0221 MRR: 0.0108-0.0122-0.0135-0.0142
------------------------------------------------------
ood testing
[Valid]: Precision: 0.0024-0.002-0.0014-0.0011 Recall: 0.0213-0.035-0.0607-0.0916 NDCG: 0.0105-0.0141-0.0193-0.0244 MRR: 0.008-0.0091-0.01-0.0105
[Test]: Precision: 0.0025-0.002-0.0014-0.001 Recall: 0.0219-0.0362-0.0632-0.0909 NDCG: 0.0109-0.0145-0.02-0.0246 MRR: 0.0083-0.0093-0.0102-0.0107
------------------------------------------------------
------------------------------------------------------
Runing Epoch 891 valid loss 328.1195 costs 00: 00: 13
[Valid]: Precision: 0.0032-0.0028-0.002-0.0015 Recall: 0.0152-0.0283-0.0459-0.0667 NDCG: 0.0094-0.013-0.0171-0.0211 MRR: 0.0112-0.0128-0.0139-0.0144
[Test]: Precision: 0.0031-0.0026-0.002-0.0015 Recall: 0.0158-0.0265-0.0492-0.0724 NDCG: 0.0094-0.0125-0.0176-0.0221 MRR: 0.0108-0.0122-0.0135-0.0142
------------------------------------------------------
ood testing
[Valid]: Precision: 0.0024-0.002-0.0014-0.0011 Recall: 0.0213-0.035-0.0607-0.0915 NDCG: 0.0105-0.0141-0.0193-0.0244 MRR: 0.008-0.0091-0.01-0.0105
[Test]: Precision: 0.0025-0.002-0.0014-0.001 Recall: 0.0219-0.0362-0.0629-0.0911 NDCG: 0.0109-0.0145-0.0199-0.0246 MRR: 0.0083-0.0093-0.0102-0.0107
------------------------------------------------------
------------------------------------------------------
Runing Epoch 892 valid loss 328.1077 costs 00: 00: 13
[Valid]: Precision: 0.0032-0.0028-0.002-0.0015 Recall: 0.0152-0.0283-0.0459-0.0668 NDCG: 0.0094-0.013-0.0171-0.0211 MRR: 0.0112-0.0128-0.0139-0.0144
[Test]: Precision: 0.0031-0.0026-0.002-0.0015 Recall: 0.0158-0.0265-0.049-0.0726 NDCG: 0.0094-0.0125-0.0176-0.0222 MRR: 0.0108-0.0122-0.0135-0.0142
------------------------------------------------------
ood testing
[Valid]: Precision: 0.0024-0.002-0.0014-0.0011 Recall: 0.0213-0.035-0.0607-0.0916 NDCG: 0.0105-0.0141-0.0193-0.0244 MRR: 0.008-0.0091-0.01-0.0105
[Test]: Precision: 0.0025-0.002-0.0014-0.001 Recall: 0.0219-0.0362-0.0629-0.0911 NDCG: 0.0109-0.0145-0.0199-0.0246 MRR: 0.0083-0.0093-0.0102-0.0107
------------------------------------------------------
------------------------------------------------------
Runing Epoch 893 valid loss 328.1105 costs 00: 00: 12
[Valid]: Precision: 0.0032-0.0028-0.002-0.0015 Recall: 0.0152-0.0283-0.0457-0.0668 NDCG: 0.0094-0.013-0.0171-0.0211 MRR: 0.0112-0.0128-0.0139-0.0144
[Test]: Precision: 0.0031-0.0026-0.002-0.0015 Recall: 0.0158-0.0265-0.0491-0.0726 NDCG: 0.0094-0.0125-0.0176-0.0222 MRR: 0.0108-0.0122-0.0135-0.0142
------------------------------------------------------
ood testing
[Valid]: Precision: 0.0024-0.002-0.0014-0.0011 Recall: 0.0213-0.035-0.0606-0.0916 NDCG: 0.0105-0.0141-0.0193-0.0244 MRR: 0.008-0.0091-0.01-0.0105
[Test]: Precision: 0.0025-0.002-0.0014-0.001 Recall: 0.0219-0.0362-0.063-0.0911 NDCG: 0.0109-0.0145-0.0199-0.0246 MRR: 0.0083-0.0093-0.0102-0.0107
------------------------------------------------------
------------------------------------------------------
Runing Epoch 894 valid loss 328.1124 costs 00: 00: 13
[Valid]: Precision: 0.0032-0.0028-0.002-0.0015 Recall: 0.0152-0.0283-0.0457-0.0667 NDCG: 0.0094-0.013-0.0171-0.0211 MRR: 0.0112-0.0128-0.0139-0.0144
[Test]: Precision: 0.0031-0.0026-0.002-0.0015 Recall: 0.0158-0.0265-0.0488-0.0725 NDCG: 0.0094-0.0125-0.0176-0.0221 MRR: 0.0108-0.0122-0.0135-0.0142
------------------------------------------------------
ood testing
[Valid]: Precision: 0.0024-0.002-0.0014-0.0011 Recall: 0.0213-0.035-0.0605-0.0917 NDCG: 0.0105-0.0141-0.0192-0.0244 MRR: 0.008-0.0091-0.01-0.0105
[Test]: Precision: 0.0025-0.002-0.0014-0.001 Recall: 0.0219-0.0362-0.063-0.0913 NDCG: 0.0109-0.0145-0.0199-0.0246 MRR: 0.0083-0.0093-0.0102-0.0107
------------------------------------------------------
------------------------------------------------------
Runing Epoch 895 valid loss 328.1149 costs 00: 00: 12
[Valid]: Precision: 0.0032-0.0028-0.002-0.0015 Recall: 0.0152-0.0283-0.0457-0.0667 NDCG: 0.0094-0.013-0.0171-0.0211 MRR: 0.0113-0.0129-0.014-0.0145
[Test]: Precision: 0.0031-0.0026-0.002-0.0015 Recall: 0.0158-0.0265-0.0488-0.0726 NDCG: 0.0095-0.0125-0.0176-0.0222 MRR: 0.0109-0.0123-0.0136-0.0143
------------------------------------------------------
ood testing
[Valid]: Precision: 0.0024-0.002-0.0014-0.0011 Recall: 0.0213-0.035-0.0605-0.0916 NDCG: 0.0105-0.014-0.0192-0.0244 MRR: 0.0079-0.009-0.0099-0.0104
[Test]: Precision: 0.0025-0.002-0.0014-0.001 Recall: 0.0219-0.0362-0.063-0.0911 NDCG: 0.0109-0.0145-0.0199-0.0246 MRR: 0.0083-0.0093-0.0102-0.0107
------------------------------------------------------
------------------------------------------------------
Runing Epoch 896 valid loss 328.1127 costs 00: 00: 14
[Valid]: Precision: 0.0032-0.0028-0.002-0.0015 Recall: 0.0152-0.0283-0.0457-0.0666 NDCG: 0.0094-0.013-0.0171-0.0211 MRR: 0.0113-0.0129-0.014-0.0145
[Test]: Precision: 0.0031-0.0026-0.002-0.0015 Recall: 0.0158-0.0265-0.0491-0.0724 NDCG: 0.0095-0.0125-0.0177-0.0222 MRR: 0.0109-0.0123-0.0136-0.0143
------------------------------------------------------
ood testing
[Valid]: Precision: 0.0024-0.002-0.0014-0.0011 Recall: 0.0213-0.035-0.0607-0.0916 NDCG: 0.0105-0.014-0.0192-0.0244 MRR: 0.0079-0.009-0.0099-0.0104
[Test]: Precision: 0.0025-0.002-0.0014-0.001 Recall: 0.0219-0.0362-0.063-0.0913 NDCG: 0.0109-0.0145-0.0199-0.0246 MRR: 0.0083-0.0093-0.0102-0.0107
------------------------------------------------------
------------------------------------------------------
Runing Epoch 897 valid loss 328.1069 costs 00: 00: 12
[Valid]: Precision: 0.0032-0.0028-0.002-0.0015 Recall: 0.0152-0.0283-0.0457-0.0666 NDCG: 0.0094-0.013-0.0171-0.0211 MRR: 0.0113-0.0129-0.014-0.0145
[Test]: Precision: 0.0031-0.0026-0.002-0.0015 Recall: 0.0158-0.0265-0.0489-0.0725 NDCG: 0.0095-0.0125-0.0176-0.0222 MRR: 0.0109-0.0123-0.0136-0.0143
------------------------------------------------------
ood testing
[Valid]: Precision: 0.0024-0.002-0.0014-0.0011 Recall: 0.0213-0.035-0.0606-0.0915 NDCG: 0.0105-0.014-0.0192-0.0244 MRR: 0.0079-0.009-0.0099-0.0104
[Test]: Precision: 0.0025-0.002-0.0014-0.001 Recall: 0.0219-0.0362-0.0629-0.0911 NDCG: 0.0109-0.0145-0.0199-0.0246 MRR: 0.0083-0.0093-0.0102-0.0107
------------------------------------------------------
------------------------------------------------------
Runing Epoch 898 valid loss 328.1122 costs 00: 00: 13
[Valid]: Precision: 0.0032-0.0028-0.002-0.0015 Recall: 0.0152-0.0283-0.0457-0.0666 NDCG: 0.0094-0.013-0.0171-0.0211 MRR: 0.0113-0.0129-0.014-0.0145
[Test]: Precision: 0.0031-0.0026-0.002-0.0015 Recall: 0.0158-0.0265-0.0491-0.0725 NDCG: 0.0095-0.0125-0.0177-0.0222 MRR: 0.0109-0.0123-0.0136-0.0143
------------------------------------------------------
ood testing
[Valid]: Precision: 0.0024-0.002-0.0014-0.0011 Recall: 0.0213-0.035-0.0606-0.0915 NDCG: 0.0105-0.014-0.0192-0.0244 MRR: 0.0079-0.009-0.0099-0.0104
[Test]: Precision: 0.0025-0.002-0.0014-0.001 Recall: 0.0219-0.0362-0.063-0.0911 NDCG: 0.0109-0.0145-0.0199-0.0246 MRR: 0.0083-0.0093-0.0102-0.0107
------------------------------------------------------
------------------------------------------------------
Runing Epoch 899 valid loss 328.1153 costs 00: 00: 13
[Valid]: Precision: 0.0032-0.0028-0.002-0.0015 Recall: 0.0152-0.0283-0.0457-0.0666 NDCG: 0.0094-0.013-0.0171-0.0211 MRR: 0.0113-0.0129-0.014-0.0145
[Test]: Precision: 0.0031-0.0026-0.002-0.0015 Recall: 0.0158-0.0265-0.0493-0.0724 NDCG: 0.0095-0.0125-0.0177-0.0222 MRR: 0.0109-0.0123-0.0136-0.0143
------------------------------------------------------
ood testing
[Valid]: Precision: 0.0024-0.002-0.0014-0.0011 Recall: 0.0213-0.035-0.0606-0.0914 NDCG: 0.0105-0.014-0.0192-0.0243 MRR: 0.0079-0.009-0.0099-0.0104
[Test]: Precision: 0.0025-0.002-0.0014-0.001 Recall: 0.0219-0.0362-0.063-0.0911 NDCG: 0.0109-0.0145-0.0199-0.0246 MRR: 0.0083-0.0093-0.0102-0.0107
------------------------------------------------------
------------------------------------------------------
Runing Epoch 900 valid loss 328.1126 costs 00: 00: 13
[Valid]: Precision: 0.0032-0.0028-0.002-0.0015 Recall: 0.0152-0.0283-0.0457-0.0666 NDCG: 0.0094-0.013-0.0171-0.0211 MRR: 0.0113-0.0129-0.014-0.0145
[Test]: Precision: 0.0031-0.0026-0.002-0.0015 Recall: 0.0158-0.0265-0.0491-0.0724 NDCG: 0.0095-0.0125-0.0177-0.0222 MRR: 0.0109-0.0123-0.0136-0.0143
------------------------------------------------------
ood testing
[Valid]: Precision: 0.0024-0.002-0.0014-0.0011 Recall: 0.0213-0.035-0.0606-0.0916 NDCG: 0.0105-0.014-0.0192-0.0244 MRR: 0.0079-0.009-0.0099-0.0104
[Test]: Precision: 0.0025-0.002-0.0014-0.001 Recall: 0.0219-0.0362-0.063-0.0913 NDCG: 0.0109-0.0145-0.0199-0.0246 MRR: 0.0083-0.0093-0.0102-0.0107
------------------------------------------------------
------------------------------------------------------
Runing Epoch 901 valid loss 328.1142 costs 00: 00: 13
[Valid]: Precision: 0.0032-0.0028-0.002-0.0015 Recall: 0.0152-0.0283-0.0457-0.0666 NDCG: 0.0094-0.013-0.0171-0.0211 MRR: 0.0113-0.0129-0.014-0.0145
[Test]: Precision: 0.0031-0.0026-0.002-0.0015 Recall: 0.0158-0.0265-0.0493-0.0725 NDCG: 0.0095-0.0125-0.0177-0.0222 MRR: 0.0109-0.0123-0.0136-0.0143
------------------------------------------------------
ood testing
[Valid]: Precision: 0.0024-0.002-0.0014-0.0011 Recall: 0.0213-0.035-0.0608-0.0915 NDCG: 0.0105-0.014-0.0192-0.0244 MRR: 0.0079-0.009-0.0099-0.0104
[Test]: Precision: 0.0025-0.002-0.0014-0.001 Recall: 0.0219-0.0362-0.0632-0.0911 NDCG: 0.0109-0.0145-0.02-0.0246 MRR: 0.0083-0.0093-0.0102-0.0107
------------------------------------------------------
------------------------------------------------------
Runing Epoch 902 valid loss 328.1166 costs 00: 00: 12
[Valid]: Precision: 0.0032-0.0028-0.002-0.0015 Recall: 0.0152-0.0283-0.0457-0.0667 NDCG: 0.0094-0.013-0.0171-0.0211 MRR: 0.0113-0.0129-0.014-0.0145
[Test]: Precision: 0.0031-0.0026-0.002-0.0015 Recall: 0.0158-0.0265-0.0493-0.0724 NDCG: 0.0095-0.0125-0.0177-0.0222 MRR: 0.0109-0.0123-0.0136-0.0143
------------------------------------------------------
ood testing
[Valid]: Precision: 0.0024-0.002-0.0014-0.0011 Recall: 0.0213-0.035-0.0608-0.0916 NDCG: 0.0105-0.014-0.0192-0.0244 MRR: 0.0079-0.009-0.0099-0.0104
[Test]: Precision: 0.0025-0.002-0.0014-0.001 Recall: 0.0219-0.0362-0.0632-0.0913 NDCG: 0.0109-0.0145-0.02-0.0246 MRR: 0.0083-0.0093-0.0102-0.0107
------------------------------------------------------
------------------------------------------------------
Runing Epoch 903 valid loss 328.1066 costs 00: 00: 13
[Valid]: Precision: 0.0032-0.0028-0.002-0.0015 Recall: 0.0152-0.0283-0.0457-0.0668 NDCG: 0.0094-0.013-0.0171-0.0211 MRR: 0.0113-0.0129-0.014-0.0145
[Test]: Precision: 0.0031-0.0026-0.002-0.0015 Recall: 0.0158-0.0265-0.0493-0.0723 NDCG: 0.0095-0.0125-0.0177-0.0222 MRR: 0.0109-0.0123-0.0136-0.0143
------------------------------------------------------
ood testing
[Valid]: Precision: 0.0024-0.002-0.0014-0.0011 Recall: 0.0213-0.035-0.0608-0.0916 NDCG: 0.0105-0.014-0.0192-0.0244 MRR: 0.0079-0.009-0.0099-0.0104
[Test]: Precision: 0.0025-0.002-0.0014-0.001 Recall: 0.0219-0.0362-0.0632-0.0912 NDCG: 0.0109-0.0145-0.02-0.0246 MRR: 0.0083-0.0093-0.0102-0.0107
------------------------------------------------------
------------------------------------------------------
Runing Epoch 904 valid loss 328.1178 costs 00: 00: 12
[Valid]: Precision: 0.0032-0.0028-0.002-0.0015 Recall: 0.0152-0.0283-0.0457-0.0667 NDCG: 0.0094-0.013-0.0171-0.0211 MRR: 0.0113-0.0129-0.014-0.0145
[Test]: Precision: 0.0031-0.0026-0.002-0.0015 Recall: 0.0158-0.0265-0.0493-0.0725 NDCG: 0.0095-0.0125-0.0177-0.0222 MRR: 0.0109-0.0123-0.0136-0.0143
------------------------------------------------------
ood testing
[Valid]: Precision: 0.0024-0.002-0.0014-0.0011 Recall: 0.0213-0.035-0.0606-0.0915 NDCG: 0.0105-0.014-0.0192-0.0244 MRR: 0.0079-0.009-0.0099-0.0104
[Test]: Precision: 0.0025-0.002-0.0014-0.001 Recall: 0.0219-0.0362-0.063-0.0911 NDCG: 0.0109-0.0145-0.0199-0.0246 MRR: 0.0083-0.0093-0.0102-0.0107
------------------------------------------------------
------------------------------------------------------
Runing Epoch 905 valid loss 328.1170 costs 00: 00: 14
[Valid]: Precision: 0.0032-0.0028-0.002-0.0015 Recall: 0.0152-0.0283-0.0458-0.0668 NDCG: 0.0094-0.013-0.0171-0.0211 MRR: 0.0112-0.0128-0.0139-0.0144
[Test]: Precision: 0.0031-0.0026-0.002-0.0015 Recall: 0.0158-0.0265-0.0493-0.0726 NDCG: 0.0094-0.0125-0.0176-0.0222 MRR: 0.0108-0.0122-0.0135-0.0142
------------------------------------------------------
ood testing
[Valid]: Precision: 0.0024-0.002-0.0014-0.0011 Recall: 0.0213-0.035-0.0608-0.0917 NDCG: 0.0105-0.0141-0.0193-0.0244 MRR: 0.008-0.0091-0.01-0.0105
[Test]: Precision: 0.0025-0.002-0.0014-0.001 Recall: 0.0219-0.0362-0.0631-0.0911 NDCG: 0.0109-0.0145-0.02-0.0246 MRR: 0.0083-0.0093-0.0102-0.0107
------------------------------------------------------
------------------------------------------------------
Runing Epoch 906 valid loss 328.1144 costs 00: 00: 12
[Valid]: Precision: 0.0032-0.0028-0.002-0.0015 Recall: 0.0152-0.0283-0.0457-0.0667 NDCG: 0.0094-0.013-0.0171-0.0211 MRR: 0.0113-0.0129-0.014-0.0145
[Test]: Precision: 0.0031-0.0026-0.002-0.0015 Recall: 0.0158-0.0265-0.0493-0.0724 NDCG: 0.0095-0.0125-0.0177-0.0222 MRR: 0.0109-0.0123-0.0136-0.0143
------------------------------------------------------
ood testing
[Valid]: Precision: 0.0024-0.002-0.0014-0.0011 Recall: 0.0213-0.035-0.0608-0.0915 NDCG: 0.0105-0.014-0.0192-0.0244 MRR: 0.0079-0.009-0.0099-0.0104
[Test]: Precision: 0.0025-0.002-0.0014-0.001 Recall: 0.0219-0.0362-0.0632-0.0911 NDCG: 0.0109-0.0145-0.02-0.0246 MRR: 0.0083-0.0093-0.0102-0.0107
------------------------------------------------------
------------------------------------------------------
Runing Epoch 907 valid loss 328.1188 costs 00: 00: 13
[Valid]: Precision: 0.0032-0.0028-0.002-0.0015 Recall: 0.0152-0.0283-0.0457-0.0666 NDCG: 0.0094-0.013-0.0171-0.0211 MRR: 0.0113-0.0129-0.014-0.0145
[Test]: Precision: 0.0031-0.0026-0.002-0.0015 Recall: 0.0158-0.0265-0.0491-0.0726 NDCG: 0.0095-0.0125-0.0177-0.0222 MRR: 0.0109-0.0123-0.0136-0.0143
------------------------------------------------------
ood testing
[Valid]: Precision: 0.0024-0.002-0.0014-0.0011 Recall: 0.0213-0.035-0.0606-0.0918 NDCG: 0.0105-0.014-0.0192-0.0244 MRR: 0.0079-0.009-0.0099-0.0104
[Test]: Precision: 0.0025-0.002-0.0014-0.001 Recall: 0.0219-0.0362-0.063-0.0911 NDCG: 0.0109-0.0145-0.0199-0.0246 MRR: 0.0083-0.0093-0.0102-0.0107
------------------------------------------------------
------------------------------------------------------
Runing Epoch 908 valid loss 328.1170 costs 00: 00: 12
[Valid]: Precision: 0.0032-0.0028-0.002-0.0015 Recall: 0.0152-0.0283-0.0457-0.0666 NDCG: 0.0094-0.013-0.0171-0.0211 MRR: 0.0113-0.0129-0.014-0.0145
[Test]: Precision: 0.0031-0.0026-0.002-0.0015 Recall: 0.0158-0.0265-0.0491-0.0726 NDCG: 0.0095-0.0125-0.0177-0.0222 MRR: 0.0109-0.0123-0.0136-0.0143
------------------------------------------------------
ood testing
[Valid]: Precision: 0.0024-0.002-0.0014-0.0011 Recall: 0.0213-0.035-0.0608-0.0917 NDCG: 0.0105-0.014-0.0192-0.0244 MRR: 0.0079-0.009-0.0099-0.0104
[Test]: Precision: 0.0025-0.002-0.0014-0.001 Recall: 0.0219-0.0362-0.0632-0.0909 NDCG: 0.0109-0.0145-0.02-0.0246 MRR: 0.0083-0.0093-0.0102-0.0107
------------------------------------------------------
------------------------------------------------------
Runing Epoch 909 valid loss 328.1087 costs 00: 00: 13
[Valid]: Precision: 0.0032-0.0028-0.002-0.0015 Recall: 0.0152-0.0283-0.0457-0.0664 NDCG: 0.0094-0.013-0.0171-0.0211 MRR: 0.0113-0.0129-0.014-0.0145
[Test]: Precision: 0.0031-0.0026-0.002-0.0015 Recall: 0.0158-0.0265-0.0491-0.0725 NDCG: 0.0095-0.0125-0.0176-0.0222 MRR: 0.0109-0.0123-0.0136-0.0143
------------------------------------------------------
ood testing
[Valid]: Precision: 0.0024-0.002-0.0014-0.0011 Recall: 0.0213-0.035-0.0606-0.0916 NDCG: 0.0105-0.014-0.0192-0.0244 MRR: 0.0079-0.009-0.0099-0.0104
[Test]: Precision: 0.0025-0.002-0.0014-0.001 Recall: 0.0219-0.0362-0.063-0.0909 NDCG: 0.0109-0.0145-0.0199-0.0246 MRR: 0.0083-0.0093-0.0102-0.0107
------------------------------------------------------
------------------------------------------------------
Runing Epoch 910 valid loss 328.1116 costs 00: 00: 13
[Valid]: Precision: 0.0032-0.0028-0.002-0.0015 Recall: 0.0152-0.0283-0.0457-0.0664 NDCG: 0.0094-0.013-0.0171-0.0211 MRR: 0.0113-0.0129-0.014-0.0145
[Test]: Precision: 0.0031-0.0026-0.002-0.0015 Recall: 0.0158-0.0265-0.0493-0.0724 NDCG: 0.0095-0.0125-0.0177-0.0222 MRR: 0.0109-0.0123-0.0136-0.0143
------------------------------------------------------
ood testing
[Valid]: Precision: 0.0024-0.002-0.0014-0.0011 Recall: 0.0213-0.035-0.0608-0.0915 NDCG: 0.0105-0.014-0.0192-0.0244 MRR: 0.0079-0.009-0.0099-0.0104
[Test]: Precision: 0.0025-0.002-0.0014-0.001 Recall: 0.0219-0.0362-0.0632-0.091 NDCG: 0.0109-0.0145-0.02-0.0246 MRR: 0.0083-0.0093-0.0102-0.0107
------------------------------------------------------
------------------------------------------------------
Runing Epoch 911 valid loss 328.1146 costs 00: 00: 12
[Valid]: Precision: 0.0032-0.0028-0.002-0.0015 Recall: 0.0152-0.0283-0.0457-0.0667 NDCG: 0.0094-0.013-0.0171-0.0211 MRR: 0.0113-0.0129-0.014-0.0145
[Test]: Precision: 0.0031-0.0026-0.002-0.0015 Recall: 0.0158-0.0265-0.0491-0.0724 NDCG: 0.0095-0.0125-0.0176-0.0222 MRR: 0.0109-0.0123-0.0136-0.0143
------------------------------------------------------
ood testing
[Valid]: Precision: 0.0024-0.002-0.0014-0.0011 Recall: 0.0213-0.035-0.0608-0.0914 NDCG: 0.0105-0.014-0.0192-0.0244 MRR: 0.0079-0.009-0.0099-0.0104
[Test]: Precision: 0.0025-0.002-0.0014-0.001 Recall: 0.0219-0.0362-0.0632-0.0909 NDCG: 0.0109-0.0145-0.02-0.0246 MRR: 0.0083-0.0093-0.0102-0.0107
------------------------------------------------------
------------------------------------------------------
Runing Epoch 912 valid loss 328.1192 costs 00: 00: 13
[Valid]: Precision: 0.0032-0.0028-0.002-0.0015 Recall: 0.0152-0.0283-0.0457-0.0666 NDCG: 0.0094-0.013-0.0171-0.0211 MRR: 0.0113-0.0129-0.014-0.0145
[Test]: Precision: 0.0031-0.0026-0.002-0.0015 Recall: 0.0158-0.0265-0.0493-0.0726 NDCG: 0.0095-0.0125-0.0177-0.0222 MRR: 0.0109-0.0123-0.0136-0.0143
------------------------------------------------------
ood testing
[Valid]: Precision: 0.0024-0.002-0.0014-0.0011 Recall: 0.0213-0.035-0.0608-0.0917 NDCG: 0.0105-0.014-0.0192-0.0244 MRR: 0.0079-0.009-0.0099-0.0104
[Test]: Precision: 0.0025-0.002-0.0014-0.001 Recall: 0.0219-0.0362-0.0632-0.0909 NDCG: 0.0109-0.0145-0.02-0.0246 MRR: 0.0083-0.0093-0.0102-0.0107
------------------------------------------------------
------------------------------------------------------
Runing Epoch 913 valid loss 328.1087 costs 00: 00: 12
[Valid]: Precision: 0.0032-0.0028-0.002-0.0015 Recall: 0.0152-0.0283-0.0458-0.0666 NDCG: 0.0094-0.013-0.0171-0.0211 MRR: 0.0113-0.0129-0.014-0.0145
[Test]: Precision: 0.0031-0.0026-0.002-0.0015 Recall: 0.0158-0.0265-0.0493-0.0726 NDCG: 0.0095-0.0125-0.0177-0.0222 MRR: 0.0109-0.0123-0.0136-0.0143
------------------------------------------------------
ood testing
[Valid]: Precision: 0.0024-0.002-0.0014-0.0011 Recall: 0.0213-0.035-0.0609-0.0917 NDCG: 0.0105-0.014-0.0193-0.0244 MRR: 0.0079-0.009-0.0099-0.0104
[Test]: Precision: 0.0025-0.002-0.0014-0.001 Recall: 0.0219-0.0362-0.0633-0.0909 NDCG: 0.0109-0.0145-0.02-0.0246 MRR: 0.0083-0.0093-0.0102-0.0107
------------------------------------------------------
------------------------------------------------------
Runing Epoch 914 valid loss 328.1120 costs 00: 00: 14
[Valid]: Precision: 0.0032-0.0028-0.002-0.0015 Recall: 0.0152-0.0283-0.0457-0.0667 NDCG: 0.0094-0.013-0.0171-0.0211 MRR: 0.0113-0.0129-0.014-0.0145
[Test]: Precision: 0.0031-0.0026-0.002-0.0015 Recall: 0.0158-0.0265-0.0493-0.0724 NDCG: 0.0095-0.0125-0.0177-0.0222 MRR: 0.0109-0.0123-0.0136-0.0143
------------------------------------------------------
ood testing
[Valid]: Precision: 0.0024-0.002-0.0014-0.0011 Recall: 0.0213-0.035-0.0608-0.0914 NDCG: 0.0105-0.014-0.0192-0.0244 MRR: 0.0079-0.009-0.0099-0.0104
[Test]: Precision: 0.0025-0.002-0.0014-0.001 Recall: 0.0219-0.0362-0.0632-0.0909 NDCG: 0.0109-0.0145-0.02-0.0246 MRR: 0.0083-0.0093-0.0102-0.0107
------------------------------------------------------
------------------------------------------------------
Runing Epoch 915 valid loss 328.1204 costs 00: 00: 12
[Valid]: Precision: 0.0032-0.0028-0.002-0.0015 Recall: 0.0152-0.0283-0.046-0.0665 NDCG: 0.0094-0.013-0.0171-0.0211 MRR: 0.0113-0.0129-0.014-0.0145
[Test]: Precision: 0.0031-0.0026-0.002-0.0016 Recall: 0.0158-0.0265-0.0491-0.0727 NDCG: 0.0095-0.0125-0.0177-0.0222 MRR: 0.0109-0.0123-0.0136-0.0143
------------------------------------------------------
ood testing
[Valid]: Precision: 0.0024-0.002-0.0014-0.0011 Recall: 0.0213-0.035-0.0608-0.0915 NDCG: 0.0105-0.014-0.0193-0.0244 MRR: 0.0079-0.009-0.0099-0.0104
[Test]: Precision: 0.0025-0.002-0.0014-0.001 Recall: 0.0219-0.0362-0.0633-0.0911 NDCG: 0.0109-0.0145-0.02-0.0246 MRR: 0.0083-0.0093-0.0102-0.0107
------------------------------------------------------
------------------------------------------------------
Runing Epoch 916 valid loss 328.1175 costs 00: 00: 13
[Valid]: Precision: 0.0032-0.0028-0.002-0.0015 Recall: 0.0152-0.0283-0.046-0.0666 NDCG: 0.0094-0.013-0.0171-0.0211 MRR: 0.0113-0.0129-0.014-0.0145
[Test]: Precision: 0.0031-0.0026-0.002-0.0015 Recall: 0.0158-0.0265-0.0493-0.0724 NDCG: 0.0095-0.0125-0.0177-0.0222 MRR: 0.0109-0.0123-0.0136-0.0143
------------------------------------------------------
ood testing
[Valid]: Precision: 0.0024-0.002-0.0014-0.0011 Recall: 0.0213-0.035-0.0608-0.0914 NDCG: 0.0105-0.014-0.0193-0.0244 MRR: 0.0079-0.009-0.0099-0.0104
[Test]: Precision: 0.0025-0.002-0.0014-0.001 Recall: 0.0219-0.0362-0.0633-0.0908 NDCG: 0.0109-0.0145-0.02-0.0246 MRR: 0.0083-0.0093-0.0102-0.0107
------------------------------------------------------
------------------------------------------------------
Runing Epoch 917 valid loss 328.1164 costs 00: 00: 13
[Valid]: Precision: 0.0032-0.0028-0.002-0.0015 Recall: 0.0152-0.0283-0.0458-0.0666 NDCG: 0.0094-0.013-0.0171-0.0211 MRR: 0.0113-0.0129-0.014-0.0145
[Test]: Precision: 0.0031-0.0026-0.002-0.0015 Recall: 0.0158-0.0265-0.0493-0.0724 NDCG: 0.0095-0.0125-0.0177-0.0222 MRR: 0.0109-0.0123-0.0136-0.0143
------------------------------------------------------
ood testing
[Valid]: Precision: 0.0024-0.002-0.0014-0.0011 Recall: 0.0213-0.035-0.0609-0.0914 NDCG: 0.0105-0.014-0.0193-0.0244 MRR: 0.0079-0.009-0.0099-0.0104
[Test]: Precision: 0.0025-0.002-0.0014-0.001 Recall: 0.0219-0.0362-0.0633-0.0908 NDCG: 0.0109-0.0145-0.02-0.0246 MRR: 0.0083-0.0093-0.0102-0.0107
------------------------------------------------------
------------------------------------------------------
Runing Epoch 918 valid loss 328.1131 costs 00: 00: 13
[Valid]: Precision: 0.0032-0.0028-0.002-0.0015 Recall: 0.0152-0.0283-0.0458-0.0667 NDCG: 0.0094-0.013-0.0171-0.0211 MRR: 0.0113-0.0129-0.014-0.0145
[Test]: Precision: 0.0031-0.0026-0.002-0.0015 Recall: 0.0158-0.0265-0.0491-0.0724 NDCG: 0.0095-0.0125-0.0177-0.0222 MRR: 0.0109-0.0123-0.0136-0.0143
------------------------------------------------------
ood testing
[Valid]: Precision: 0.0024-0.002-0.0014-0.0011 Recall: 0.0213-0.035-0.0609-0.0914 NDCG: 0.0105-0.014-0.0193-0.0244 MRR: 0.0079-0.009-0.0099-0.0104
[Test]: Precision: 0.0025-0.002-0.0014-0.001 Recall: 0.0219-0.0362-0.0633-0.0908 NDCG: 0.0109-0.0145-0.02-0.0246 MRR: 0.0083-0.0093-0.0102-0.0107
------------------------------------------------------
------------------------------------------------------
Runing Epoch 919 valid loss 328.1102 costs 00: 00: 13
[Valid]: Precision: 0.0032-0.0028-0.002-0.0015 Recall: 0.0152-0.0283-0.0458-0.0667 NDCG: 0.0094-0.013-0.0171-0.0211 MRR: 0.0113-0.0129-0.014-0.0145
[Test]: Precision: 0.0031-0.0026-0.002-0.0015 Recall: 0.0158-0.0265-0.0491-0.0724 NDCG: 0.0095-0.0125-0.0177-0.0222 MRR: 0.0109-0.0123-0.0136-0.0143
------------------------------------------------------
ood testing
[Valid]: Precision: 0.0024-0.002-0.0014-0.0011 Recall: 0.0213-0.035-0.0609-0.0914 NDCG: 0.0105-0.014-0.0193-0.0244 MRR: 0.0079-0.009-0.0099-0.0104
[Test]: Precision: 0.0025-0.002-0.0014-0.001 Recall: 0.0219-0.0362-0.0633-0.091 NDCG: 0.0109-0.0145-0.02-0.0246 MRR: 0.0083-0.0093-0.0102-0.0107
------------------------------------------------------
------------------------------------------------------
Runing Epoch 920 valid loss 328.1098 costs 00: 00: 12
[Valid]: Precision: 0.0032-0.0028-0.002-0.0015 Recall: 0.0152-0.0283-0.0458-0.0665 NDCG: 0.0094-0.013-0.0171-0.0211 MRR: 0.0113-0.0129-0.014-0.0145
[Test]: Precision: 0.0031-0.0026-0.002-0.0015 Recall: 0.0158-0.0265-0.0491-0.0723 NDCG: 0.0095-0.0125-0.0177-0.0222 MRR: 0.0109-0.0123-0.0136-0.0143
------------------------------------------------------
ood testing
[Valid]: Precision: 0.0024-0.002-0.0014-0.0011 Recall: 0.0213-0.035-0.0608-0.0915 NDCG: 0.0105-0.014-0.0192-0.0244 MRR: 0.0079-0.009-0.0099-0.0104
[Test]: Precision: 0.0025-0.002-0.0014-0.001 Recall: 0.0219-0.0362-0.0631-0.0908 NDCG: 0.0109-0.0145-0.02-0.0246 MRR: 0.0083-0.0093-0.0102-0.0107
------------------------------------------------------
------------------------------------------------------
Runing Epoch 921 valid loss 328.1186 costs 00: 00: 13
[Valid]: Precision: 0.0032-0.0028-0.002-0.0015 Recall: 0.0152-0.0283-0.0458-0.0666 NDCG: 0.0094-0.013-0.0171-0.0211 MRR: 0.0112-0.0128-0.0139-0.0144
[Test]: Precision: 0.0031-0.0026-0.002-0.0015 Recall: 0.0158-0.0265-0.0491-0.0724 NDCG: 0.0094-0.0125-0.0176-0.0221 MRR: 0.0108-0.0122-0.0135-0.0142
------------------------------------------------------
ood testing
[Valid]: Precision: 0.0024-0.002-0.0014-0.0011 Recall: 0.0213-0.035-0.0608-0.0914 NDCG: 0.0105-0.0141-0.0193-0.0244 MRR: 0.008-0.0091-0.01-0.0105
[Test]: Precision: 0.0025-0.002-0.0014-0.001 Recall: 0.0219-0.0362-0.0631-0.0908 NDCG: 0.0109-0.0145-0.02-0.0246 MRR: 0.0083-0.0093-0.0102-0.0107
------------------------------------------------------
------------------------------------------------------
Runing Epoch 922 valid loss 328.1149 costs 00: 00: 12
[Valid]: Precision: 0.0032-0.0028-0.002-0.0015 Recall: 0.0152-0.0283-0.0457-0.0666 NDCG: 0.0094-0.013-0.0171-0.0211 MRR: 0.0113-0.0129-0.014-0.0145
[Test]: Precision: 0.0031-0.0026-0.002-0.0015 Recall: 0.0158-0.0265-0.0493-0.0725 NDCG: 0.0095-0.0125-0.0177-0.0222 MRR: 0.0109-0.0123-0.0136-0.0143
------------------------------------------------------
ood testing
[Valid]: Precision: 0.0024-0.002-0.0014-0.0011 Recall: 0.0213-0.035-0.0608-0.0916 NDCG: 0.0105-0.014-0.0192-0.0244 MRR: 0.0079-0.009-0.0099-0.0104
[Test]: Precision: 0.0025-0.002-0.0014-0.001 Recall: 0.0219-0.0362-0.0632-0.0909 NDCG: 0.0109-0.0145-0.02-0.0246 MRR: 0.0083-0.0093-0.0102-0.0107
------------------------------------------------------
------------------------------------------------------
Runing Epoch 923 valid loss 328.1186 costs 00: 00: 13
[Valid]: Precision: 0.0032-0.0028-0.002-0.0015 Recall: 0.0152-0.0283-0.0457-0.0667 NDCG: 0.0094-0.013-0.0171-0.0211 MRR: 0.0112-0.0128-0.0139-0.0144
[Test]: Precision: 0.0031-0.0026-0.002-0.0015 Recall: 0.0158-0.0265-0.0491-0.0726 NDCG: 0.0094-0.0125-0.0176-0.0222 MRR: 0.0108-0.0122-0.0135-0.0142
------------------------------------------------------
ood testing
[Valid]: Precision: 0.0024-0.002-0.0014-0.0011 Recall: 0.0213-0.035-0.0606-0.0916 NDCG: 0.0105-0.0141-0.0193-0.0244 MRR: 0.008-0.0091-0.01-0.0105
[Test]: Precision: 0.0025-0.002-0.0014-0.001 Recall: 0.0219-0.0362-0.063-0.0909 NDCG: 0.0109-0.0145-0.0199-0.0246 MRR: 0.0083-0.0093-0.0102-0.0107
------------------------------------------------------
------------------------------------------------------
Runing Epoch 924 valid loss 328.1159 costs 00: 00: 12
[Valid]: Precision: 0.0032-0.0028-0.002-0.0015 Recall: 0.0152-0.0283-0.0459-0.0667 NDCG: 0.0094-0.013-0.0171-0.0211 MRR: 0.0113-0.0129-0.014-0.0145
[Test]: Precision: 0.0031-0.0026-0.002-0.0015 Recall: 0.0158-0.0265-0.0493-0.0724 NDCG: 0.0095-0.0125-0.0177-0.0222 MRR: 0.0109-0.0123-0.0136-0.0143
------------------------------------------------------
ood testing
[Valid]: Precision: 0.0024-0.002-0.0014-0.0011 Recall: 0.0213-0.035-0.0607-0.0914 NDCG: 0.0105-0.014-0.0192-0.0244 MRR: 0.0079-0.009-0.0099-0.0104
[Test]: Precision: 0.0025-0.002-0.0014-0.001 Recall: 0.0219-0.0362-0.0632-0.0908 NDCG: 0.0109-0.0145-0.02-0.0246 MRR: 0.0083-0.0093-0.0102-0.0107
------------------------------------------------------
------------------------------------------------------
Runing Epoch 925 valid loss 328.1170 costs 00: 00: 13
[Valid]: Precision: 0.0032-0.0028-0.002-0.0015 Recall: 0.0152-0.0283-0.0459-0.0667 NDCG: 0.0094-0.013-0.0171-0.0211 MRR: 0.0112-0.0128-0.0139-0.0144
[Test]: Precision: 0.0031-0.0026-0.002-0.0015 Recall: 0.0158-0.0265-0.0493-0.0724 NDCG: 0.0094-0.0125-0.0176-0.0221 MRR: 0.0108-0.0122-0.0135-0.0142
------------------------------------------------------
ood testing
[Valid]: Precision: 0.0024-0.002-0.0014-0.0011 Recall: 0.0213-0.035-0.0607-0.0914 NDCG: 0.0105-0.0141-0.0193-0.0244 MRR: 0.008-0.0091-0.01-0.0105
[Test]: Precision: 0.0025-0.002-0.0014-0.001 Recall: 0.0219-0.0362-0.0632-0.0908 NDCG: 0.0109-0.0145-0.02-0.0246 MRR: 0.0083-0.0093-0.0102-0.0107
------------------------------------------------------
------------------------------------------------------
Runing Epoch 926 valid loss 328.1173 costs 00: 00: 12
[Valid]: Precision: 0.0032-0.0028-0.002-0.0015 Recall: 0.0152-0.0283-0.0457-0.0666 NDCG: 0.0094-0.013-0.017-0.0211 MRR: 0.0112-0.0128-0.0139-0.0144
[Test]: Precision: 0.0031-0.0026-0.002-0.0015 Recall: 0.0158-0.0265-0.0493-0.0724 NDCG: 0.0094-0.0125-0.0176-0.0221 MRR: 0.0108-0.0122-0.0135-0.0142
------------------------------------------------------
ood testing
[Valid]: Precision: 0.0024-0.002-0.0014-0.0011 Recall: 0.0213-0.035-0.0607-0.0914 NDCG: 0.0105-0.0141-0.0193-0.0244 MRR: 0.008-0.0091-0.01-0.0105
[Test]: Precision: 0.0025-0.002-0.0014-0.001 Recall: 0.0219-0.0362-0.0632-0.0908 NDCG: 0.0109-0.0145-0.02-0.0246 MRR: 0.0083-0.0093-0.0102-0.0107
------------------------------------------------------
------------------------------------------------------
Runing Epoch 927 valid loss 328.1093 costs 00: 00: 13
[Valid]: Precision: 0.0032-0.0028-0.002-0.0015 Recall: 0.0152-0.0283-0.0459-0.0666 NDCG: 0.0094-0.013-0.0171-0.0211 MRR: 0.0112-0.0128-0.0139-0.0144
[Test]: Precision: 0.0031-0.0026-0.002-0.0015 Recall: 0.0158-0.0265-0.0493-0.0723 NDCG: 0.0094-0.0125-0.0176-0.0221 MRR: 0.0108-0.0122-0.0135-0.0142
------------------------------------------------------
ood testing
[Valid]: Precision: 0.0024-0.002-0.0014-0.0011 Recall: 0.0213-0.035-0.0608-0.0915 NDCG: 0.0105-0.0141-0.0193-0.0244 MRR: 0.008-0.0091-0.01-0.0105
[Test]: Precision: 0.0025-0.002-0.0014-0.001 Recall: 0.0219-0.0362-0.0632-0.091 NDCG: 0.0109-0.0145-0.02-0.0246 MRR: 0.0083-0.0093-0.0102-0.0107
------------------------------------------------------
------------------------------------------------------
Runing Epoch 928 valid loss 328.1168 costs 00: 00: 13
[Valid]: Precision: 0.0032-0.0028-0.002-0.0015 Recall: 0.0152-0.0283-0.046-0.0666 NDCG: 0.0094-0.013-0.0171-0.0211 MRR: 0.0112-0.0128-0.0139-0.0144
[Test]: Precision: 0.0031-0.0026-0.002-0.0015 Recall: 0.0158-0.0265-0.0493-0.0725 NDCG: 0.0094-0.0125-0.0176-0.0222 MRR: 0.0108-0.0122-0.0135-0.0142
------------------------------------------------------
ood testing
[Valid]: Precision: 0.0024-0.002-0.0014-0.0011 Recall: 0.0213-0.035-0.0608-0.0914 NDCG: 0.0105-0.0141-0.0193-0.0244 MRR: 0.008-0.0091-0.01-0.0105
[Test]: Precision: 0.0025-0.002-0.0014-0.001 Recall: 0.0219-0.0362-0.0633-0.0908 NDCG: 0.0109-0.0145-0.02-0.0246 MRR: 0.0083-0.0093-0.0103-0.0107
------------------------------------------------------
------------------------------------------------------
Runing Epoch 929 valid loss 328.1172 costs 00: 00: 12
[Valid]: Precision: 0.0032-0.0028-0.002-0.0015 Recall: 0.0152-0.0283-0.0457-0.0667 NDCG: 0.0094-0.013-0.017-0.0211 MRR: 0.0112-0.0128-0.0139-0.0144
[Test]: Precision: 0.0031-0.0026-0.002-0.0015 Recall: 0.0158-0.0265-0.0491-0.0724 NDCG: 0.0094-0.0125-0.0176-0.0221 MRR: 0.0108-0.0122-0.0135-0.0142
------------------------------------------------------
ood testing
[Valid]: Precision: 0.0024-0.002-0.0014-0.0011 Recall: 0.0213-0.035-0.0607-0.0914 NDCG: 0.0105-0.0141-0.0193-0.0244 MRR: 0.008-0.0091-0.01-0.0105
[Test]: Precision: 0.0025-0.002-0.0014-0.001 Recall: 0.0219-0.0362-0.0632-0.0907 NDCG: 0.0109-0.0145-0.02-0.0245 MRR: 0.0083-0.0093-0.0102-0.0107
------------------------------------------------------
------------------------------------------------------
Runing Epoch 930 valid loss 328.1202 costs 00: 00: 13
[Valid]: Precision: 0.0032-0.0028-0.002-0.0015 Recall: 0.0152-0.0283-0.0457-0.0665 NDCG: 0.0094-0.013-0.017-0.0211 MRR: 0.0112-0.0128-0.0139-0.0144
[Test]: Precision: 0.0031-0.0026-0.002-0.0015 Recall: 0.0158-0.0265-0.0491-0.0725 NDCG: 0.0094-0.0125-0.0176-0.0222 MRR: 0.0108-0.0122-0.0135-0.0142
------------------------------------------------------
ood testing
[Valid]: Precision: 0.0024-0.002-0.0014-0.0011 Recall: 0.0213-0.035-0.0607-0.0914 NDCG: 0.0105-0.0141-0.0193-0.0244 MRR: 0.008-0.0091-0.01-0.0105
[Test]: Precision: 0.0025-0.002-0.0014-0.001 Recall: 0.0219-0.0362-0.0632-0.0908 NDCG: 0.0109-0.0145-0.02-0.0246 MRR: 0.0083-0.0093-0.0102-0.0107
------------------------------------------------------
------------------------------------------------------
Runing Epoch 931 valid loss 328.1100 costs 00: 00: 12
[Valid]: Precision: 0.0032-0.0028-0.002-0.0015 Recall: 0.0152-0.0283-0.0459-0.0667 NDCG: 0.0094-0.013-0.0171-0.0211 MRR: 0.0112-0.0128-0.0139-0.0144
[Test]: Precision: 0.0031-0.0026-0.002-0.0015 Recall: 0.0158-0.0265-0.0493-0.0724 NDCG: 0.0094-0.0125-0.0176-0.0221 MRR: 0.0108-0.0122-0.0135-0.0142
------------------------------------------------------
ood testing
[Valid]: Precision: 0.0024-0.002-0.0014-0.0011 Recall: 0.0213-0.035-0.0607-0.0914 NDCG: 0.0105-0.0141-0.0193-0.0244 MRR: 0.008-0.0091-0.01-0.0105
[Test]: Precision: 0.0025-0.002-0.0014-0.001 Recall: 0.0219-0.0362-0.0632-0.0907 NDCG: 0.0109-0.0145-0.02-0.0245 MRR: 0.0083-0.0093-0.0102-0.0107
------------------------------------------------------
------------------------------------------------------
Runing Epoch 932 valid loss 328.1150 costs 00: 00: 14
[Valid]: Precision: 0.0032-0.0028-0.002-0.0015 Recall: 0.0152-0.0283-0.0459-0.0667 NDCG: 0.0094-0.013-0.0171-0.0211 MRR: 0.0112-0.0128-0.0139-0.0144
[Test]: Precision: 0.0031-0.0026-0.002-0.0015 Recall: 0.0158-0.0265-0.049-0.0724 NDCG: 0.0094-0.0125-0.0176-0.0221 MRR: 0.0108-0.0122-0.0135-0.0142
------------------------------------------------------
ood testing
[Valid]: Precision: 0.0024-0.002-0.0014-0.0011 Recall: 0.0213-0.035-0.0606-0.0914 NDCG: 0.0105-0.0141-0.0192-0.0244 MRR: 0.008-0.0091-0.01-0.0105
[Test]: Precision: 0.0025-0.002-0.0014-0.001 Recall: 0.0219-0.0362-0.0631-0.0908 NDCG: 0.0109-0.0145-0.02-0.0246 MRR: 0.0083-0.0093-0.0102-0.0107
------------------------------------------------------
------------------------------------------------------
Runing Epoch 933 valid loss 328.1159 costs 00: 00: 12
[Valid]: Precision: 0.0032-0.0028-0.002-0.0015 Recall: 0.0152-0.0283-0.0457-0.0667 NDCG: 0.0094-0.013-0.017-0.0211 MRR: 0.0112-0.0128-0.0139-0.0144
[Test]: Precision: 0.0031-0.0026-0.002-0.0015 Recall: 0.0158-0.0265-0.0491-0.0724 NDCG: 0.0094-0.0125-0.0176-0.0221 MRR: 0.0108-0.0122-0.0135-0.0142
------------------------------------------------------
ood testing
[Valid]: Precision: 0.0024-0.002-0.0014-0.0011 Recall: 0.0213-0.035-0.0607-0.0914 NDCG: 0.0105-0.0141-0.0193-0.0244 MRR: 0.008-0.0091-0.01-0.0105
[Test]: Precision: 0.0025-0.002-0.0014-0.001 Recall: 0.0219-0.0362-0.0632-0.0907 NDCG: 0.0109-0.0145-0.02-0.0245 MRR: 0.0083-0.0093-0.0103-0.0107
------------------------------------------------------
------------------------------------------------------
Runing Epoch 934 valid loss 328.1129 costs 00: 00: 13
[Valid]: Precision: 0.0032-0.0028-0.002-0.0015 Recall: 0.0152-0.0283-0.0459-0.0667 NDCG: 0.0094-0.013-0.0171-0.0211 MRR: 0.0112-0.0128-0.0139-0.0144
[Test]: Precision: 0.0031-0.0026-0.002-0.0015 Recall: 0.0158-0.0265-0.049-0.0724 NDCG: 0.0094-0.0125-0.0176-0.0221 MRR: 0.0108-0.0122-0.0135-0.0142
------------------------------------------------------
ood testing
[Valid]: Precision: 0.0024-0.002-0.0014-0.0011 Recall: 0.0213-0.035-0.0607-0.0914 NDCG: 0.0105-0.0141-0.0193-0.0244 MRR: 0.008-0.0091-0.01-0.0105
[Test]: Precision: 0.0025-0.002-0.0014-0.001 Recall: 0.0219-0.0362-0.0629-0.0908 NDCG: 0.0109-0.0145-0.0199-0.0246 MRR: 0.0083-0.0093-0.0102-0.0107
------------------------------------------------------
------------------------------------------------------
Runing Epoch 935 valid loss 328.1218 costs 00: 00: 12
[Valid]: Precision: 0.0032-0.0028-0.002-0.0015 Recall: 0.0152-0.0283-0.0459-0.0666 NDCG: 0.0094-0.013-0.0171-0.0211 MRR: 0.0113-0.0129-0.014-0.0145
[Test]: Precision: 0.0031-0.0026-0.002-0.0015 Recall: 0.0158-0.0265-0.0493-0.0723 NDCG: 0.0095-0.0125-0.0177-0.0222 MRR: 0.0109-0.0123-0.0136-0.0143
------------------------------------------------------
ood testing
[Valid]: Precision: 0.0024-0.002-0.0014-0.0011 Recall: 0.0213-0.035-0.0607-0.0914 NDCG: 0.0105-0.014-0.0192-0.0244 MRR: 0.0079-0.009-0.0099-0.0104
[Test]: Precision: 0.0025-0.002-0.0014-0.001 Recall: 0.0219-0.0362-0.0632-0.0908 NDCG: 0.0109-0.0145-0.02-0.0246 MRR: 0.0083-0.0093-0.0102-0.0107
------------------------------------------------------
------------------------------------------------------
Runing Epoch 936 valid loss 328.1196 costs 00: 00: 12
[Valid]: Precision: 0.0032-0.0028-0.002-0.0015 Recall: 0.0152-0.0283-0.0459-0.0666 NDCG: 0.0094-0.013-0.0171-0.0211 MRR: 0.0113-0.0129-0.014-0.0145
[Test]: Precision: 0.0031-0.0026-0.002-0.0015 Recall: 0.0158-0.0265-0.0492-0.0723 NDCG: 0.0095-0.0125-0.0177-0.0222 MRR: 0.0109-0.0123-0.0136-0.0143
------------------------------------------------------
ood testing
[Valid]: Precision: 0.0024-0.002-0.0014-0.0011 Recall: 0.0213-0.035-0.0607-0.0914 NDCG: 0.0105-0.014-0.0192-0.0244 MRR: 0.0079-0.009-0.0099-0.0104
[Test]: Precision: 0.0025-0.002-0.0014-0.001 Recall: 0.0219-0.0362-0.0629-0.0908 NDCG: 0.0109-0.0145-0.0199-0.0246 MRR: 0.0083-0.0093-0.0102-0.0107
------------------------------------------------------
------------------------------------------------------
Runing Epoch 937 valid loss 328.1077 costs 00: 00: 13
[Valid]: Precision: 0.0032-0.0028-0.002-0.0015 Recall: 0.0152-0.0283-0.0458-0.0664 NDCG: 0.0094-0.013-0.0171-0.0211 MRR: 0.0113-0.0129-0.014-0.0145
[Test]: Precision: 0.0031-0.0026-0.002-0.0015 Recall: 0.0158-0.0265-0.0489-0.0725 NDCG: 0.0095-0.0125-0.0176-0.0222 MRR: 0.0109-0.0123-0.0136-0.0143
------------------------------------------------------
ood testing
[Valid]: Precision: 0.0024-0.002-0.0014-0.0011 Recall: 0.0213-0.035-0.0607-0.0916 NDCG: 0.0105-0.014-0.0192-0.0244 MRR: 0.0079-0.009-0.0099-0.0104
[Test]: Precision: 0.0025-0.002-0.0014-0.001 Recall: 0.0219-0.0362-0.063-0.0909 NDCG: 0.0109-0.0145-0.0199-0.0246 MRR: 0.0083-0.0093-0.0102-0.0107
------------------------------------------------------
------------------------------------------------------
Runing Epoch 938 valid loss 328.1149 costs 00: 00: 12
[Valid]: Precision: 0.0032-0.0028-0.002-0.0015 Recall: 0.0152-0.0283-0.046-0.0666 NDCG: 0.0094-0.013-0.0171-0.0211 MRR: 0.0113-0.0129-0.014-0.0145
[Test]: Precision: 0.0031-0.0026-0.002-0.0015 Recall: 0.0158-0.0265-0.0493-0.0723 NDCG: 0.0095-0.0125-0.0177-0.0222 MRR: 0.0109-0.0123-0.0136-0.0143
------------------------------------------------------
ood testing
[Valid]: Precision: 0.0024-0.002-0.0014-0.0011 Recall: 0.0213-0.035-0.0608-0.0914 NDCG: 0.0105-0.014-0.0192-0.0244 MRR: 0.0079-0.009-0.0099-0.0104
[Test]: Precision: 0.0025-0.002-0.0014-0.001 Recall: 0.0219-0.0362-0.0633-0.0908 NDCG: 0.0109-0.0145-0.02-0.0245 MRR: 0.0083-0.0093-0.0102-0.0107
------------------------------------------------------
------------------------------------------------------
Runing Epoch 939 valid loss 328.1192 costs 00: 00: 13
[Valid]: Precision: 0.0032-0.0028-0.002-0.0015 Recall: 0.0152-0.0283-0.0459-0.0666 NDCG: 0.0094-0.013-0.0171-0.0211 MRR: 0.0113-0.0129-0.014-0.0145
[Test]: Precision: 0.0031-0.0026-0.002-0.0015 Recall: 0.0158-0.0265-0.0493-0.0723 NDCG: 0.0095-0.0125-0.0177-0.0222 MRR: 0.0109-0.0123-0.0136-0.0143
------------------------------------------------------
ood testing
[Valid]: Precision: 0.0024-0.002-0.0014-0.0011 Recall: 0.0213-0.035-0.0607-0.0914 NDCG: 0.0105-0.014-0.0192-0.0244 MRR: 0.0079-0.009-0.0099-0.0104
[Test]: Precision: 0.0025-0.002-0.0014-0.001 Recall: 0.0219-0.0362-0.0632-0.0907 NDCG: 0.0109-0.0145-0.02-0.0245 MRR: 0.0083-0.0093-0.0102-0.0107
------------------------------------------------------
------------------------------------------------------
Runing Epoch 940 valid loss 328.1045 costs 00: 00: 12
[Valid]: Precision: 0.0032-0.0028-0.002-0.0015 Recall: 0.0152-0.0283-0.0459-0.0665 NDCG: 0.0094-0.013-0.0171-0.0211 MRR: 0.0113-0.0129-0.014-0.0145
[Test]: Precision: 0.0031-0.0026-0.002-0.0015 Recall: 0.0158-0.0265-0.0493-0.0722 NDCG: 0.0095-0.0125-0.0177-0.0222 MRR: 0.0109-0.0123-0.0136-0.0143
------------------------------------------------------
ood testing
[Valid]: Precision: 0.0024-0.002-0.0014-0.0011 Recall: 0.0213-0.035-0.0607-0.0916 NDCG: 0.0105-0.014-0.0192-0.0244 MRR: 0.0079-0.009-0.0099-0.0104
[Test]: Precision: 0.0025-0.002-0.0014-0.001 Recall: 0.0219-0.0362-0.0632-0.0908 NDCG: 0.0109-0.0145-0.02-0.0246 MRR: 0.0083-0.0093-0.0102-0.0107
------------------------------------------------------
------------------------------------------------------
Runing Epoch 941 valid loss 328.1216 costs 00: 00: 13
[Valid]: Precision: 0.0032-0.0028-0.002-0.0015 Recall: 0.0152-0.0283-0.0459-0.0665 NDCG: 0.0094-0.013-0.0171-0.0211 MRR: 0.0113-0.0129-0.014-0.0145
[Test]: Precision: 0.0031-0.0026-0.002-0.0015 Recall: 0.0158-0.0265-0.0493-0.0723 NDCG: 0.0095-0.0125-0.0177-0.0222 MRR: 0.0109-0.0123-0.0136-0.0143
------------------------------------------------------
ood testing
[Valid]: Precision: 0.0024-0.002-0.0014-0.0011 Recall: 0.0213-0.035-0.0607-0.0914 NDCG: 0.0105-0.014-0.0192-0.0244 MRR: 0.0079-0.009-0.0099-0.0104
[Test]: Precision: 0.0025-0.002-0.0014-0.001 Recall: 0.0219-0.0362-0.0632-0.0907 NDCG: 0.0109-0.0145-0.02-0.0245 MRR: 0.0083-0.0093-0.0102-0.0107
------------------------------------------------------
------------------------------------------------------
Runing Epoch 942 valid loss 328.1220 costs 00: 00: 12
[Valid]: Precision: 0.0032-0.0028-0.002-0.0015 Recall: 0.0152-0.0283-0.0459-0.0665 NDCG: 0.0094-0.013-0.0171-0.0211 MRR: 0.0113-0.0129-0.014-0.0145
[Test]: Precision: 0.0031-0.0026-0.002-0.0015 Recall: 0.0158-0.0265-0.0491-0.0723 NDCG: 0.0095-0.0125-0.0177-0.0222 MRR: 0.0109-0.0123-0.0136-0.0143
------------------------------------------------------
ood testing
[Valid]: Precision: 0.0024-0.002-0.0014-0.0011 Recall: 0.0213-0.035-0.0607-0.0914 NDCG: 0.0105-0.014-0.0192-0.0244 MRR: 0.0079-0.009-0.0099-0.0104
[Test]: Precision: 0.0025-0.002-0.0014-0.001 Recall: 0.0219-0.0362-0.0632-0.0907 NDCG: 0.0109-0.0145-0.02-0.0245 MRR: 0.0083-0.0093-0.0102-0.0107
------------------------------------------------------
------------------------------------------------------
Runing Epoch 943 valid loss 328.1111 costs 00: 00: 13
[Valid]: Precision: 0.0032-0.0028-0.002-0.0015 Recall: 0.0152-0.0283-0.0459-0.0665 NDCG: 0.0094-0.013-0.0171-0.0211 MRR: 0.0112-0.0128-0.0139-0.0144
[Test]: Precision: 0.0031-0.0026-0.002-0.0015 Recall: 0.0158-0.0265-0.0491-0.0724 NDCG: 0.0094-0.0125-0.0176-0.0221 MRR: 0.0108-0.0122-0.0135-0.0142
------------------------------------------------------
ood testing
[Valid]: Precision: 0.0024-0.002-0.0014-0.0011 Recall: 0.0213-0.035-0.0607-0.0914 NDCG: 0.0105-0.0141-0.0193-0.0244 MRR: 0.008-0.0091-0.01-0.0105
[Test]: Precision: 0.0025-0.002-0.0014-0.001 Recall: 0.0219-0.0362-0.0632-0.0907 NDCG: 0.0109-0.0145-0.02-0.0245 MRR: 0.0083-0.0093-0.0103-0.0107
------------------------------------------------------
------------------------------------------------------
Runing Epoch 944 valid loss 328.1156 costs 00: 00: 12
[Valid]: Precision: 0.0032-0.0028-0.002-0.0015 Recall: 0.0152-0.0283-0.046-0.0665 NDCG: 0.0094-0.013-0.0171-0.0211 MRR: 0.0112-0.0128-0.0139-0.0144
[Test]: Precision: 0.0031-0.0026-0.002-0.0015 Recall: 0.0158-0.0265-0.0491-0.0723 NDCG: 0.0094-0.0125-0.0176-0.0221 MRR: 0.0108-0.0122-0.0135-0.0142
------------------------------------------------------
ood testing
[Valid]: Precision: 0.0024-0.002-0.0014-0.0011 Recall: 0.0213-0.035-0.0608-0.0914 NDCG: 0.0105-0.0141-0.0193-0.0244 MRR: 0.008-0.0091-0.01-0.0105
[Test]: Precision: 0.0025-0.002-0.0014-0.001 Recall: 0.0219-0.0362-0.0633-0.0907 NDCG: 0.0109-0.0145-0.02-0.0245 MRR: 0.0083-0.0093-0.0103-0.0107
------------------------------------------------------
------------------------------------------------------
Runing Epoch 945 valid loss 328.1177 costs 00: 00: 12
[Valid]: Precision: 0.0032-0.0028-0.002-0.0015 Recall: 0.0152-0.0283-0.0459-0.0665 NDCG: 0.0094-0.013-0.0171-0.0211 MRR: 0.0112-0.0128-0.0139-0.0144
[Test]: Precision: 0.0031-0.0026-0.002-0.0015 Recall: 0.0158-0.0265-0.049-0.0724 NDCG: 0.0094-0.0125-0.0176-0.0221 MRR: 0.0108-0.0122-0.0135-0.0142
------------------------------------------------------
ood testing
[Valid]: Precision: 0.0024-0.002-0.0014-0.0011 Recall: 0.0213-0.035-0.0607-0.0914 NDCG: 0.0105-0.0141-0.0193-0.0244 MRR: 0.008-0.0091-0.01-0.0105
[Test]: Precision: 0.0025-0.002-0.0014-0.001 Recall: 0.0219-0.0362-0.0629-0.0907 NDCG: 0.0109-0.0145-0.0199-0.0245 MRR: 0.0083-0.0093-0.0102-0.0107
------------------------------------------------------
------------------------------------------------------
Runing Epoch 946 valid loss 328.1094 costs 00: 00: 13
[Valid]: Precision: 0.0032-0.0028-0.002-0.0015 Recall: 0.0152-0.0283-0.0459-0.0665 NDCG: 0.0094-0.013-0.0171-0.0211 MRR: 0.0112-0.0128-0.0139-0.0144
[Test]: Precision: 0.0031-0.0026-0.002-0.0015 Recall: 0.0158-0.0265-0.0493-0.0724 NDCG: 0.0094-0.0125-0.0176-0.0221 MRR: 0.0108-0.0122-0.0135-0.0142
------------------------------------------------------
ood testing
[Valid]: Precision: 0.0024-0.002-0.0014-0.0011 Recall: 0.0213-0.035-0.0607-0.0914 NDCG: 0.0105-0.0141-0.0193-0.0244 MRR: 0.008-0.0091-0.01-0.0105
[Test]: Precision: 0.0025-0.002-0.0014-0.001 Recall: 0.0219-0.0362-0.0632-0.0907 NDCG: 0.0109-0.0145-0.02-0.0245 MRR: 0.0083-0.0093-0.0102-0.0107
------------------------------------------------------
------------------------------------------------------
Runing Epoch 947 valid loss 328.1143 costs 00: 00: 12
[Valid]: Precision: 0.0032-0.0028-0.002-0.0015 Recall: 0.0152-0.0283-0.0459-0.0665 NDCG: 0.0094-0.013-0.0171-0.0211 MRR: 0.0112-0.0128-0.0139-0.0144
[Test]: Precision: 0.0031-0.0026-0.002-0.0015 Recall: 0.0158-0.0265-0.0492-0.0724 NDCG: 0.0094-0.0125-0.0176-0.0221 MRR: 0.0108-0.0122-0.0135-0.0142
------------------------------------------------------
ood testing
[Valid]: Precision: 0.0024-0.002-0.0014-0.0011 Recall: 0.0213-0.035-0.0607-0.0914 NDCG: 0.0105-0.0141-0.0193-0.0244 MRR: 0.008-0.0091-0.01-0.0105
[Test]: Precision: 0.0025-0.002-0.0014-0.001 Recall: 0.0219-0.0362-0.0629-0.0908 NDCG: 0.0109-0.0145-0.0199-0.0246 MRR: 0.0083-0.0093-0.0102-0.0107
------------------------------------------------------
------------------------------------------------------
Runing Epoch 948 valid loss 328.1188 costs 00: 00: 13
[Valid]: Precision: 0.0032-0.0028-0.002-0.0015 Recall: 0.0152-0.0283-0.0459-0.0665 NDCG: 0.0094-0.013-0.0171-0.0211 MRR: 0.0112-0.0128-0.0139-0.0144
[Test]: Precision: 0.0031-0.0026-0.002-0.0015 Recall: 0.0158-0.0265-0.049-0.0723 NDCG: 0.0094-0.0125-0.0176-0.0221 MRR: 0.0108-0.0122-0.0135-0.0142
------------------------------------------------------
ood testing
[Valid]: Precision: 0.0024-0.002-0.0014-0.0011 Recall: 0.0213-0.035-0.0607-0.0914 NDCG: 0.0105-0.0141-0.0193-0.0244 MRR: 0.008-0.0091-0.01-0.0105
[Test]: Precision: 0.0025-0.002-0.0014-0.001 Recall: 0.0219-0.0362-0.0629-0.0907 NDCG: 0.0109-0.0145-0.0199-0.0245 MRR: 0.0083-0.0093-0.0102-0.0107
------------------------------------------------------
------------------------------------------------------
Runing Epoch 949 valid loss 328.1142 costs 00: 00: 13
[Valid]: Precision: 0.0032-0.0028-0.002-0.0015 Recall: 0.0152-0.0283-0.0459-0.0665 NDCG: 0.0094-0.013-0.0171-0.0211 MRR: 0.0112-0.0128-0.0139-0.0144
[Test]: Precision: 0.0031-0.0026-0.002-0.0015 Recall: 0.0158-0.0265-0.049-0.0724 NDCG: 0.0094-0.0125-0.0176-0.0221 MRR: 0.0108-0.0122-0.0135-0.0142
------------------------------------------------------
ood testing
[Valid]: Precision: 0.0024-0.002-0.0014-0.0011 Recall: 0.0213-0.035-0.0607-0.0914 NDCG: 0.0105-0.0141-0.0193-0.0244 MRR: 0.008-0.0091-0.01-0.0105
[Test]: Precision: 0.0025-0.002-0.0014-0.001 Recall: 0.0219-0.0362-0.0629-0.0907 NDCG: 0.0109-0.0145-0.0199-0.0245 MRR: 0.0083-0.0093-0.0102-0.0107
------------------------------------------------------
------------------------------------------------------
Runing Epoch 950 valid loss 328.1119 costs 00: 00: 13
[Valid]: Precision: 0.0032-0.0028-0.002-0.0015 Recall: 0.0152-0.0283-0.0459-0.0665 NDCG: 0.0094-0.013-0.0171-0.0211 MRR: 0.0112-0.0128-0.0139-0.0144
[Test]: Precision: 0.0031-0.0026-0.002-0.0015 Recall: 0.0158-0.0265-0.049-0.0724 NDCG: 0.0094-0.0125-0.0176-0.0221 MRR: 0.0108-0.0122-0.0135-0.0142
------------------------------------------------------
ood testing
[Valid]: Precision: 0.0024-0.002-0.0014-0.0011 Recall: 0.0213-0.035-0.0607-0.0914 NDCG: 0.0105-0.0141-0.0193-0.0244 MRR: 0.008-0.0091-0.01-0.0105
[Test]: Precision: 0.0025-0.002-0.0014-0.001 Recall: 0.0219-0.0362-0.0629-0.0907 NDCG: 0.0109-0.0145-0.0199-0.0245 MRR: 0.0083-0.0093-0.0102-0.0107
------------------------------------------------------
------------------------------------------------------
Runing Epoch 951 valid loss 328.1132 costs 00: 00: 12
[Valid]: Precision: 0.0032-0.0028-0.002-0.0015 Recall: 0.0152-0.0283-0.0457-0.0667 NDCG: 0.0094-0.013-0.0171-0.0211 MRR: 0.0113-0.0129-0.014-0.0145
[Test]: Precision: 0.0031-0.0026-0.002-0.0015 Recall: 0.0158-0.0265-0.0488-0.0725 NDCG: 0.0095-0.0125-0.0176-0.0222 MRR: 0.0109-0.0123-0.0136-0.0143
------------------------------------------------------
ood testing
[Valid]: Precision: 0.0024-0.002-0.0014-0.0011 Recall: 0.0213-0.035-0.0606-0.0914 NDCG: 0.0105-0.014-0.0192-0.0244 MRR: 0.0079-0.009-0.0099-0.0104
[Test]: Precision: 0.0025-0.002-0.0014-0.001 Recall: 0.0219-0.0362-0.0629-0.0907 NDCG: 0.0109-0.0145-0.0199-0.0245 MRR: 0.0083-0.0093-0.0102-0.0107
------------------------------------------------------
------------------------------------------------------
Runing Epoch 952 valid loss 328.1149 costs 00: 00: 13
[Valid]: Precision: 0.0032-0.0028-0.002-0.0015 Recall: 0.0152-0.0283-0.0459-0.0665 NDCG: 0.0094-0.013-0.0171-0.0211 MRR: 0.0112-0.0128-0.0139-0.0144
[Test]: Precision: 0.0031-0.0026-0.002-0.0015 Recall: 0.0158-0.0265-0.0491-0.0723 NDCG: 0.0094-0.0125-0.0176-0.0221 MRR: 0.0108-0.0122-0.0135-0.0142
------------------------------------------------------
ood testing
[Valid]: Precision: 0.0024-0.002-0.0014-0.0011 Recall: 0.0213-0.035-0.0607-0.0916 NDCG: 0.0105-0.0141-0.0193-0.0244 MRR: 0.008-0.0091-0.01-0.0105
[Test]: Precision: 0.0025-0.002-0.0014-0.001 Recall: 0.0219-0.0362-0.0632-0.0909 NDCG: 0.0109-0.0145-0.02-0.0246 MRR: 0.0083-0.0093-0.0102-0.0107
------------------------------------------------------
------------------------------------------------------
Runing Epoch 953 valid loss 328.1165 costs 00: 00: 13
[Valid]: Precision: 0.0032-0.0028-0.002-0.0015 Recall: 0.0152-0.0283-0.0459-0.0665 NDCG: 0.0094-0.013-0.0171-0.0211 MRR: 0.0113-0.0129-0.014-0.0145
[Test]: Precision: 0.0031-0.0026-0.002-0.0015 Recall: 0.0158-0.0265-0.0491-0.0724 NDCG: 0.0095-0.0125-0.0176-0.0222 MRR: 0.0109-0.0123-0.0136-0.0143
------------------------------------------------------
ood testing
[Valid]: Precision: 0.0024-0.002-0.0014-0.0011 Recall: 0.0213-0.035-0.0607-0.0916 NDCG: 0.0105-0.014-0.0192-0.0244 MRR: 0.0079-0.009-0.0099-0.0104
[Test]: Precision: 0.0025-0.002-0.0014-0.001 Recall: 0.0219-0.0362-0.0632-0.0908 NDCG: 0.0109-0.0145-0.02-0.0246 MRR: 0.0083-0.0093-0.0102-0.0107
------------------------------------------------------
------------------------------------------------------
Runing Epoch 954 valid loss 328.1164 costs 00: 00: 13
[Valid]: Precision: 0.0032-0.0028-0.002-0.0015 Recall: 0.0152-0.0283-0.0459-0.0668 NDCG: 0.0094-0.013-0.0171-0.0211 MRR: 0.0112-0.0128-0.0139-0.0144
[Test]: Precision: 0.0031-0.0026-0.002-0.0015 Recall: 0.0158-0.0265-0.0491-0.0725 NDCG: 0.0094-0.0125-0.0176-0.0222 MRR: 0.0108-0.0122-0.0135-0.0142
------------------------------------------------------
ood testing
[Valid]: Precision: 0.0024-0.002-0.0014-0.0011 Recall: 0.0213-0.035-0.0607-0.0914 NDCG: 0.0105-0.0141-0.0193-0.0244 MRR: 0.008-0.0091-0.01-0.0105
[Test]: Precision: 0.0025-0.002-0.0014-0.001 Recall: 0.0219-0.0362-0.0632-0.0907 NDCG: 0.0109-0.0145-0.02-0.0245 MRR: 0.0083-0.0093-0.0102-0.0107
------------------------------------------------------
------------------------------------------------------
Runing Epoch 955 valid loss 328.1181 costs 00: 00: 13
[Valid]: Precision: 0.0032-0.0028-0.002-0.0015 Recall: 0.0152-0.0283-0.0457-0.0665 NDCG: 0.0094-0.013-0.017-0.0211 MRR: 0.0112-0.0128-0.0139-0.0144
[Test]: Precision: 0.0031-0.0026-0.002-0.0015 Recall: 0.0158-0.0265-0.0491-0.0724 NDCG: 0.0094-0.0125-0.0176-0.0221 MRR: 0.0108-0.0122-0.0135-0.0142
------------------------------------------------------
ood testing
[Valid]: Precision: 0.0024-0.002-0.0014-0.0011 Recall: 0.0213-0.035-0.0608-0.0914 NDCG: 0.0105-0.0141-0.0193-0.0244 MRR: 0.008-0.0091-0.01-0.0105
[Test]: Precision: 0.0025-0.002-0.0014-0.001 Recall: 0.0219-0.0362-0.0632-0.0907 NDCG: 0.0109-0.0145-0.02-0.0245 MRR: 0.0083-0.0093-0.0102-0.0107
------------------------------------------------------
------------------------------------------------------
Runing Epoch 956 valid loss 328.1092 costs 00: 00: 12
[Valid]: Precision: 0.0032-0.0028-0.002-0.0015 Recall: 0.0152-0.0283-0.046-0.0665 NDCG: 0.0094-0.013-0.0171-0.0211 MRR: 0.0113-0.0129-0.014-0.0145
[Test]: Precision: 0.0031-0.0026-0.002-0.0015 Recall: 0.0158-0.0265-0.0491-0.0724 NDCG: 0.0095-0.0125-0.0177-0.0222 MRR: 0.0109-0.0123-0.0136-0.0143
------------------------------------------------------
ood testing
[Valid]: Precision: 0.0024-0.002-0.0014-0.0011 Recall: 0.0213-0.035-0.0608-0.0916 NDCG: 0.0105-0.014-0.0193-0.0244 MRR: 0.0079-0.009-0.0099-0.0104
[Test]: Precision: 0.0025-0.002-0.0014-0.001 Recall: 0.0219-0.0362-0.0634-0.0908 NDCG: 0.0109-0.0145-0.02-0.0246 MRR: 0.0083-0.0093-0.0102-0.0107
------------------------------------------------------
------------------------------------------------------
Runing Epoch 957 valid loss 328.1088 costs 00: 00: 13
[Valid]: Precision: 0.0032-0.0028-0.002-0.0015 Recall: 0.0152-0.0283-0.046-0.0664 NDCG: 0.0094-0.013-0.0171-0.0211 MRR: 0.0113-0.0129-0.014-0.0145
[Test]: Precision: 0.0031-0.0026-0.002-0.0015 Recall: 0.0158-0.0265-0.0491-0.0722 NDCG: 0.0095-0.0125-0.0177-0.0222 MRR: 0.0109-0.0123-0.0136-0.0143
------------------------------------------------------
ood testing
[Valid]: Precision: 0.0024-0.002-0.0014-0.0011 Recall: 0.0213-0.035-0.0608-0.0916 NDCG: 0.0105-0.014-0.0193-0.0244 MRR: 0.0079-0.009-0.0099-0.0104
[Test]: Precision: 0.0025-0.002-0.0014-0.001 Recall: 0.0219-0.0362-0.0633-0.0908 NDCG: 0.0109-0.0145-0.02-0.0246 MRR: 0.0083-0.0093-0.0102-0.0107
------------------------------------------------------
------------------------------------------------------
Runing Epoch 958 valid loss 328.1088 costs 00: 00: 12
[Valid]: Precision: 0.0032-0.0028-0.002-0.0015 Recall: 0.0152-0.0283-0.0458-0.0665 NDCG: 0.0094-0.013-0.0171-0.0211 MRR: 0.0113-0.0129-0.014-0.0145
[Test]: Precision: 0.0031-0.0026-0.002-0.0015 Recall: 0.0158-0.0265-0.0491-0.0724 NDCG: 0.0095-0.0125-0.0176-0.0222 MRR: 0.0109-0.0123-0.0136-0.0143
------------------------------------------------------
ood testing
[Valid]: Precision: 0.0024-0.002-0.0014-0.0011 Recall: 0.0213-0.035-0.0609-0.0916 NDCG: 0.0105-0.014-0.0193-0.0244 MRR: 0.0079-0.009-0.0099-0.0104
[Test]: Precision: 0.0025-0.002-0.0014-0.001 Recall: 0.0219-0.0362-0.0633-0.0908 NDCG: 0.0109-0.0145-0.02-0.0246 MRR: 0.0083-0.0093-0.0102-0.0107
------------------------------------------------------
------------------------------------------------------
Runing Epoch 959 valid loss 328.1155 costs 00: 00: 14
[Valid]: Precision: 0.0032-0.0028-0.002-0.0015 Recall: 0.0152-0.0283-0.046-0.0665 NDCG: 0.0094-0.013-0.0171-0.0211 MRR: 0.0113-0.0129-0.014-0.0145
[Test]: Precision: 0.0031-0.0026-0.002-0.0015 Recall: 0.0158-0.0265-0.049-0.0723 NDCG: 0.0095-0.0125-0.0176-0.0222 MRR: 0.0109-0.0123-0.0136-0.0143
------------------------------------------------------
ood testing
[Valid]: Precision: 0.0024-0.002-0.0014-0.0011 Recall: 0.0213-0.035-0.0608-0.0916 NDCG: 0.0105-0.014-0.0193-0.0244 MRR: 0.0079-0.009-0.0099-0.0104
[Test]: Precision: 0.0025-0.002-0.0014-0.001 Recall: 0.0219-0.0362-0.063-0.0908 NDCG: 0.0109-0.0145-0.0199-0.0246 MRR: 0.0083-0.0093-0.0102-0.0107
------------------------------------------------------
------------------------------------------------------
Runing Epoch 960 valid loss 328.1163 costs 00: 00: 12
[Valid]: Precision: 0.0032-0.0028-0.002-0.0015 Recall: 0.0152-0.0283-0.046-0.0665 NDCG: 0.0094-0.013-0.0171-0.0211 MRR: 0.0113-0.0129-0.014-0.0145
[Test]: Precision: 0.0031-0.0026-0.002-0.0015 Recall: 0.0158-0.0265-0.049-0.0722 NDCG: 0.0095-0.0125-0.0176-0.0222 MRR: 0.0109-0.0123-0.0136-0.0143
------------------------------------------------------
ood testing
[Valid]: Precision: 0.0024-0.002-0.0014-0.0011 Recall: 0.0213-0.035-0.0608-0.0916 NDCG: 0.0105-0.014-0.0193-0.0244 MRR: 0.0079-0.009-0.0099-0.0104
[Test]: Precision: 0.0025-0.002-0.0014-0.001 Recall: 0.0219-0.0362-0.063-0.0908 NDCG: 0.0109-0.0145-0.0199-0.0246 MRR: 0.0083-0.0093-0.0102-0.0107
------------------------------------------------------
------------------------------------------------------
Runing Epoch 961 valid loss 328.1205 costs 00: 00: 13
[Valid]: Precision: 0.0032-0.0028-0.002-0.0015 Recall: 0.0152-0.0283-0.0458-0.0665 NDCG: 0.0094-0.013-0.0171-0.0211 MRR: 0.0113-0.0129-0.014-0.0145
[Test]: Precision: 0.0031-0.0026-0.002-0.0015 Recall: 0.0158-0.0265-0.0491-0.0723 NDCG: 0.0095-0.0125-0.0177-0.0222 MRR: 0.0109-0.0123-0.0136-0.0143
------------------------------------------------------
ood testing
[Valid]: Precision: 0.0024-0.002-0.0014-0.0011 Recall: 0.0213-0.035-0.0608-0.0916 NDCG: 0.0105-0.014-0.0192-0.0244 MRR: 0.0079-0.009-0.0099-0.0104
[Test]: Precision: 0.0025-0.002-0.0014-0.001 Recall: 0.0219-0.0362-0.0631-0.0908 NDCG: 0.0109-0.0145-0.0199-0.0246 MRR: 0.0083-0.0093-0.0102-0.0107
------------------------------------------------------
------------------------------------------------------
Runing Epoch 962 valid loss 328.1075 costs 00: 00: 12
[Valid]: Precision: 0.0032-0.0028-0.002-0.0015 Recall: 0.0152-0.0283-0.0458-0.0665 NDCG: 0.0094-0.013-0.0171-0.0211 MRR: 0.0112-0.0128-0.0139-0.0144
[Test]: Precision: 0.0031-0.0026-0.002-0.0015 Recall: 0.0158-0.0265-0.0491-0.0723 NDCG: 0.0094-0.0125-0.0176-0.0221 MRR: 0.0108-0.0122-0.0135-0.0142
------------------------------------------------------
ood testing
[Valid]: Precision: 0.0024-0.002-0.0014-0.0011 Recall: 0.0213-0.035-0.0608-0.0916 NDCG: 0.0105-0.0141-0.0193-0.0244 MRR: 0.008-0.0091-0.01-0.0105
[Test]: Precision: 0.0025-0.002-0.0014-0.001 Recall: 0.0219-0.0362-0.0631-0.0909 NDCG: 0.0109-0.0145-0.02-0.0246 MRR: 0.0083-0.0093-0.0102-0.0107
------------------------------------------------------
------------------------------------------------------
Runing Epoch 963 valid loss 328.1144 costs 00: 00: 13
[Valid]: Precision: 0.0032-0.0028-0.002-0.0015 Recall: 0.0152-0.0283-0.046-0.0665 NDCG: 0.0094-0.013-0.0171-0.0211 MRR: 0.0113-0.0129-0.014-0.0145
[Test]: Precision: 0.0031-0.0026-0.002-0.0015 Recall: 0.0158-0.0265-0.0491-0.0723 NDCG: 0.0095-0.0125-0.0176-0.0222 MRR: 0.0109-0.0123-0.0136-0.0143
------------------------------------------------------
ood testing
[Valid]: Precision: 0.0024-0.002-0.0014-0.0011 Recall: 0.0213-0.035-0.0608-0.0916 NDCG: 0.0105-0.014-0.0193-0.0244 MRR: 0.0079-0.009-0.0099-0.0104
[Test]: Precision: 0.0025-0.002-0.0014-0.001 Recall: 0.0219-0.0362-0.0633-0.0909 NDCG: 0.0109-0.0145-0.02-0.0246 MRR: 0.0083-0.0093-0.0102-0.0107
------------------------------------------------------
------------------------------------------------------
Runing Epoch 964 valid loss 328.1200 costs 00: 00: 13
[Valid]: Precision: 0.0032-0.0028-0.002-0.0015 Recall: 0.0152-0.0283-0.046-0.0665 NDCG: 0.0094-0.013-0.0171-0.0211 MRR: 0.0112-0.0128-0.0139-0.0144
[Test]: Precision: 0.0031-0.0026-0.002-0.0015 Recall: 0.0158-0.0265-0.0491-0.0723 NDCG: 0.0094-0.0125-0.0176-0.0221 MRR: 0.0108-0.0122-0.0135-0.0142
------------------------------------------------------
ood testing
[Valid]: Precision: 0.0024-0.002-0.0014-0.0011 Recall: 0.0213-0.035-0.0608-0.0915 NDCG: 0.0105-0.0141-0.0193-0.0244 MRR: 0.008-0.0091-0.01-0.0105
[Test]: Precision: 0.0025-0.002-0.0014-0.001 Recall: 0.0219-0.0362-0.0633-0.091 NDCG: 0.0109-0.0145-0.02-0.0246 MRR: 0.0083-0.0093-0.0103-0.0107
------------------------------------------------------
------------------------------------------------------
Runing Epoch 965 valid loss 328.1154 costs 00: 00: 12
[Valid]: Precision: 0.0032-0.0028-0.002-0.0015 Recall: 0.0152-0.0283-0.0458-0.0667 NDCG: 0.0094-0.013-0.0171-0.0211 MRR: 0.0112-0.0128-0.0139-0.0144
[Test]: Precision: 0.0031-0.0026-0.002-0.0015 Recall: 0.0158-0.0265-0.0491-0.0724 NDCG: 0.0094-0.0125-0.0176-0.0221 MRR: 0.0108-0.0122-0.0135-0.0142
------------------------------------------------------
ood testing
[Valid]: Precision: 0.0024-0.002-0.0014-0.0011 Recall: 0.0213-0.035-0.0609-0.0915 NDCG: 0.0105-0.0141-0.0193-0.0244 MRR: 0.008-0.0091-0.01-0.0105
[Test]: Precision: 0.0025-0.002-0.0014-0.001 Recall: 0.0219-0.0362-0.0633-0.0909 NDCG: 0.0109-0.0145-0.02-0.0246 MRR: 0.0083-0.0093-0.0103-0.0107
------------------------------------------------------
------------------------------------------------------
Runing Epoch 966 valid loss 328.1151 costs 00: 00: 13
[Valid]: Precision: 0.0032-0.0028-0.002-0.0015 Recall: 0.0152-0.0283-0.0458-0.0665 NDCG: 0.0094-0.013-0.0171-0.0211 MRR: 0.0112-0.0128-0.0139-0.0144
[Test]: Precision: 0.0031-0.0026-0.002-0.0015 Recall: 0.0158-0.0265-0.0491-0.0723 NDCG: 0.0094-0.0125-0.0176-0.0221 MRR: 0.0108-0.0122-0.0135-0.0142
------------------------------------------------------
ood testing
[Valid]: Precision: 0.0024-0.002-0.0014-0.0011 Recall: 0.0213-0.035-0.0609-0.0915 NDCG: 0.0105-0.0141-0.0193-0.0244 MRR: 0.008-0.0091-0.01-0.0105
[Test]: Precision: 0.0025-0.002-0.0014-0.001 Recall: 0.0219-0.0362-0.0633-0.0909 NDCG: 0.0109-0.0145-0.02-0.0246 MRR: 0.0083-0.0093-0.0103-0.0107
------------------------------------------------------
------------------------------------------------------
Runing Epoch 967 valid loss 328.1070 costs 00: 00: 12
[Valid]: Precision: 0.0032-0.0028-0.002-0.0015 Recall: 0.0152-0.0283-0.046-0.0665 NDCG: 0.0094-0.013-0.0171-0.0211 MRR: 0.0113-0.0129-0.014-0.0145
[Test]: Precision: 0.0031-0.0026-0.002-0.0015 Recall: 0.0158-0.0265-0.0491-0.0723 NDCG: 0.0095-0.0125-0.0176-0.0222 MRR: 0.0109-0.0123-0.0136-0.0143
------------------------------------------------------
ood testing
[Valid]: Precision: 0.0024-0.002-0.0014-0.0011 Recall: 0.0213-0.035-0.0608-0.0915 NDCG: 0.0105-0.014-0.0193-0.0244 MRR: 0.0079-0.009-0.0099-0.0104
[Test]: Precision: 0.0025-0.002-0.0014-0.001 Recall: 0.0219-0.0362-0.0633-0.0909 NDCG: 0.0109-0.0145-0.02-0.0246 MRR: 0.0083-0.0093-0.0102-0.0107
------------------------------------------------------
------------------------------------------------------
Runing Epoch 968 valid loss 328.1140 costs 00: 00: 14
[Valid]: Precision: 0.0032-0.0028-0.002-0.0015 Recall: 0.0152-0.0283-0.0459-0.0665 NDCG: 0.0094-0.013-0.0171-0.0211 MRR: 0.0113-0.0129-0.014-0.0145
[Test]: Precision: 0.0031-0.0026-0.002-0.0015 Recall: 0.0158-0.0265-0.0491-0.0724 NDCG: 0.0095-0.0125-0.0176-0.0222 MRR: 0.0109-0.0123-0.0136-0.0143
------------------------------------------------------
ood testing
[Valid]: Precision: 0.0024-0.002-0.0014-0.0011 Recall: 0.0213-0.035-0.0607-0.0916 NDCG: 0.0105-0.014-0.0192-0.0244 MRR: 0.0079-0.009-0.0099-0.0104
[Test]: Precision: 0.0025-0.002-0.0014-0.001 Recall: 0.0219-0.0362-0.0632-0.091 NDCG: 0.0109-0.0145-0.02-0.0246 MRR: 0.0083-0.0093-0.0102-0.0107
------------------------------------------------------
------------------------------------------------------
Runing Epoch 969 valid loss 328.1178 costs 00: 00: 12
[Valid]: Precision: 0.0032-0.0028-0.002-0.0015 Recall: 0.0152-0.0283-0.0457-0.0665 NDCG: 0.0094-0.013-0.0171-0.0211 MRR: 0.0113-0.0129-0.014-0.0145
[Test]: Precision: 0.0031-0.0026-0.002-0.0015 Recall: 0.0158-0.0265-0.0491-0.0725 NDCG: 0.0095-0.0125-0.0177-0.0222 MRR: 0.0109-0.0123-0.0136-0.0143
------------------------------------------------------
ood testing
[Valid]: Precision: 0.0024-0.002-0.0014-0.0011 Recall: 0.0213-0.035-0.0608-0.0915 NDCG: 0.0105-0.014-0.0192-0.0244 MRR: 0.0079-0.009-0.0099-0.0104
[Test]: Precision: 0.0025-0.002-0.0014-0.001 Recall: 0.0219-0.0362-0.0632-0.091 NDCG: 0.0109-0.0145-0.02-0.0246 MRR: 0.0083-0.0093-0.0102-0.0107
------------------------------------------------------
------------------------------------------------------
Runing Epoch 970 valid loss 328.1140 costs 00: 00: 13
[Valid]: Precision: 0.0032-0.0028-0.002-0.0015 Recall: 0.0152-0.0283-0.0459-0.0665 NDCG: 0.0094-0.013-0.0171-0.0211 MRR: 0.0113-0.0129-0.014-0.0145
[Test]: Precision: 0.0031-0.0026-0.002-0.0015 Recall: 0.0158-0.0265-0.0488-0.0724 NDCG: 0.0095-0.0125-0.0176-0.0222 MRR: 0.0109-0.0123-0.0136-0.0143
------------------------------------------------------
ood testing
[Valid]: Precision: 0.0024-0.002-0.0014-0.0011 Recall: 0.0213-0.035-0.0606-0.0916 NDCG: 0.0105-0.014-0.0192-0.0244 MRR: 0.0079-0.009-0.0099-0.0104
[Test]: Precision: 0.0025-0.002-0.0014-0.001 Recall: 0.0219-0.0362-0.0631-0.0908 NDCG: 0.0109-0.0145-0.0199-0.0246 MRR: 0.0083-0.0093-0.0102-0.0107
------------------------------------------------------
------------------------------------------------------
Runing Epoch 971 valid loss 328.1124 costs 00: 00: 12
[Valid]: Precision: 0.0032-0.0028-0.002-0.0015 Recall: 0.0152-0.0283-0.0458-0.0665 NDCG: 0.0094-0.013-0.0171-0.0211 MRR: 0.0112-0.0128-0.0139-0.0144
[Test]: Precision: 0.0031-0.0026-0.002-0.0015 Recall: 0.0158-0.0265-0.0491-0.0724 NDCG: 0.0094-0.0125-0.0176-0.0221 MRR: 0.0108-0.0122-0.0135-0.0142
------------------------------------------------------
ood testing
[Valid]: Precision: 0.0024-0.002-0.0014-0.0011 Recall: 0.0213-0.035-0.0608-0.0916 NDCG: 0.0105-0.0141-0.0193-0.0244 MRR: 0.008-0.0091-0.01-0.0105
[Test]: Precision: 0.0025-0.002-0.0014-0.001 Recall: 0.0219-0.0362-0.0631-0.0909 NDCG: 0.0109-0.0145-0.02-0.0246 MRR: 0.0083-0.0093-0.0102-0.0107
------------------------------------------------------
------------------------------------------------------
Runing Epoch 972 valid loss 328.1128 costs 00: 00: 13
[Valid]: Precision: 0.0032-0.0028-0.002-0.0015 Recall: 0.0152-0.0283-0.0458-0.0666 NDCG: 0.0094-0.013-0.0171-0.0211 MRR: 0.0112-0.0128-0.0139-0.0144
[Test]: Precision: 0.0031-0.0026-0.002-0.0015 Recall: 0.0158-0.0265-0.0491-0.0725 NDCG: 0.0094-0.0125-0.0176-0.0222 MRR: 0.0108-0.0122-0.0135-0.0142
------------------------------------------------------
ood testing
[Valid]: Precision: 0.0024-0.002-0.0014-0.0011 Recall: 0.0213-0.035-0.0608-0.0914 NDCG: 0.0105-0.0141-0.0193-0.0244 MRR: 0.008-0.0091-0.01-0.0105
[Test]: Precision: 0.0025-0.002-0.0014-0.001 Recall: 0.0219-0.0362-0.0631-0.0907 NDCG: 0.0109-0.0145-0.0199-0.0245 MRR: 0.0083-0.0093-0.0102-0.0107
------------------------------------------------------
------------------------------------------------------
Runing Epoch 973 valid loss 328.1154 costs 00: 00: 13
[Valid]: Precision: 0.0032-0.0028-0.002-0.0015 Recall: 0.0152-0.0283-0.0459-0.0667 NDCG: 0.0094-0.013-0.0171-0.0211 MRR: 0.0112-0.0128-0.0139-0.0144
[Test]: Precision: 0.0031-0.0026-0.002-0.0015 Recall: 0.0158-0.0265-0.0488-0.0725 NDCG: 0.0094-0.0125-0.0175-0.0222 MRR: 0.0108-0.0122-0.0135-0.0142
------------------------------------------------------
ood testing
[Valid]: Precision: 0.0024-0.002-0.0014-0.0011 Recall: 0.0213-0.035-0.0606-0.0914 NDCG: 0.0105-0.0141-0.0192-0.0244 MRR: 0.008-0.0091-0.01-0.0105
[Test]: Precision: 0.0025-0.002-0.0014-0.001 Recall: 0.0219-0.0362-0.0631-0.0907 NDCG: 0.0109-0.0145-0.02-0.0245 MRR: 0.0083-0.0093-0.0102-0.0107
------------------------------------------------------
------------------------------------------------------
Runing Epoch 974 valid loss 328.1142 costs 00: 00: 12
[Valid]: Precision: 0.0032-0.0028-0.002-0.0015 Recall: 0.0152-0.0283-0.0459-0.0665 NDCG: 0.0094-0.013-0.0171-0.0211 MRR: 0.0112-0.0128-0.0139-0.0144
[Test]: Precision: 0.0031-0.0026-0.002-0.0015 Recall: 0.0158-0.0265-0.0488-0.0724 NDCG: 0.0094-0.0125-0.0176-0.0221 MRR: 0.0108-0.0122-0.0135-0.0142
------------------------------------------------------
ood testing
[Valid]: Precision: 0.0024-0.002-0.0014-0.0011 Recall: 0.0213-0.035-0.0606-0.0914 NDCG: 0.0105-0.0141-0.0192-0.0244 MRR: 0.008-0.0091-0.01-0.0105
[Test]: Precision: 0.0025-0.002-0.0014-0.001 Recall: 0.0219-0.0362-0.0631-0.0907 NDCG: 0.0109-0.0145-0.02-0.0245 MRR: 0.0083-0.0093-0.0102-0.0107
------------------------------------------------------
------------------------------------------------------
Runing Epoch 975 valid loss 328.1189 costs 00: 00: 13
[Valid]: Precision: 0.0032-0.0028-0.002-0.0015 Recall: 0.0152-0.0283-0.0458-0.0665 NDCG: 0.0094-0.013-0.0171-0.0211 MRR: 0.0113-0.0129-0.014-0.0145
[Test]: Precision: 0.0031-0.0026-0.0019-0.0015 Recall: 0.0158-0.0265-0.0487-0.0724 NDCG: 0.0095-0.0125-0.0176-0.0222 MRR: 0.0109-0.0123-0.0136-0.0143
------------------------------------------------------
ood testing
[Valid]: Precision: 0.0024-0.002-0.0014-0.0011 Recall: 0.0213-0.035-0.0607-0.0914 NDCG: 0.0105-0.014-0.0192-0.0243 MRR: 0.0079-0.009-0.0099-0.0104
[Test]: Precision: 0.0025-0.002-0.0014-0.001 Recall: 0.0219-0.0362-0.063-0.0907 NDCG: 0.0109-0.0145-0.0199-0.0245 MRR: 0.0083-0.0093-0.0102-0.0107
------------------------------------------------------
------------------------------------------------------
Runing Epoch 976 valid loss 328.1094 costs 00: 00: 13
[Valid]: Precision: 0.0032-0.0028-0.002-0.0015 Recall: 0.0152-0.0283-0.046-0.0666 NDCG: 0.0094-0.013-0.0171-0.0211 MRR: 0.0113-0.0129-0.014-0.0145
[Test]: Precision: 0.0031-0.0026-0.002-0.0015 Recall: 0.0158-0.0265-0.049-0.0724 NDCG: 0.0095-0.0125-0.0176-0.0222 MRR: 0.0109-0.0123-0.0136-0.0143
------------------------------------------------------
ood testing
[Valid]: Precision: 0.0024-0.002-0.0014-0.0011 Recall: 0.0213-0.035-0.0608-0.0914 NDCG: 0.0105-0.014-0.0193-0.0244 MRR: 0.0079-0.009-0.0099-0.0104
[Test]: Precision: 0.0025-0.002-0.0014-0.001 Recall: 0.0219-0.0362-0.063-0.091 NDCG: 0.0109-0.0145-0.0199-0.0246 MRR: 0.0083-0.0093-0.0102-0.0107
------------------------------------------------------
------------------------------------------------------
Runing Epoch 977 valid loss 328.1114 costs 00: 17: 15
[Valid]: Precision: 0.0032-0.0028-0.002-0.0015 Recall: 0.0152-0.0283-0.046-0.0665 NDCG: 0.0094-0.013-0.0171-0.0211 MRR: 0.0112-0.0128-0.0139-0.0144
[Test]: Precision: 0.0031-0.0026-0.002-0.0015 Recall: 0.0158-0.0265-0.0491-0.0724 NDCG: 0.0094-0.0125-0.0176-0.0221 MRR: 0.0108-0.0122-0.0135-0.0142
------------------------------------------------------
ood testing
[Valid]: Precision: 0.0024-0.002-0.0014-0.0011 Recall: 0.0213-0.035-0.0608-0.0914 NDCG: 0.0105-0.0141-0.0193-0.0244 MRR: 0.008-0.0091-0.01-0.0105
[Test]: Precision: 0.0025-0.002-0.0014-0.001 Recall: 0.0219-0.0362-0.0633-0.091 NDCG: 0.0109-0.0145-0.02-0.0246 MRR: 0.0083-0.0093-0.0102-0.0107
------------------------------------------------------
------------------------------------------------------
Runing Epoch 978 valid loss 328.1084 costs 00: 00: 12
[Valid]: Precision: 0.0032-0.0028-0.002-0.0015 Recall: 0.0152-0.0283-0.0459-0.0665 NDCG: 0.0094-0.013-0.0171-0.0211 MRR: 0.0112-0.0128-0.0139-0.0144
[Test]: Precision: 0.0031-0.0026-0.002-0.0015 Recall: 0.0158-0.0265-0.049-0.0725 NDCG: 0.0094-0.0125-0.0176-0.0221 MRR: 0.0108-0.0122-0.0135-0.0142
------------------------------------------------------
ood testing
[Valid]: Precision: 0.0024-0.002-0.0014-0.0011 Recall: 0.0213-0.035-0.0606-0.0915 NDCG: 0.0105-0.0141-0.0192-0.0244 MRR: 0.008-0.0091-0.01-0.0105
[Test]: Precision: 0.0025-0.002-0.0014-0.001 Recall: 0.0219-0.0362-0.0631-0.0909 NDCG: 0.0109-0.0145-0.02-0.0246 MRR: 0.0083-0.0093-0.0102-0.0107
------------------------------------------------------
------------------------------------------------------
Runing Epoch 979 valid loss 328.1172 costs 00: 15: 25
[Valid]: Precision: 0.0032-0.0028-0.002-0.0015 Recall: 0.0152-0.0283-0.0459-0.0666 NDCG: 0.0094-0.013-0.0171-0.0211 MRR: 0.0112-0.0128-0.0139-0.0144
[Test]: Precision: 0.0031-0.0026-0.002-0.0015 Recall: 0.0158-0.0265-0.049-0.0725 NDCG: 0.0094-0.0125-0.0176-0.0221 MRR: 0.0108-0.0122-0.0135-0.0142
------------------------------------------------------
ood testing
[Valid]: Precision: 0.0024-0.002-0.0014-0.0011 Recall: 0.0213-0.035-0.0606-0.0915 NDCG: 0.0105-0.0141-0.0192-0.0244 MRR: 0.008-0.0091-0.01-0.0105
[Test]: Precision: 0.0025-0.002-0.0014-0.001 Recall: 0.0219-0.0362-0.0631-0.0909 NDCG: 0.0109-0.0145-0.02-0.0246 MRR: 0.0083-0.0093-0.0102-0.0107
------------------------------------------------------
------------------------------------------------------
Runing Epoch 980 valid loss 328.1147 costs 00: 00: 12
[Valid]: Precision: 0.0032-0.0028-0.002-0.0015 Recall: 0.0152-0.0283-0.0459-0.0666 NDCG: 0.0094-0.013-0.0171-0.0211 MRR: 0.0112-0.0128-0.0139-0.0144
[Test]: Precision: 0.0031-0.0026-0.002-0.0015 Recall: 0.0158-0.0265-0.049-0.0725 NDCG: 0.0094-0.0125-0.0176-0.0221 MRR: 0.0108-0.0122-0.0135-0.0142
------------------------------------------------------
ood testing
[Valid]: Precision: 0.0024-0.002-0.0014-0.0011 Recall: 0.0213-0.035-0.0606-0.0915 NDCG: 0.0105-0.0141-0.0192-0.0244 MRR: 0.008-0.0091-0.01-0.0105
[Test]: Precision: 0.0025-0.002-0.0014-0.001 Recall: 0.0219-0.0362-0.0632-0.0909 NDCG: 0.0109-0.0145-0.02-0.0246 MRR: 0.0083-0.0093-0.0102-0.0107
------------------------------------------------------
------------------------------------------------------
Runing Epoch 981 valid loss 328.1137 costs 00: 00: 12
[Valid]: Precision: 0.0032-0.0028-0.002-0.0015 Recall: 0.0152-0.0283-0.0458-0.0667 NDCG: 0.0094-0.013-0.0171-0.0211 MRR: 0.0113-0.0129-0.014-0.0145
[Test]: Precision: 0.0031-0.0026-0.002-0.0015 Recall: 0.0158-0.0265-0.0491-0.0723 NDCG: 0.0095-0.0125-0.0177-0.0222 MRR: 0.0109-0.0123-0.0136-0.0143
------------------------------------------------------
ood testing
[Valid]: Precision: 0.0024-0.002-0.0014-0.0011 Recall: 0.0213-0.035-0.0608-0.0915 NDCG: 0.0105-0.014-0.0192-0.0244 MRR: 0.0079-0.009-0.0099-0.0104
[Test]: Precision: 0.0025-0.002-0.0014-0.001 Recall: 0.0219-0.0362-0.0631-0.0908 NDCG: 0.0109-0.0145-0.0199-0.0246 MRR: 0.0083-0.0093-0.0102-0.0107
------------------------------------------------------
------------------------------------------------------
Runing Epoch 982 valid loss 328.1132 costs 00: 00: 13
[Valid]: Precision: 0.0032-0.0028-0.002-0.0015 Recall: 0.0152-0.0283-0.0458-0.0665 NDCG: 0.0094-0.013-0.0171-0.021 MRR: 0.0112-0.0128-0.0139-0.0144
[Test]: Precision: 0.0031-0.0026-0.002-0.0015 Recall: 0.0158-0.0265-0.0493-0.0724 NDCG: 0.0094-0.0125-0.0176-0.0221 MRR: 0.0108-0.0122-0.0135-0.0142
------------------------------------------------------
ood testing
[Valid]: Precision: 0.0024-0.002-0.0014-0.0011 Recall: 0.0213-0.035-0.0608-0.0916 NDCG: 0.0105-0.0141-0.0193-0.0244 MRR: 0.008-0.0091-0.01-0.0105
[Test]: Precision: 0.0025-0.002-0.0014-0.001 Recall: 0.0219-0.0362-0.0632-0.091 NDCG: 0.0109-0.0145-0.02-0.0246 MRR: 0.0083-0.0093-0.0102-0.0107
------------------------------------------------------
------------------------------------------------------
Runing Epoch 983 valid loss 328.1134 costs 00: 00: 12
[Valid]: Precision: 0.0032-0.0028-0.002-0.0015 Recall: 0.0152-0.0283-0.0458-0.0665 NDCG: 0.0094-0.013-0.0171-0.0211 MRR: 0.0113-0.0129-0.014-0.0145
[Test]: Precision: 0.0031-0.0026-0.002-0.0015 Recall: 0.0158-0.0265-0.0489-0.0724 NDCG: 0.0095-0.0125-0.0176-0.0222 MRR: 0.0109-0.0123-0.0136-0.0143
------------------------------------------------------
ood testing
[Valid]: Precision: 0.0024-0.002-0.0014-0.0011 Recall: 0.0213-0.035-0.0607-0.0914 NDCG: 0.0105-0.014-0.0192-0.0244 MRR: 0.0079-0.009-0.0099-0.0104
[Test]: Precision: 0.0025-0.002-0.0014-0.001 Recall: 0.0219-0.0362-0.0631-0.0907 NDCG: 0.0109-0.0145-0.0199-0.0245 MRR: 0.0083-0.0093-0.0102-0.0107
------------------------------------------------------
------------------------------------------------------
Runing Epoch 984 valid loss 328.1186 costs 00: 00: 12
[Valid]: Precision: 0.0032-0.0028-0.002-0.0015 Recall: 0.0152-0.0283-0.0458-0.0667 NDCG: 0.0094-0.013-0.0171-0.0211 MRR: 0.0113-0.0129-0.014-0.0145
[Test]: Precision: 0.0031-0.0026-0.002-0.0015 Recall: 0.0158-0.0265-0.0489-0.0724 NDCG: 0.0095-0.0125-0.0176-0.0222 MRR: 0.0109-0.0123-0.0136-0.0143
------------------------------------------------------
ood testing
[Valid]: Precision: 0.0024-0.002-0.0014-0.0011 Recall: 0.0213-0.035-0.0607-0.0914 NDCG: 0.0105-0.014-0.0192-0.0244 MRR: 0.0079-0.009-0.0099-0.0104
[Test]: Precision: 0.0025-0.002-0.0014-0.001 Recall: 0.0219-0.0362-0.0631-0.0907 NDCG: 0.0109-0.0145-0.0199-0.0245 MRR: 0.0083-0.0093-0.0102-0.0107
------------------------------------------------------
------------------------------------------------------
Runing Epoch 985 valid loss 328.1099 costs 00: 00: 13
[Valid]: Precision: 0.0032-0.0028-0.002-0.0015 Recall: 0.0152-0.0283-0.0458-0.0667 NDCG: 0.0094-0.013-0.0171-0.0211 MRR: 0.0113-0.0129-0.014-0.0145
[Test]: Precision: 0.0031-0.0026-0.002-0.0015 Recall: 0.0158-0.0265-0.0493-0.0723 NDCG: 0.0095-0.0125-0.0177-0.0222 MRR: 0.0109-0.0123-0.0136-0.0143
------------------------------------------------------
ood testing
[Valid]: Precision: 0.0024-0.002-0.0014-0.0011 Recall: 0.0213-0.035-0.0609-0.0915 NDCG: 0.0105-0.014-0.0193-0.0244 MRR: 0.0079-0.009-0.0099-0.0104
[Test]: Precision: 0.0025-0.002-0.0014-0.001 Recall: 0.0219-0.0362-0.0633-0.0909 NDCG: 0.0109-0.0145-0.02-0.0246 MRR: 0.0083-0.0093-0.0102-0.0107
------------------------------------------------------
------------------------------------------------------
Runing Epoch 986 valid loss 328.1120 costs 00: 00: 12
[Valid]: Precision: 0.0032-0.0028-0.002-0.0015 Recall: 0.0152-0.0283-0.0457-0.0665 NDCG: 0.0094-0.013-0.0171-0.0211 MRR: 0.0112-0.0128-0.0139-0.0144
[Test]: Precision: 0.0031-0.0026-0.002-0.0015 Recall: 0.0158-0.0265-0.0493-0.0723 NDCG: 0.0094-0.0125-0.0177-0.0221 MRR: 0.0108-0.0122-0.0135-0.0142
------------------------------------------------------
ood testing
[Valid]: Precision: 0.0024-0.002-0.0014-0.0011 Recall: 0.0213-0.035-0.0608-0.0915 NDCG: 0.0105-0.0141-0.0193-0.0244 MRR: 0.008-0.0091-0.01-0.0105
[Test]: Precision: 0.0025-0.002-0.0014-0.001 Recall: 0.0219-0.0362-0.0632-0.091 NDCG: 0.0109-0.0145-0.02-0.0246 MRR: 0.0083-0.0093-0.0102-0.0107
------------------------------------------------------
------------------------------------------------------
Runing Epoch 987 valid loss 328.1149 costs 00: 15: 58
[Valid]: Precision: 0.0032-0.0028-0.002-0.0015 Recall: 0.0152-0.0283-0.0458-0.0665 NDCG: 0.0094-0.013-0.0171-0.0211 MRR: 0.0112-0.0128-0.0139-0.0144
[Test]: Precision: 0.0031-0.0026-0.002-0.0015 Recall: 0.0158-0.0265-0.0493-0.0724 NDCG: 0.0094-0.0125-0.0176-0.0221 MRR: 0.0108-0.0122-0.0135-0.0142
------------------------------------------------------
ood testing
[Valid]: Precision: 0.0024-0.002-0.0014-0.0011 Recall: 0.0213-0.035-0.0608-0.0915 NDCG: 0.0105-0.0141-0.0193-0.0244 MRR: 0.008-0.0091-0.01-0.0105
[Test]: Precision: 0.0025-0.002-0.0014-0.001 Recall: 0.0219-0.0362-0.0632-0.091 NDCG: 0.0109-0.0145-0.02-0.0246 MRR: 0.0083-0.0093-0.0102-0.0107
------------------------------------------------------
------------------------------------------------------
Runing Epoch 988 valid loss 328.1207 costs 00: 00: 13
[Valid]: Precision: 0.0032-0.0028-0.002-0.0015 Recall: 0.0152-0.0283-0.0458-0.0666 NDCG: 0.0094-0.013-0.0171-0.0211 MRR: 0.0112-0.0128-0.0139-0.0144
[Test]: Precision: 0.0031-0.0026-0.002-0.0015 Recall: 0.0158-0.0265-0.0493-0.0723 NDCG: 0.0094-0.0125-0.0176-0.0221 MRR: 0.0108-0.0122-0.0135-0.0142
------------------------------------------------------
ood testing
[Valid]: Precision: 0.0024-0.002-0.0014-0.0011 Recall: 0.0213-0.035-0.0608-0.0915 NDCG: 0.0105-0.0141-0.0193-0.0244 MRR: 0.008-0.0091-0.01-0.0105
[Test]: Precision: 0.0025-0.002-0.0014-0.001 Recall: 0.0219-0.0362-0.0632-0.0908 NDCG: 0.0109-0.0145-0.02-0.0246 MRR: 0.0083-0.0093-0.0102-0.0107
------------------------------------------------------
------------------------------------------------------
Runing Epoch 989 valid loss 328.1039 costs 00: 16: 35
[Valid]: Precision: 0.0032-0.0028-0.002-0.0015 Recall: 0.0152-0.0283-0.0458-0.0667 NDCG: 0.0094-0.013-0.0171-0.0211 MRR: 0.0112-0.0128-0.0139-0.0144
[Test]: Precision: 0.0031-0.0026-0.002-0.0015 Recall: 0.0158-0.0265-0.049-0.0723 NDCG: 0.0094-0.0125-0.0176-0.0221 MRR: 0.0108-0.0122-0.0135-0.0142
------------------------------------------------------
ood testing
[Valid]: Precision: 0.0024-0.002-0.0014-0.0011 Recall: 0.0213-0.035-0.0605-0.0915 NDCG: 0.0105-0.0141-0.0192-0.0244 MRR: 0.008-0.0091-0.01-0.0105
[Test]: Precision: 0.0025-0.002-0.0014-0.001 Recall: 0.0219-0.0362-0.0631-0.0908 NDCG: 0.0109-0.0145-0.0199-0.0246 MRR: 0.0083-0.0093-0.0102-0.0107
------------------------------------------------------
------------------------------------------------------
Runing Epoch 990 valid loss 328.1071 costs 00: 00: 12
[Valid]: Precision: 0.0032-0.0028-0.002-0.0015 Recall: 0.0152-0.0283-0.0457-0.0665 NDCG: 0.0094-0.013-0.0171-0.0211 MRR: 0.0112-0.0128-0.0139-0.0144
[Test]: Precision: 0.0031-0.0026-0.002-0.0015 Recall: 0.0158-0.0265-0.0493-0.0724 NDCG: 0.0094-0.0125-0.0177-0.0221 MRR: 0.0108-0.0122-0.0135-0.0142
------------------------------------------------------
ood testing
[Valid]: Precision: 0.0024-0.002-0.0014-0.0011 Recall: 0.0213-0.035-0.0607-0.0915 NDCG: 0.0105-0.0141-0.0193-0.0244 MRR: 0.008-0.0091-0.01-0.0105
[Test]: Precision: 0.0025-0.002-0.0014-0.001 Recall: 0.0219-0.0362-0.0631-0.091 NDCG: 0.0109-0.0145-0.0199-0.0246 MRR: 0.0083-0.0093-0.0102-0.0107
------------------------------------------------------
------------------------------------------------------
Runing Epoch 991 valid loss 328.1197 costs 00: 00: 12
[Valid]: Precision: 0.0032-0.0028-0.002-0.0015 Recall: 0.0152-0.0283-0.0458-0.0667 NDCG: 0.0094-0.013-0.0171-0.0211 MRR: 0.0112-0.0128-0.0139-0.0144
[Test]: Precision: 0.0031-0.0026-0.002-0.0015 Recall: 0.0158-0.0265-0.0493-0.0723 NDCG: 0.0094-0.0125-0.0177-0.0221 MRR: 0.0108-0.0122-0.0135-0.0142
------------------------------------------------------
ood testing
[Valid]: Precision: 0.0024-0.002-0.0014-0.0011 Recall: 0.0213-0.035-0.0606-0.0915 NDCG: 0.0105-0.0141-0.0193-0.0244 MRR: 0.008-0.0091-0.01-0.0105
[Test]: Precision: 0.0025-0.002-0.0014-0.001 Recall: 0.0219-0.0362-0.0631-0.0908 NDCG: 0.0109-0.0145-0.0199-0.0246 MRR: 0.0083-0.0093-0.0102-0.0107
------------------------------------------------------
------------------------------------------------------
Runing Epoch 992 valid loss 328.1205 costs 00: 00: 12
[Valid]: Precision: 0.0032-0.0028-0.002-0.0015 Recall: 0.0152-0.0283-0.0457-0.0665 NDCG: 0.0094-0.013-0.0171-0.0211 MRR: 0.0112-0.0128-0.0139-0.0144
[Test]: Precision: 0.0031-0.0026-0.002-0.0015 Recall: 0.0158-0.0265-0.0493-0.0723 NDCG: 0.0094-0.0125-0.0176-0.0221 MRR: 0.0108-0.0122-0.0135-0.0142
------------------------------------------------------
ood testing
[Valid]: Precision: 0.0024-0.002-0.0014-0.0011 Recall: 0.0213-0.035-0.0608-0.0916 NDCG: 0.0105-0.0141-0.0193-0.0244 MRR: 0.008-0.0091-0.01-0.0105
[Test]: Precision: 0.0025-0.002-0.0014-0.001 Recall: 0.0219-0.0362-0.0632-0.0908 NDCG: 0.0109-0.0145-0.02-0.0246 MRR: 0.0083-0.0093-0.0102-0.0107
------------------------------------------------------
------------------------------------------------------
Runing Epoch 993 valid loss 328.1145 costs 00: 00: 12
[Valid]: Precision: 0.0032-0.0028-0.002-0.0015 Recall: 0.0152-0.0283-0.0459-0.0665 NDCG: 0.0094-0.013-0.0171-0.0211 MRR: 0.0112-0.0128-0.0139-0.0144
[Test]: Precision: 0.0031-0.0026-0.002-0.0015 Recall: 0.0158-0.0265-0.0493-0.0723 NDCG: 0.0094-0.0125-0.0176-0.0221 MRR: 0.0108-0.0122-0.0135-0.0142
------------------------------------------------------
ood testing
[Valid]: Precision: 0.0024-0.002-0.0014-0.0011 Recall: 0.0213-0.035-0.0607-0.0916 NDCG: 0.0105-0.0141-0.0193-0.0244 MRR: 0.008-0.0091-0.01-0.0105
[Test]: Precision: 0.0025-0.002-0.0014-0.001 Recall: 0.0219-0.0362-0.0632-0.0908 NDCG: 0.0109-0.0145-0.02-0.0246 MRR: 0.0083-0.0093-0.0102-0.0107
------------------------------------------------------
------------------------------------------------------
Runing Epoch 994 valid loss 328.1057 costs 00: 00: 12
[Valid]: Precision: 0.0032-0.0028-0.002-0.0015 Recall: 0.0152-0.0283-0.0457-0.0665 NDCG: 0.0094-0.013-0.0171-0.0211 MRR: 0.0112-0.0128-0.0139-0.0144
[Test]: Precision: 0.0031-0.0026-0.002-0.0015 Recall: 0.0158-0.0265-0.0493-0.0723 NDCG: 0.0094-0.0125-0.0177-0.0221 MRR: 0.0108-0.0122-0.0135-0.0142
------------------------------------------------------
ood testing
[Valid]: Precision: 0.0024-0.002-0.0014-0.0011 Recall: 0.0213-0.035-0.0608-0.0916 NDCG: 0.0105-0.0141-0.0193-0.0244 MRR: 0.008-0.0091-0.01-0.0105
[Test]: Precision: 0.0025-0.002-0.0014-0.001 Recall: 0.0219-0.0362-0.0632-0.091 NDCG: 0.0109-0.0145-0.02-0.0246 MRR: 0.0083-0.0093-0.0102-0.0107
------------------------------------------------------
------------------------------------------------------
Runing Epoch 995 valid loss 328.1081 costs 00: 00: 12
[Valid]: Precision: 0.0032-0.0028-0.002-0.0015 Recall: 0.0152-0.0283-0.0457-0.0664 NDCG: 0.0094-0.013-0.0171-0.021 MRR: 0.0112-0.0128-0.0139-0.0144
[Test]: Precision: 0.0031-0.0026-0.002-0.0015 Recall: 0.0158-0.0265-0.0493-0.0723 NDCG: 0.0094-0.0125-0.0177-0.0221 MRR: 0.0108-0.0122-0.0135-0.0142
------------------------------------------------------
ood testing
[Valid]: Precision: 0.0024-0.002-0.0014-0.0011 Recall: 0.0213-0.035-0.0608-0.0916 NDCG: 0.0105-0.0141-0.0193-0.0244 MRR: 0.008-0.0091-0.01-0.0105
[Test]: Precision: 0.0025-0.002-0.0014-0.001 Recall: 0.0219-0.0362-0.0632-0.091 NDCG: 0.0109-0.0145-0.02-0.0246 MRR: 0.0083-0.0093-0.0102-0.0107
------------------------------------------------------
------------------------------------------------------
Runing Epoch 996 valid loss 328.1188 costs 00: 00: 12
[Valid]: Precision: 0.0032-0.0028-0.002-0.0015 Recall: 0.0152-0.0283-0.0459-0.0663 NDCG: 0.0094-0.013-0.0171-0.021 MRR: 0.0112-0.0128-0.0139-0.0144
[Test]: Precision: 0.0031-0.0026-0.002-0.0015 Recall: 0.0158-0.0265-0.0493-0.0723 NDCG: 0.0094-0.0125-0.0177-0.0221 MRR: 0.0108-0.0122-0.0135-0.0142
------------------------------------------------------
ood testing
[Valid]: Precision: 0.0024-0.002-0.0014-0.0011 Recall: 0.0213-0.035-0.0607-0.0916 NDCG: 0.0105-0.0141-0.0193-0.0244 MRR: 0.008-0.0091-0.01-0.0105
[Test]: Precision: 0.0025-0.002-0.0014-0.001 Recall: 0.0219-0.0362-0.0632-0.0911 NDCG: 0.0109-0.0145-0.02-0.0246 MRR: 0.0083-0.0093-0.0102-0.0107
------------------------------------------------------
------------------------------------------------------
Runing Epoch 997 valid loss 328.1192 costs 00: 00: 12
[Valid]: Precision: 0.0032-0.0028-0.002-0.0015 Recall: 0.0152-0.0283-0.0459-0.0666 NDCG: 0.0094-0.013-0.0171-0.0211 MRR: 0.0112-0.0128-0.0139-0.0144
[Test]: Precision: 0.0031-0.0026-0.002-0.0015 Recall: 0.0158-0.0265-0.0493-0.0723 NDCG: 0.0094-0.0125-0.0176-0.0221 MRR: 0.0108-0.0122-0.0135-0.0142
------------------------------------------------------
ood testing
[Valid]: Precision: 0.0024-0.002-0.0014-0.0011 Recall: 0.0213-0.035-0.0608-0.0916 NDCG: 0.0105-0.0141-0.0193-0.0244 MRR: 0.008-0.0091-0.01-0.0105
[Test]: Precision: 0.0025-0.002-0.0014-0.001 Recall: 0.0219-0.0362-0.0632-0.091 NDCG: 0.0109-0.0145-0.02-0.0246 MRR: 0.0083-0.0093-0.0102-0.0107
------------------------------------------------------
------------------------------------------------------
Runing Epoch 998 valid loss 328.1089 costs 00: 00: 12
[Valid]: Precision: 0.0032-0.0028-0.002-0.0015 Recall: 0.0152-0.0283-0.0459-0.0665 NDCG: 0.0094-0.013-0.0171-0.0211 MRR: 0.0112-0.0128-0.0139-0.0144
[Test]: Precision: 0.0031-0.0026-0.002-0.0015 Recall: 0.0158-0.0265-0.0492-0.0722 NDCG: 0.0094-0.0125-0.0176-0.0221 MRR: 0.0108-0.0122-0.0135-0.0142
------------------------------------------------------
ood testing
[Valid]: Precision: 0.0024-0.002-0.0014-0.0011 Recall: 0.0213-0.035-0.0607-0.0916 NDCG: 0.0105-0.0141-0.0193-0.0244 MRR: 0.008-0.0091-0.01-0.0105
[Test]: Precision: 0.0025-0.002-0.0014-0.001 Recall: 0.0219-0.0362-0.0629-0.0908 NDCG: 0.0109-0.0145-0.0199-0.0246 MRR: 0.0083-0.0093-0.0102-0.0107
------------------------------------------------------
------------------------------------------------------
Runing Epoch 999 valid loss 328.1087 costs 00: 00: 13
[Valid]: Precision: 0.0032-0.0028-0.002-0.0015 Recall: 0.0152-0.0283-0.0459-0.0667 NDCG: 0.0094-0.013-0.0171-0.0211 MRR: 0.0113-0.0129-0.014-0.0145
[Test]: Precision: 0.0031-0.0026-0.002-0.0015 Recall: 0.0158-0.0265-0.0492-0.0724 NDCG: 0.0095-0.0125-0.0177-0.0222 MRR: 0.0109-0.0123-0.0136-0.0143
------------------------------------------------------
ood testing
[Valid]: Precision: 0.0024-0.002-0.0014-0.0011 Recall: 0.0213-0.035-0.0607-0.0914 NDCG: 0.0105-0.014-0.0192-0.0244 MRR: 0.0079-0.009-0.0099-0.0104
[Test]: Precision: 0.0025-0.002-0.0014-0.001 Recall: 0.0219-0.0362-0.0629-0.0908 NDCG: 0.0109-0.0145-0.0199-0.0246 MRR: 0.0083-0.0093-0.0102-0.0107
------------------------------------------------------
------------------------------------------------------
Runing Epoch 1000 valid loss 328.1123 costs 00: 00: 13
[Valid]: Precision: 0.0032-0.0028-0.002-0.0015 Recall: 0.0152-0.0283-0.0459-0.0665 NDCG: 0.0094-0.013-0.0171-0.0211 MRR: 0.0112-0.0128-0.0139-0.0144
[Test]: Precision: 0.0031-0.0026-0.002-0.0015 Recall: 0.0158-0.0265-0.0493-0.0723 NDCG: 0.0094-0.0125-0.0176-0.0221 MRR: 0.0108-0.0122-0.0135-0.0142
------------------------------------------------------
ood testing
[Valid]: Precision: 0.0024-0.002-0.0014-0.0011 Recall: 0.0213-0.035-0.0608-0.0916 NDCG: 0.0105-0.0141-0.0193-0.0244 MRR: 0.008-0.0091-0.01-0.0105
[Test]: Precision: 0.0025-0.002-0.0014-0.001 Recall: 0.0219-0.0362-0.0632-0.091 NDCG: 0.0109-0.0145-0.02-0.0246 MRR: 0.0083-0.0093-0.0102-0.0107
------------------------------------------------------
======================================================
End. Best Epoch 018 
[Valid]: Precision: 0.0033-0.0029-0.002-0.0015 Recall: 0.0159-0.0283-0.0466-0.0671 NDCG: 0.0098-0.0132-0.0175-0.0214 MRR: 0.0119-0.0134-0.0145-0.0151
[Test]: Precision: 0.0031-0.0026-0.002-0.0015 Recall: 0.016-0.0264-0.0496-0.0725 NDCG: 0.0099-0.0128-0.0181-0.0225 MRR: 0.0112-0.0126-0.0139-0.0145
======================================================
End. ood Performance
[Test]: Precision: 0.0025-0.002-0.0014-0.001 Recall: 0.0215-0.0349-0.0637-0.0906 NDCG: 0.0112-0.0146-0.0205-0.0249 MRR: 0.0088-0.0098-0.0108-0.0112
======================================================
